Computing main repo mapping: 
Computing main repo mapping: 
Computing main repo mapping: 
Computing main repo mapping: 
Computing main repo mapping: 
Computing main repo mapping: 
Computing main repo mapping: 
Computing main repo mapping: 
Computing main repo mapping: 
Computing main repo mapping: 
Computing main repo mapping: 
Computing main repo mapping: 
Computing main repo mapping: 
Computing main repo mapping: 
WARNING: Download from https://go.dev/dl/?mode=json&include=all failed: class javax.net.ssl.SSLHandshakeException Remote host terminated the handshake
Computing main repo mapping: 
Loading: 
Loading: 0 packages loaded
Loading: 163 packages loaded
Loading: 172 packages loaded
Loading: 172 packages loaded
Loading: 172 packages loaded
Loading: 172 packages loaded
Loading: 285 packages loaded
Loading: 285 packages loaded
Loading: 285 packages loaded
Loading: 285 packages loaded
Loading: 285 packages loaded
Loading: 285 packages loaded
Loading: 285 packages loaded
Loading: 285 packages loaded
Loading: 285 packages loaded
Loading: 285 packages loaded
Loading: 285 packages loaded
Loading: 285 packages loaded
Loading: 285 packages loaded
Loading: 285 packages loaded
Loading: 285 packages loaded
Loading: 285 packages loaded
Loading: 285 packages loaded
Loading: 285 packages loaded
Loading: 296 packages loaded
WARNING: /mnt/data/zxj/zxj-github/rules_go/proto/BUILD.bazel:131:20: target '//proto:protoc' is deprecated: No longer used by rules_go, will be removed in a future release.
Analyzing: 1239 targets (335 packages loaded)
Analyzing: 1239 targets (335 packages loaded, 0 targets configured)
Analyzing: 1239 targets (335 packages loaded, 0 targets configured)

Analyzing: 1239 targets (572 packages loaded, 663 targets configured)
[1 / 3] Writing file tests/core/go_binary/many_deps_src.go; 0s local ... (2 actions running)
Analyzing: 1239 targets (584 packages loaded, 26823 targets configured)
[18 / 18] no actions running
Analyzing: 1239 targets (749 packages loaded, 72798 targets configured)
[38 / 38] no actions running
Analyzing: 1239 targets (777 packages loaded, 91473 targets configured)
[38 / 38] no actions running
Analyzing: 1239 targets (872 packages loaded, 117744 targets configured)
[38 / 38] no actions running
Analyzing: 1239 targets (875 packages loaded, 126047 targets configured)
[38 / 38] no actions running
Analyzing: 1239 targets (880 packages loaded, 126048 targets configured)
[38 / 38] no actions running
Analyzing: 1239 targets (913 packages loaded, 127315 targets configured)
[38 / 38] no actions running
Analyzing: 1239 targets (913 packages loaded, 127407 targets configured)
[38 / 38] no actions running
Analyzing: 1239 targets (925 packages loaded, 135426 targets configured)
[130 / 291] [Prepa] GoToolchainBinaryBuild external/_main~go_sdk~go_default_sdk/builder [for tool] ... (7 actions, 2 running)
Analyzing: 1239 targets (925 packages loaded, 138993 targets configured)
[140 / 302] [Prepa] GoToolchainBinaryBuild external/_main~go_sdk~go_default_sdk/builder [for tool] ... (2 actions, 1 running)
Analyzing: 1239 targets (926 packages loaded, 138993 targets configured)
[141 / 302] GoToolchainBinaryBuild external/_main~go_sdk~go_default_sdk/builder [for tool]; 0s linux-sandbox
Analyzing: 1239 targets (939 packages loaded, 163218 targets configured)
[151 / 556] GoToolchainBinaryBuild external/_main~go_sdk~go_default_sdk/builder [for tool]; 1s linux-sandbox ... (12 actions, 1 running)
Analyzing: 1239 targets (939 packages loaded, 165686 targets configured)
[152 / 568] GoToolchainBinaryBuild external/_main~go_sdk~go_default_sdk/builder [for tool]; 3s linux-sandbox ... (12 actions, 5 running)
Analyzing: 1239 targets (939 packages loaded, 166602 targets configured)
[158 / 584] GoToolchainBinaryBuild external/_main~go_sdk~go_default_sdk/builder [for tool]; 4s linux-sandbox ... (12 actions, 11 running)
Analyzing: 1239 targets (939 packages loaded, 166613 targets configured)
[172 / 600] GoToolchainBinaryBuild external/_main~go_sdk~go_default_sdk/builder [for tool]; 5s linux-sandbox ... (12 actions running)
Analyzing: 1239 targets (939 packages loaded, 166689 targets configured)
[184 / 621] GoToolchainBinaryBuild external/_main~go_sdk~go_default_sdk/builder [for tool]; 6s linux-sandbox ... (7 actions, 1 running)
Analyzing: 1239 targets (939 packages loaded, 166689 targets configured)
[204 / 653] GoToolchainBinaryBuild external/_main~go_sdk~go_default_sdk/builder [for tool]; 7s linux-sandbox ... (9 actions, 6 running)
Analyzing: 1239 targets (939 packages loaded, 166690 targets configured)
[351 / 1,508] GoToolchainBinaryBuild external/_main~go_sdk~go_default_sdk/builder [for tool]; 8s linux-sandbox ... (8 actions, 4 running)
Analyzing: 1239 targets (939 packages loaded, 166690 targets configured)
[414 / 1,774] GoToolchainBinaryBuild external/_main~go_sdk~go_default_sdk/builder [for tool]; 9s linux-sandbox ... (9 actions, 8 running)
Analyzing: 1239 targets (939 packages loaded, 167083 targets configured)
[502 / 2,161] GoToolchainBinaryBuild external/_main~go_sdk~go_default_sdk/builder [for tool]; 10s linux-sandbox ... (20 actions, 13 running)
Analyzing: 1239 targets (939 packages loaded, 167083 targets configured)
[565 / 2,319] Creating runfiles tree bazel-out/k8-fastbuild/bin/go/tools/builders/stdliblist_test_/stdliblist_test.runfiles; 2s local ... (18 actions, 12 running)
Analyzing: 1239 targets (939 packages loaded, 167083 targets configured)
[592 / 2,388] Creating runfiles tree bazel-out/k8-fastbuild/bin/go/tools/builders/stdliblist_test_/stdliblist_test.runfiles; 3s local ... (18 actions, 13 running)
Analyzing: 1239 targets (939 packages loaded, 167083 targets configured)
[654 / 2,558] Creating runfiles tree bazel-out/k8-fastbuild/bin/go/tools/builders/stdliblist_test_/stdliblist_test.runfiles; 4s local ... (18 actions, 9 running)
Analyzing: 1239 targets (939 packages loaded, 167083 targets configured)
[689 / 2,644] Creating runfiles tree bazel-out/k8-fastbuild/bin/go/tools/builders/stdliblist_test_/stdliblist_test.runfiles; 5s local ... (18 actions, 12 running)
Analyzing: 1239 targets (939 packages loaded, 168847 targets configured)
[725 / 2,992] Creating runfiles tree bazel-out/k8-fastbuild/bin/go/tools/builders/stdliblist_test_/stdliblist_test.runfiles; 7s local ... (19 actions, 13 running)
Analyzing: 1239 targets (939 packages loaded, 168847 targets configured)
[762 / 3,092] Creating runfiles tree bazel-out/k8-fastbuild/bin/go/tools/builders/stdliblist_test_/stdliblist_test.runfiles; 8s local ... (19 actions, 11 running)
Analyzing: 1239 targets (939 packages loaded, 168847 targets configured)
[796 / 3,151] Creating runfiles tree bazel-out/k8-fastbuild/bin/go/tools/builders/stdliblist_test_/stdliblist_test.runfiles; 9s local ... (20 actions, 16 running)
Analyzing: 1239 targets (939 packages loaded, 168847 targets configured)
[930 / 3,362] Creating runfiles tree bazel-out/k8-fastbuild/bin/go/tools/builders/stdliblist_test_/stdliblist_test.runfiles; 10s local ... (20 actions, 16 running)
Analyzing: 1239 targets (939 packages loaded, 168847 targets configured)
[988 / 3,599] Creating runfiles tree bazel-out/k8-fastbuild/bin/go/tools/builders/stdliblist_test_/stdliblist_test.runfiles; 11s local ... (20 actions, 15 running)
Analyzing: 1239 targets (939 packages loaded, 168847 targets configured)
[1,078 / 3,992] Creating runfiles tree bazel-out/k8-fastbuild/bin/go/tools/builders/stdliblist_test_/stdliblist_test.runfiles; 12s local ... (20 actions, 15 running)
Analyzing: 1239 targets (939 packages loaded, 168847 targets configured)
[1,145 / 4,112] Creating runfiles tree bazel-out/k8-fastbuild/bin/go/tools/builders/stdliblist_test_/stdliblist_test.runfiles; 13s local ... (20 actions, 18 running)
Analyzing: 1239 targets (939 packages loaded, 168847 targets configured)
[1,155 / 4,167] Creating runfiles tree bazel-out/k8-fastbuild/bin/go/tools/builders/stdliblist_test_/stdliblist_test.runfiles; 14s local ... (20 actions, 16 running)
Analyzing: 1239 targets (939 packages loaded, 168847 targets configured)
[1,186 / 4,341] Creating runfiles tree bazel-out/k8-fastbuild/bin/go/tools/builders/stdliblist_test_/stdliblist_test.runfiles; 15s local ... (20 actions, 16 running)
Analyzing: 1239 targets (939 packages loaded, 168847 targets configured)
[1,204 / 4,392] Creating runfiles tree bazel-out/k8-fastbuild/bin/go/tools/builders/stdliblist_test_/stdliblist_test.runfiles; 16s local ... (20 actions, 17 running)
Analyzing: 1239 targets (939 packages loaded, 168847 targets configured)
[1,221 / 4,507] Creating runfiles tree bazel-out/k8-fastbuild/bin/go/tools/builders/stdliblist_test_/stdliblist_test.runfiles; 17s local ... (20 actions, 15 running)
Analyzing: 1239 targets (939 packages loaded, 168847 targets configured)
[1,228 / 4,520] Creating runfiles tree bazel-out/k8-fastbuild/bin/go/tools/builders/stdliblist_test_/stdliblist_test.runfiles; 18s local ... (20 actions, 16 running)
Analyzing: 1239 targets (939 packages loaded, 168847 targets configured)
[1,233 / 4,526] Creating runfiles tree bazel-out/k8-fastbuild/bin/go/tools/builders/stdliblist_test_/stdliblist_test.runfiles; 20s local ... (20 actions, 16 running)
Analyzing: 1239 targets (939 packages loaded, 168847 targets configured)
[1,258 / 4,591] Creating runfiles tree bazel-out/k8-fastbuild/bin/go/tools/builders/stdliblist_test_/stdliblist_test.runfiles; 21s local ... (20 actions, 17 running)
Analyzing: 1239 targets (939 packages loaded, 168847 targets configured)
[1,274 / 4,646] Creating runfiles tree bazel-out/k8-fastbuild/bin/go/tools/builders/stdliblist_test_/stdliblist_test.runfiles; 22s local ... (20 actions, 17 running)
Analyzing: 1239 targets (939 packages loaded, 168847 targets configured)
[1,281 / 4,722] Creating runfiles tree bazel-out/k8-fastbuild/bin/go/tools/builders/stdliblist_test_/stdliblist_test.runfiles; 24s local ... (20 actions, 17 running)
Analyzing: 1239 targets (939 packages loaded, 168847 targets configured)
[1,297 / 4,735] Creating runfiles tree bazel-out/k8-fastbuild/bin/go/tools/builders/stdliblist_test_/stdliblist_test.runfiles; 25s local ... (20 actions, 17 running)
Analyzing: 1239 targets (939 packages loaded, 168847 targets configured)
[1,300 / 4,747] Creating runfiles tree bazel-out/k8-fastbuild/bin/go/tools/builders/stdliblist_test_/stdliblist_test.runfiles; 26s local ... (20 actions, 17 running)
Analyzing: 1239 targets (939 packages loaded, 168847 targets configured)
[1,308 / 4,750] Creating runfiles tree bazel-out/k8-fastbuild/bin/go/tools/builders/stdliblist_test_/stdliblist_test.runfiles; 27s local ... (20 actions, 17 running)
Analyzing: 1239 targets (939 packages loaded, 168847 targets configured)
[1,310 / 4,750] Creating runfiles tree bazel-out/k8-fastbuild/bin/go/tools/builders/stdliblist_test_/stdliblist_test.runfiles; 29s local ... (20 actions, 17 running)
Analyzing: 1239 targets (939 packages loaded, 168847 targets configured)
[1,313 / 4,808] Creating runfiles tree bazel-out/k8-fastbuild/bin/go/tools/builders/stdliblist_test_/stdliblist_test.runfiles; 30s local ... (20 actions, 17 running)
Analyzing: 1239 targets (939 packages loaded, 168847 targets configured)
[1,321 / 4,809] Creating runfiles tree bazel-out/k8-fastbuild/bin/go/tools/builders/stdliblist_test_/stdliblist_test.runfiles; 31s local ... (20 actions, 18 running)
Analyzing: 1239 targets (939 packages loaded, 168847 targets configured)
[1,325 / 4,826] Creating runfiles tree bazel-out/k8-fastbuild/bin/go/tools/builders/stdliblist_test_/stdliblist_test.runfiles; 32s local ... (20 actions, 18 running)
Analyzing: 1239 targets (939 packages loaded, 168847 targets configured)
[1,328 / 4,833] Creating runfiles tree bazel-out/k8-fastbuild/bin/go/tools/builders/stdliblist_test_/stdliblist_test.runfiles; 33s local ... (20 actions, 17 running)
Analyzing: 1239 targets (939 packages loaded, 168847 targets configured)
[1,334 / 4,841] Creating runfiles tree bazel-out/k8-fastbuild/bin/go/tools/builders/stdliblist_test_/stdliblist_test.runfiles; 34s local ... (20 actions, 18 running)
Analyzing: 1239 targets (939 packages loaded, 168847 targets configured)
[1,337 / 4,843] Creating runfiles tree bazel-out/k8-fastbuild/bin/go/tools/builders/stdliblist_test_/stdliblist_test.runfiles; 35s local ... (20 actions, 19 running)
Analyzing: 1239 targets (939 packages loaded, 168847 targets configured)
[1,343 / 4,857] Creating runfiles tree bazel-out/k8-fastbuild/bin/go/tools/builders/stdliblist_test_/stdliblist_test.runfiles; 37s local ... (19 actions, 18 running)
Analyzing: 1239 targets (939 packages loaded, 168847 targets configured)
[1,343 / 4,857] Creating runfiles tree bazel-out/k8-fastbuild/bin/go/tools/builders/stdliblist_test_/stdliblist_test.runfiles; 39s local ... (20 actions, 18 running)
Analyzing: 1239 targets (939 packages loaded, 168847 targets configured)
[1,345 / 4,857] Creating runfiles tree bazel-out/k8-fastbuild/bin/go/tools/builders/stdliblist_test_/stdliblist_test.runfiles; 40s local ... (19 actions, 18 running)
Analyzing: 1239 targets (939 packages loaded, 168847 targets configured)
[1,345 / 4,857] Creating runfiles tree bazel-out/k8-fastbuild/bin/go/tools/builders/stdliblist_test_/stdliblist_test.runfiles; 41s local ... (20 actions, 18 running)
Analyzing: 1239 targets (939 packages loaded, 168847 targets configured)
[1,346 / 4,857] Creating runfiles tree bazel-out/k8-fastbuild/bin/go/tools/builders/stdliblist_test_/stdliblist_test.runfiles; 43s local ... (20 actions, 18 running)
Analyzing: 1239 targets (939 packages loaded, 168847 targets configured)
[1,347 / 4,857] Creating runfiles tree bazel-out/k8-fastbuild/bin/go/tools/builders/stdliblist_test_/stdliblist_test.runfiles; 44s local ... (19 actions, 18 running)
Analyzing: 1239 targets (939 packages loaded, 168847 targets configured)
[1,353 / 4,867] Creating runfiles tree bazel-out/k8-fastbuild/bin/go/tools/builders/stdliblist_test_/stdliblist_test.runfiles; 46s local ... (20 actions, 18 running)
Analyzing: 1239 targets (939 packages loaded, 168847 targets configured)
[1,360 / 4,868] Creating runfiles tree bazel-out/k8-fastbuild/bin/go/tools/builders/stdliblist_test_/stdliblist_test.runfiles; 47s local ... (20 actions, 18 running)
Analyzing: 1239 targets (939 packages loaded, 168847 targets configured)
[1,366 / 4,872] Creating runfiles tree bazel-out/k8-fastbuild/bin/go/tools/builders/stdliblist_test_/stdliblist_test.runfiles; 48s local ... (19 actions, 18 running)
Analyzing: 1239 targets (939 packages loaded, 168847 targets configured)
[1,369 / 4,882] Creating runfiles tree bazel-out/k8-fastbuild/bin/go/tools/builders/stdliblist_test_/stdliblist_test.runfiles; 49s local ... (19 actions, 18 running)
Analyzing: 1239 targets (939 packages loaded, 168847 targets configured)
[1,369 / 4,882] Creating runfiles tree bazel-out/k8-fastbuild/bin/go/tools/builders/stdliblist_test_/stdliblist_test.runfiles; 50s local ... (20 actions, 18 running)
Analyzing: 1239 targets (939 packages loaded, 168847 targets configured)
[1,375 / 4,890] Creating runfiles tree bazel-out/k8-fastbuild/bin/go/tools/builders/stdliblist_test_/stdliblist_test.runfiles; 52s local ... (18 actions, 17 running)
Analyzing: 1239 targets (940 packages loaded, 168968 targets configured)
[1,381 / 4,898] Creating runfiles tree bazel-out/k8-fastbuild/bin/go/tools/builders/stdliblist_test_/stdliblist_test.runfiles; 53s local ... (20 actions, 18 running)
Analyzing: 1239 targets (940 packages loaded, 168968 targets configured)
[1,386 / 4,905] Creating runfiles tree bazel-out/k8-fastbuild/bin/go/tools/builders/stdliblist_test_/stdliblist_test.runfiles; 54s local ... (19 actions, 18 running)
Analyzing: 1239 targets (940 packages loaded, 168968 targets configured)
[1,387 / 4,911] Creating runfiles tree bazel-out/k8-fastbuild/bin/go/tools/builders/stdliblist_test_/stdliblist_test.runfiles; 55s local ... (18 actions, 17 running)
Analyzing: 1239 targets (940 packages loaded, 168968 targets configured)
[1,388 / 4,911] Creating runfiles tree bazel-out/k8-fastbuild/bin/go/tools/builders/stdliblist_test_/stdliblist_test.runfiles; 56s local ... (20 actions, 17 running)
Analyzing: 1239 targets (940 packages loaded, 168968 targets configured)
[1,389 / 4,911] Creating runfiles tree bazel-out/k8-fastbuild/bin/go/tools/builders/stdliblist_test_/stdliblist_test.runfiles; 58s local ... (20 actions, 17 running)
Analyzing: 1239 targets (940 packages loaded, 168968 targets configured)
[1,394 / 4,920] Creating runfiles tree bazel-out/k8-fastbuild/bin/go/tools/builders/stdliblist_test_/stdliblist_test.runfiles; 59s local ... (19 actions, 18 running)
Analyzing: 1239 targets (940 packages loaded, 168968 targets configured)
[1,400 / 4,937] Creating runfiles tree bazel-out/k8-fastbuild/bin/go/tools/builders/stdliblist_test_/stdliblist_test.runfiles; 60s local ... (19 actions, 18 running)
Analyzing: 1239 targets (940 packages loaded, 168968 targets configured)
[1,409 / 4,941] Creating runfiles tree bazel-out/k8-fastbuild/bin/go/tools/builders/stdliblist_test_/stdliblist_test.runfiles; 61s local ... (19 actions, 17 running)
Analyzing: 1239 targets (940 packages loaded, 168968 targets configured)
[1,412 / 4,947] Creating runfiles tree bazel-out/k8-fastbuild/bin/go/tools/builders/stdliblist_test_/stdliblist_test.runfiles; 62s local ... (19 actions, 18 running)
Analyzing: 1239 targets (940 packages loaded, 168968 targets configured)
[1,415 / 4,947] Creating runfiles tree bazel-out/k8-fastbuild/bin/go/tools/builders/stdliblist_test_/stdliblist_test.runfiles; 63s local ... (18 actions, 17 running)
Analyzing: 1239 targets (940 packages loaded, 168968 targets configured)
[1,415 / 4,947] Creating runfiles tree bazel-out/k8-fastbuild/bin/go/tools/builders/stdliblist_test_/stdliblist_test.runfiles; 65s local ... (19 actions, 17 running)
Analyzing: 1239 targets (940 packages loaded, 168968 targets configured)
[1,423 / 4,947] Creating runfiles tree bazel-out/k8-fastbuild/bin/go/tools/builders/stdliblist_test_/stdliblist_test.runfiles; 66s local ... (19 actions, 17 running)
Analyzing: 1239 targets (940 packages loaded, 168968 targets configured)
[1,425 / 4,947] Creating runfiles tree bazel-out/k8-fastbuild/bin/go/tools/builders/stdliblist_test_/stdliblist_test.runfiles; 67s local ... (18 actions, 17 running)
Analyzing: 1239 targets (940 packages loaded, 168968 targets configured)
[1,425 / 4,947] Creating runfiles tree bazel-out/k8-fastbuild/bin/go/tools/builders/stdliblist_test_/stdliblist_test.runfiles; 69s local ... (19 actions, 17 running)
Analyzing: 1239 targets (940 packages loaded, 168968 targets configured)
[1,428 / 4,947] Creating runfiles tree bazel-out/k8-fastbuild/bin/go/tools/builders/stdliblist_test_/stdliblist_test.runfiles; 70s local ... (19 actions, 17 running)
Analyzing: 1239 targets (940 packages loaded, 168968 targets configured)
[1,433 / 4,947] Creating runfiles tree bazel-out/k8-fastbuild/bin/go/tools/builders/stdliblist_test_/stdliblist_test.runfiles; 71s local ... (19 actions, 17 running)
Analyzing: 1239 targets (940 packages loaded, 168968 targets configured)
[1,433 / 4,947] Creating runfiles tree bazel-out/k8-fastbuild/bin/go/tools/builders/stdliblist_test_/stdliblist_test.runfiles; 72s local ... (19 actions, 17 running)
Analyzing: 1239 targets (940 packages loaded, 168968 targets configured)
[1,437 / 4,966] Creating runfiles tree bazel-out/k8-fastbuild/bin/go/tools/builders/stdliblist_test_/stdliblist_test.runfiles; 74s local ... (20 actions, 17 running)
Analyzing: 1239 targets (940 packages loaded, 168968 targets configured)
[1,452 / 4,976] Creating runfiles tree bazel-out/k8-fastbuild/bin/go/tools/builders/stdliblist_test_/stdliblist_test.runfiles; 75s local ... (20 actions, 19 running)
Analyzing: 1239 targets (940 packages loaded, 168968 targets configured)
[1,455 / 4,982] Creating runfiles tree bazel-out/k8-fastbuild/bin/go/tools/builders/stdliblist_test_/stdliblist_test.runfiles; 76s local ... (20 actions, 18 running)
Analyzing: 1239 targets (940 packages loaded, 168968 targets configured)
[1,458 / 4,989] Creating runfiles tree bazel-out/k8-fastbuild/bin/go/tools/builders/stdliblist_test_/stdliblist_test.runfiles; 77s local ... (20 actions, 18 running)
Analyzing: 1239 targets (940 packages loaded, 168968 targets configured)
[1,460 / 4,990] Creating runfiles tree bazel-out/k8-fastbuild/bin/go/tools/builders/stdliblist_test_/stdliblist_test.runfiles; 78s local ... (20 actions, 18 running)
Analyzing: 1239 targets (940 packages loaded, 168968 targets configured)
[1,460 / 4,990] Creating runfiles tree bazel-out/k8-fastbuild/bin/go/tools/builders/stdliblist_test_/stdliblist_test.runfiles; 82s local ... (20 actions, 18 running)
Analyzing: 1239 targets (940 packages loaded, 168968 targets configured)
[1,463 / 4,997] Creating runfiles tree bazel-out/k8-fastbuild/bin/go/tools/builders/stdliblist_test_/stdliblist_test.runfiles; 83s local ... (20 actions, 18 running)
Analyzing: 1239 targets (941 packages loaded, 169091 targets configured)
[1,463 / 4,997] Creating runfiles tree bazel-out/k8-fastbuild/bin/go/tools/builders/stdliblist_test_/stdliblist_test.runfiles; 84s local ... (20 actions, 18 running)
Analyzing: 1239 targets (941 packages loaded, 169091 targets configured)
[1,469 / 5,018] Creating runfiles tree bazel-out/k8-fastbuild/bin/go/tools/builders/stdliblist_test_/stdliblist_test.runfiles; 85s local ... (20 actions, 17 running)
Analyzing: 1239 targets (941 packages loaded, 169091 targets configured)
[1,469 / 5,018] Creating runfiles tree bazel-out/k8-fastbuild/bin/go/tools/builders/stdliblist_test_/stdliblist_test.runfiles; 87s local ... (20 actions, 18 running)
Analyzing: 1239 targets (941 packages loaded, 169091 targets configured)
[1,470 / 5,025] Creating runfiles tree bazel-out/k8-fastbuild/bin/go/tools/builders/stdliblist_test_/stdliblist_test.runfiles; 90s local ... (20 actions, 17 running)
Analyzing: 1239 targets (941 packages loaded, 169091 targets configured)
[1,472 / 5,026] Creating runfiles tree bazel-out/k8-fastbuild/bin/go/tools/builders/stdliblist_test_/stdliblist_test.runfiles; 91s local ... (20 actions, 18 running)
Analyzing: 1239 targets (941 packages loaded, 169120 targets configured)
[1,477 / 5,039] Creating runfiles tree bazel-out/k8-fastbuild/bin/go/tools/builders/stdliblist_test_/stdliblist_test.runfiles; 92s local ... (20 actions, 18 running)
INFO: Analyzed 1239 targets (941 packages loaded, 169120 targets configured).
[1,477 / 5,039] Creating runfiles tree bazel-out/k8-fastbuild/bin/go/tools/builders/stdliblist_test_/stdliblist_test.runfiles; 94s local ... (20 actions, 18 running)
[1,477 / 5,040] Creating runfiles tree bazel-out/k8-fastbuild/bin/go/tools/builders/stdliblist_test_/stdliblist_test.runfiles; 102s local ... (20 actions, 18 running)
[1,477 / 5,040] Creating runfiles tree bazel-out/k8-fastbuild/bin/go/tools/builders/stdliblist_test_/stdliblist_test.runfiles; 103s local ... (20 actions, 19 running)
[1,477 / 5,040] Creating runfiles tree bazel-out/k8-fastbuild/bin/go/tools/builders/stdliblist_test_/stdliblist_test.runfiles; 133s local ... (20 actions, 19 running)
[1,477 / 5,040] Creating runfiles tree bazel-out/k8-fastbuild/bin/go/tools/builders/stdliblist_test_/stdliblist_test.runfiles; 143s local ... (20 actions, 19 running)
[1,477 / 5,041] Creating runfiles tree bazel-out/k8-fastbuild/bin/go/tools/builders/stdliblist_test_/stdliblist_test.runfiles; 145s local ... (20 actions running)
[1,477 / 5,041] Creating runfiles tree bazel-out/k8-fastbuild/bin/go/tools/builders/stdliblist_test_/stdliblist_test.runfiles; 193s local ... (20 actions running)
[1,477 / 5,041] Creating runfiles tree bazel-out/k8-fastbuild/bin/go/tools/builders/stdliblist_test_/stdliblist_test.runfiles; 253s local ... (20 actions running)
[1,477 / 5,041] Creating runfiles tree bazel-out/k8-fastbuild/bin/go/tools/builders/stdliblist_test_/stdliblist_test.runfiles; 313s local ... (20 actions running)
[1,477 / 5,041] Creating runfiles tree bazel-out/k8-fastbuild/bin/go/tools/builders/stdliblist_test_/stdliblist_test.runfiles; 373s local ... (20 actions running)
[1,477 / 5,041] Creating runfiles tree bazel-out/k8-fastbuild/bin/go/tools/builders/stdliblist_test_/stdliblist_test.runfiles; 433s local ... (20 actions running)
[1,477 / 5,041] Creating runfiles tree bazel-out/k8-fastbuild/bin/go/tools/builders/stdliblist_test_/stdliblist_test.runfiles; 493s local ... (20 actions running)
[1,477 / 5,041] Creating runfiles tree bazel-out/k8-fastbuild/bin/go/tools/builders/stdliblist_test_/stdliblist_test.runfiles; 553s local ... (20 actions running)
[1,479 / 5,042] Creating runfiles tree bazel-out/k8-fastbuild/bin/go/tools/builders/stdliblist_test_/stdliblist_test.runfiles; 596s local ... (19 actions, 18 running)
[1,480 / 5,051] Creating runfiles tree bazel-out/k8-fastbuild/bin/go/tools/builders/stdliblist_test_/stdliblist_test.runfiles; 597s local ... (20 actions running)
[1,482 / 5,051] Creating runfiles tree bazel-out/k8-fastbuild/bin/go/tools/builders/stdliblist_test_/stdliblist_test.runfiles; 599s local ... (20 actions, 19 running)
[1,485 / 5,051] Creating runfiles tree bazel-out/k8-fastbuild/bin/go/tools/builders/stdliblist_test_/stdliblist_test.runfiles; 600s local ... (20 actions, 19 running)
[1,491 / 5,062] Creating runfiles tree bazel-out/k8-fastbuild/bin/go/tools/builders/stdliblist_test_/stdliblist_test.runfiles; 601s local ... (20 actions running)
[1,495 / 5,063] Creating runfiles tree bazel-out/k8-fastbuild/bin/go/tools/builders/stdliblist_test_/stdliblist_test.runfiles; 602s local ... (20 actions, 19 running)
[1,499 / 5,070] Creating runfiles tree bazel-out/k8-fastbuild/bin/go/tools/builders/stdliblist_test_/stdliblist_test.runfiles; 603s local ... (20 actions, 19 running)
[1,500 / 5,070] Creating runfiles tree bazel-out/k8-fastbuild/bin/go/tools/builders/stdliblist_test_/stdliblist_test.runfiles; 604s local ... (20 actions, 19 running)
[1,502 / 5,072] Creating runfiles tree bazel-out/k8-fastbuild/bin/go/tools/builders/stdliblist_test_/stdliblist_test.runfiles; 606s local ... (20 actions, 19 running)
[1,504 / 5,075] Creating runfiles tree bazel-out/k8-fastbuild/bin/go/tools/builders/stdliblist_test_/stdliblist_test.runfiles; 607s local ... (20 actions, 18 running)
[1,504 / 5,075] Creating runfiles tree bazel-out/k8-fastbuild/bin/go/tools/builders/stdliblist_test_/stdliblist_test.runfiles; 609s local ... (20 actions, 19 running)
[1,507 / 5,075] Creating runfiles tree bazel-out/k8-fastbuild/bin/go/tools/builders/stdliblist_test_/stdliblist_test.runfiles; 610s local ... (20 actions, 18 running)
[1,509 / 5,075] Creating runfiles tree bazel-out/k8-fastbuild/bin/go/tools/builders/stdliblist_test_/stdliblist_test.runfiles; 611s local ... (20 actions, 19 running)
[1,510 / 5,075] Creating runfiles tree bazel-out/k8-fastbuild/bin/go/tools/builders/stdliblist_test_/stdliblist_test.runfiles; 612s local ... (20 actions running)
[1,512 / 5,075] Creating runfiles tree bazel-out/k8-fastbuild/bin/go/tools/builders/stdliblist_test_/stdliblist_test.runfiles; 614s local ... (20 actions running)
[1,513 / 5,075] Creating runfiles tree bazel-out/k8-fastbuild/bin/go/tools/builders/stdliblist_test_/stdliblist_test.runfiles; 615s local ... (20 actions, 19 running)
[1,513 / 5,075] Creating runfiles tree bazel-out/k8-fastbuild/bin/go/tools/builders/stdliblist_test_/stdliblist_test.runfiles; 616s local ... (20 actions running)
[1,514 / 5,075] Creating runfiles tree bazel-out/k8-fastbuild/bin/go/tools/builders/stdliblist_test_/stdliblist_test.runfiles; 618s local ... (20 actions running)
[1,515 / 5,075] Creating runfiles tree bazel-out/k8-fastbuild/bin/go/tools/builders/stdliblist_test_/stdliblist_test.runfiles; 620s local ... (20 actions running)
[1,516 / 5,075] Creating runfiles tree bazel-out/k8-fastbuild/bin/go/tools/builders/stdliblist_test_/stdliblist_test.runfiles; 622s local ... (20 actions, 19 running)
[1,516 / 5,075] Creating runfiles tree bazel-out/k8-fastbuild/bin/go/tools/builders/stdliblist_test_/stdliblist_test.runfiles; 623s local ... (20 actions, 19 running)
[1,516 / 5,075] Creating runfiles tree bazel-out/k8-fastbuild/bin/go/tools/builders/stdliblist_test_/stdliblist_test.runfiles; 626s local ... (20 actions, 19 running)
[1,517 / 5,075] Creating runfiles tree bazel-out/k8-fastbuild/bin/go/tools/builders/stdliblist_test_/stdliblist_test.runfiles; 627s local ... (20 actions, 19 running)
[1,518 / 5,075] Creating runfiles tree bazel-out/k8-fastbuild/bin/go/tools/builders/stdliblist_test_/stdliblist_test.runfiles; 628s local ... (20 actions, 19 running)
[1,518 / 5,075] Creating runfiles tree bazel-out/k8-fastbuild/bin/go/tools/builders/stdliblist_test_/stdliblist_test.runfiles; 629s local ... (20 actions running)
[1,519 / 5,075] Creating runfiles tree bazel-out/k8-fastbuild/bin/go/tools/builders/stdliblist_test_/stdliblist_test.runfiles; 632s local ... (20 actions, 19 running)
[1,520 / 5,075] Creating runfiles tree bazel-out/k8-fastbuild/bin/go/tools/builders/stdliblist_test_/stdliblist_test.runfiles; 633s local ... (20 actions running)
[1,521 / 5,075] Creating runfiles tree bazel-out/k8-fastbuild/bin/go/tools/builders/stdliblist_test_/stdliblist_test.runfiles; 635s local ... (20 actions running)
[1,522 / 5,075] Creating runfiles tree bazel-out/k8-fastbuild/bin/go/tools/builders/stdliblist_test_/stdliblist_test.runfiles; 636s local ... (20 actions running)
[1,523 / 5,075] Creating runfiles tree bazel-out/k8-fastbuild/bin/go/tools/builders/stdliblist_test_/stdliblist_test.runfiles; 645s local ... (20 actions, 19 running)
[1,523 / 5,075] Creating runfiles tree bazel-out/k8-fastbuild/bin/go/tools/builders/stdliblist_test_/stdliblist_test.runfiles; 646s local ... (20 actions, 19 running)
[1,524 / 5,075] Creating runfiles tree bazel-out/k8-fastbuild/bin/go/tools/builders/stdliblist_test_/stdliblist_test.runfiles; 648s local ... (20 actions, 19 running)
[1,524 / 5,075] Creating runfiles tree bazel-out/k8-fastbuild/bin/go/tools/builders/stdliblist_test_/stdliblist_test.runfiles; 649s local ... (20 actions, 19 running)
[1,524 / 5,075] Creating runfiles tree bazel-out/k8-fastbuild/bin/go/tools/builders/stdliblist_test_/stdliblist_test.runfiles; 651s local ... (20 actions running)
[1,525 / 5,075] Creating runfiles tree bazel-out/k8-fastbuild/bin/go/tools/builders/stdliblist_test_/stdliblist_test.runfiles; 652s local ... (20 actions, 19 running)
[1,525 / 5,075] Creating runfiles tree bazel-out/k8-fastbuild/bin/go/tools/builders/stdliblist_test_/stdliblist_test.runfiles; 654s local ... (20 actions running)
[1,526 / 5,075] Creating runfiles tree bazel-out/k8-fastbuild/bin/go/tools/builders/stdliblist_test_/stdliblist_test.runfiles; 655s local ... (20 actions, 19 running)
[1,527 / 5,075] Creating runfiles tree bazel-out/k8-fastbuild/bin/go/tools/builders/stdliblist_test_/stdliblist_test.runfiles; 657s local ... (20 actions, 19 running)
[1,528 / 5,075] Creating runfiles tree bazel-out/k8-fastbuild/bin/go/tools/builders/stdliblist_test_/stdliblist_test.runfiles; 658s local ... (20 actions, 19 running)
[1,528 / 5,075] Creating runfiles tree bazel-out/k8-fastbuild/bin/go/tools/builders/stdliblist_test_/stdliblist_test.runfiles; 659s local ... (20 actions, 19 running)
[1,529 / 5,075] Creating runfiles tree bazel-out/k8-fastbuild/bin/go/tools/builders/stdliblist_test_/stdliblist_test.runfiles; 661s local ... (20 actions running)
[1,530 / 5,075] Creating runfiles tree bazel-out/k8-fastbuild/bin/go/tools/builders/stdliblist_test_/stdliblist_test.runfiles; 662s local ... (20 actions, 19 running)
[1,530 / 5,075] Creating runfiles tree bazel-out/k8-fastbuild/bin/go/tools/builders/stdliblist_test_/stdliblist_test.runfiles; 664s local ... (20 actions, 19 running)
[1,531 / 5,075] Creating runfiles tree bazel-out/k8-fastbuild/bin/go/tools/builders/stdliblist_test_/stdliblist_test.runfiles; 666s local ... (20 actions running)
[1,532 / 5,075] Creating runfiles tree bazel-out/k8-fastbuild/bin/go/tools/builders/stdliblist_test_/stdliblist_test.runfiles; 667s local ... (20 actions, 19 running)
[1,537 / 5,075] Creating runfiles tree bazel-out/k8-fastbuild/bin/go/tools/builders/stdliblist_test_/stdliblist_test.runfiles; 668s local ... (20 actions, 19 running)
[1,537 / 5,075] Creating runfiles tree bazel-out/k8-fastbuild/bin/go/tools/builders/stdliblist_test_/stdliblist_test.runfiles; 670s local ... (20 actions running)
[1,537 / 5,075] Creating runfiles tree bazel-out/k8-fastbuild/bin/go/tools/builders/stdliblist_test_/stdliblist_test.runfiles; 678s local ... (20 actions running)
[1,537 / 5,075] Creating runfiles tree bazel-out/k8-fastbuild/bin/go/tools/builders/stdliblist_test_/stdliblist_test.runfiles; 708s local ... (20 actions running)
[1,538 / 5,079] Creating runfiles tree bazel-out/k8-fastbuild/bin/go/tools/builders/stdliblist_test_/stdliblist_test.runfiles; 742s local ... (20 actions, 19 running)
[1,547 / 5,086] Creating runfiles tree bazel-out/k8-fastbuild/bin/go/tools/builders/stdliblist_test_/stdliblist_test.runfiles; 744s local ... (20 actions, 18 running)
[1,547 / 5,086] Creating runfiles tree bazel-out/k8-fastbuild/bin/go/tools/builders/stdliblist_test_/stdliblist_test.runfiles; 745s local ... (20 actions, 19 running)
[1,551 / 5,087] Creating runfiles tree bazel-out/k8-fastbuild/bin/go/tools/builders/stdliblist_test_/stdliblist_test.runfiles; 747s local ... (20 actions, 19 running)
[1,553 / 5,090] Creating runfiles tree bazel-out/k8-fastbuild/bin/go/tools/builders/stdliblist_test_/stdliblist_test.runfiles; 748s local ... (19 actions, 18 running)
[1,553 / 5,090] Creating runfiles tree bazel-out/k8-fastbuild/bin/go/tools/builders/stdliblist_test_/stdliblist_test.runfiles; 753s local ... (20 actions, 18 running)
[1,555 / 5,090] Creating runfiles tree bazel-out/k8-fastbuild/bin/go/tools/builders/stdliblist_test_/stdliblist_test.runfiles; 754s local ... (20 actions, 18 running)
[1,563 / 5,090] Creating runfiles tree bazel-out/k8-fastbuild/bin/go/tools/builders/stdliblist_test_/stdliblist_test.runfiles; 756s local ... (19 actions, 18 running)
[1,563 / 5,090] Creating runfiles tree bazel-out/k8-fastbuild/bin/go/tools/builders/stdliblist_test_/stdliblist_test.runfiles; 757s local ... (20 actions, 18 running)
[1,569 / 5,090] Creating runfiles tree bazel-out/k8-fastbuild/bin/go/tools/builders/stdliblist_test_/stdliblist_test.runfiles; 758s local ... (20 actions, 18 running)
[1,571 / 5,090] Creating runfiles tree bazel-out/k8-fastbuild/bin/go/tools/builders/stdliblist_test_/stdliblist_test.runfiles; 760s local ... (19 actions, 18 running)
[1,573 / 5,090] Creating runfiles tree bazel-out/k8-fastbuild/bin/go/tools/builders/stdliblist_test_/stdliblist_test.runfiles; 761s local ... (19 actions, 18 running)
[1,573 / 5,090] Creating runfiles tree bazel-out/k8-fastbuild/bin/go/tools/builders/stdliblist_test_/stdliblist_test.runfiles; 763s local ... (20 actions, 18 running)
[1,574 / 5,090] Creating runfiles tree bazel-out/k8-fastbuild/bin/go/tools/builders/stdliblist_test_/stdliblist_test.runfiles; 765s local ... (20 actions, 18 running)
[1,575 / 5,090] Creating runfiles tree bazel-out/k8-fastbuild/bin/go/tools/builders/stdliblist_test_/stdliblist_test.runfiles; 766s local ... (19 actions, 18 running)
[1,575 / 5,090] Creating runfiles tree bazel-out/k8-fastbuild/bin/go/tools/builders/stdliblist_test_/stdliblist_test.runfiles; 768s local ... (20 actions, 18 running)
[1,576 / 5,090] Creating runfiles tree bazel-out/k8-fastbuild/bin/go/tools/builders/stdliblist_test_/stdliblist_test.runfiles; 770s local ... (20 actions, 18 running)
[1,579 / 5,090] Creating runfiles tree bazel-out/k8-fastbuild/bin/go/tools/builders/stdliblist_test_/stdliblist_test.runfiles; 772s local ... (19 actions, 18 running)
[1,582 / 5,090] Creating runfiles tree bazel-out/k8-fastbuild/bin/go/tools/builders/stdliblist_test_/stdliblist_test.runfiles; 773s local ... (20 actions, 18 running)
[1,583 / 5,090] Creating runfiles tree bazel-out/k8-fastbuild/bin/go/tools/builders/stdliblist_test_/stdliblist_test.runfiles; 774s local ... (20 actions, 18 running)
[1,585 / 5,090] Creating runfiles tree bazel-out/k8-fastbuild/bin/go/tools/builders/stdliblist_test_/stdliblist_test.runfiles; 776s local ... (19 actions, 18 running)
[1,585 / 5,090] Creating runfiles tree bazel-out/k8-fastbuild/bin/go/tools/builders/stdliblist_test_/stdliblist_test.runfiles; 778s local ... (20 actions, 19 running)
[1,587 / 5,090] Creating runfiles tree bazel-out/k8-fastbuild/bin/go/tools/builders/stdliblist_test_/stdliblist_test.runfiles; 780s local ... (19 actions running)
[1,589 / 5,090] Creating runfiles tree bazel-out/k8-fastbuild/bin/go/tools/builders/stdliblist_test_/stdliblist_test.runfiles; 781s local ... (19 actions running)
[1,589 / 5,090] Creating runfiles tree bazel-out/k8-fastbuild/bin/go/tools/builders/stdliblist_test_/stdliblist_test.runfiles; 783s local ... (20 actions, 19 running)
[1,592 / 5,090] Creating runfiles tree bazel-out/k8-fastbuild/bin/go/tools/builders/stdliblist_test_/stdliblist_test.runfiles; 784s local ... (20 actions, 19 running)
[1,593 / 5,090] Creating runfiles tree bazel-out/k8-fastbuild/bin/go/tools/builders/stdliblist_test_/stdliblist_test.runfiles; 786s local ... (19 actions running)
[1,593 / 5,090] Creating runfiles tree bazel-out/k8-fastbuild/bin/go/tools/builders/stdliblist_test_/stdliblist_test.runfiles; 787s local ... (20 actions, 19 running)
[1,601 / 5,090] Creating runfiles tree bazel-out/k8-fastbuild/bin/go/tools/builders/stdliblist_test_/stdliblist_test.runfiles; 789s local ... (19 actions running)
[1,601 / 5,090] Creating runfiles tree bazel-out/k8-fastbuild/bin/go/tools/builders/stdliblist_test_/stdliblist_test.runfiles; 790s local ... (20 actions, 19 running)
[1,603 / 5,090] Creating runfiles tree bazel-out/k8-fastbuild/bin/go/tools/builders/stdliblist_test_/stdliblist_test.runfiles; 791s local ... (20 actions, 18 running)
[1,605 / 5,090] Creating runfiles tree bazel-out/k8-fastbuild/bin/go/tools/builders/stdliblist_test_/stdliblist_test.runfiles; 793s local ... (19 actions, 18 running)
[1,606 / 5,090] Creating runfiles tree bazel-out/k8-fastbuild/bin/go/tools/builders/stdliblist_test_/stdliblist_test.runfiles; 794s local ... (19 actions, 18 running)
[1,606 / 5,090] Creating runfiles tree bazel-out/k8-fastbuild/bin/go/tools/builders/stdliblist_test_/stdliblist_test.runfiles; 796s local ... (19 actions, 18 running)
[1,608 / 5,090] Creating runfiles tree bazel-out/k8-fastbuild/bin/go/tools/builders/stdliblist_test_/stdliblist_test.runfiles; 798s local ... (19 actions running)
[1,617 / 5,090] Creating runfiles tree bazel-out/k8-fastbuild/bin/go/tools/builders/stdliblist_test_/stdliblist_test.runfiles; 799s local ... (19 actions, 18 running)
[1,621 / 5,090] Creating runfiles tree bazel-out/k8-fastbuild/bin/go/tools/builders/stdliblist_test_/stdliblist_test.runfiles; 801s local ... (19 actions, 18 running)
[1,621 / 5,090] Creating runfiles tree bazel-out/k8-fastbuild/bin/go/tools/builders/stdliblist_test_/stdliblist_test.runfiles; 809s local ... (19 actions, 18 running)
[1,621 / 5,096] Creating runfiles tree bazel-out/k8-fastbuild/bin/go/tools/builders/stdliblist_test_/stdliblist_test.runfiles; 818s local ... (20 actions, 18 running)
[1,623 / 5,097] Creating runfiles tree bazel-out/k8-fastbuild/bin/go/tools/builders/stdliblist_test_/stdliblist_test.runfiles; 820s local ... (20 actions, 19 running)
[1,623 / 5,097] Creating runfiles tree bazel-out/k8-fastbuild/bin/go/tools/builders/stdliblist_test_/stdliblist_test.runfiles; 830s local ... (20 actions, 19 running)
[1,623 / 5,097] Creating runfiles tree bazel-out/k8-fastbuild/bin/go/tools/builders/stdliblist_test_/stdliblist_test.runfiles; 832s local ... (20 actions, 19 running)
[1,623 / 5,097] Creating runfiles tree bazel-out/k8-fastbuild/bin/go/tools/builders/stdliblist_test_/stdliblist_test.runfiles; 834s local ... (20 actions running)
[1,624 / 5,097] Creating runfiles tree bazel-out/k8-fastbuild/bin/go/tools/builders/stdliblist_test_/stdliblist_test.runfiles; 842s local ... (20 actions, 19 running)
[1,624 / 5,099] Creating runfiles tree bazel-out/k8-fastbuild/bin/go/tools/builders/stdliblist_test_/stdliblist_test.runfiles; 853s local ... (20 actions, 19 running)
[1,624 / 5,099] Creating runfiles tree bazel-out/k8-fastbuild/bin/go/tools/builders/stdliblist_test_/stdliblist_test.runfiles; 883s local ... (20 actions, 19 running)
[1,624 / 5,099] Creating runfiles tree bazel-out/k8-fastbuild/bin/go/tools/builders/stdliblist_test_/stdliblist_test.runfiles; 921s local ... (20 actions, 19 running)
[1,624 / 5,099] Creating runfiles tree bazel-out/k8-fastbuild/bin/go/tools/builders/stdliblist_test_/stdliblist_test.runfiles; 923s local ... (20 actions running)
[1,625 / 5,099] Creating runfiles tree bazel-out/k8-fastbuild/bin/go/tools/builders/stdliblist_test_/stdliblist_test.runfiles; 935s local ... (20 actions, 19 running)
[1,629 / 5,100] Creating runfiles tree bazel-out/k8-fastbuild/bin/go/tools/builders/stdliblist_test_/stdliblist_test.runfiles; 936s local ... (20 actions running)
[1,630 / 5,106] Creating runfiles tree bazel-out/k8-fastbuild/bin/go/tools/builders/stdliblist_test_/stdliblist_test.runfiles; 938s local ... (20 actions, 19 running)
[1,630 / 5,106] Creating runfiles tree bazel-out/k8-fastbuild/bin/go/tools/builders/stdliblist_test_/stdliblist_test.runfiles; 939s local ... (20 actions, 19 running)
[1,631 / 5,106] Creating runfiles tree bazel-out/k8-fastbuild/bin/go/tools/builders/stdliblist_test_/stdliblist_test.runfiles; 940s local ... (20 actions, 19 running)
[1,632 / 5,107] Creating runfiles tree bazel-out/k8-fastbuild/bin/go/tools/builders/stdliblist_test_/stdliblist_test.runfiles; 941s local ... (20 actions, 19 running)
[1,635 / 5,107] Creating runfiles tree bazel-out/k8-fastbuild/bin/go/tools/builders/stdliblist_test_/stdliblist_test.runfiles; 942s local ... (20 actions running)
[1,636 / 5,107] Creating runfiles tree bazel-out/k8-fastbuild/bin/go/tools/builders/stdliblist_test_/stdliblist_test.runfiles; 944s local ... (20 actions, 19 running)
[1,637 / 5,111] Creating runfiles tree bazel-out/k8-fastbuild/bin/go/tools/builders/stdliblist_test_/stdliblist_test.runfiles; 946s local ... (20 actions, 19 running)
[1,641 / 5,112] Creating runfiles tree bazel-out/k8-fastbuild/bin/go/tools/builders/stdliblist_test_/stdliblist_test.runfiles; 947s local ... (20 actions, 19 running)
[1,642 / 5,116] Creating runfiles tree bazel-out/k8-fastbuild/bin/go/tools/builders/stdliblist_test_/stdliblist_test.runfiles; 948s local ... (20 actions, 19 running)
[1,642 / 5,118] Creating runfiles tree bazel-out/k8-fastbuild/bin/go/tools/builders/stdliblist_test_/stdliblist_test.runfiles; 950s local ... (20 actions, 19 running)
[1,647 / 5,119] Creating runfiles tree bazel-out/k8-fastbuild/bin/go/tools/builders/stdliblist_test_/stdliblist_test.runfiles; 951s local ... (20 actions running)
[1,653 / 5,126] Creating runfiles tree bazel-out/k8-fastbuild/bin/go/tools/builders/stdliblist_test_/stdliblist_test.runfiles; 953s local ... (20 actions running)
[1,655 / 5,132] Creating runfiles tree bazel-out/k8-fastbuild/bin/go/tools/builders/stdliblist_test_/stdliblist_test.runfiles; 954s local ... (20 actions, 19 running)
[1,656 / 5,133] Creating runfiles tree bazel-out/k8-fastbuild/bin/go/tools/builders/stdliblist_test_/stdliblist_test.runfiles; 955s local ... (20 actions, 19 running)
[1,659 / 5,133] Creating runfiles tree bazel-out/k8-fastbuild/bin/go/tools/builders/stdliblist_test_/stdliblist_test.runfiles; 957s local ... (20 actions running)
[1,660 / 5,133] Creating runfiles tree bazel-out/k8-fastbuild/bin/go/tools/builders/stdliblist_test_/stdliblist_test.runfiles; 959s local ... (20 actions, 19 running)
[1,667 / 5,146] Creating runfiles tree bazel-out/k8-fastbuild/bin/go/tools/builders/stdliblist_test_/stdliblist_test.runfiles; 960s local ... (20 actions running)
[1,671 / 5,147] Creating runfiles tree bazel-out/k8-fastbuild/bin/go/tools/builders/stdliblist_test_/stdliblist_test.runfiles; 961s local ... (20 actions, 19 running)
[1,671 / 5,147] Creating runfiles tree bazel-out/k8-fastbuild/bin/go/tools/builders/stdliblist_test_/stdliblist_test.runfiles; 963s local ... (20 actions running)
[1,672 / 5,153] Creating runfiles tree bazel-out/k8-fastbuild/bin/go/tools/builders/stdliblist_test_/stdliblist_test.runfiles; 964s local ... (20 actions, 19 running)
[1,674 / 5,154] Creating runfiles tree bazel-out/k8-fastbuild/bin/go/tools/builders/stdliblist_test_/stdliblist_test.runfiles; 966s local ... (20 actions, 19 running)
[1,676 / 5,154] Creating runfiles tree bazel-out/k8-fastbuild/bin/go/tools/builders/stdliblist_test_/stdliblist_test.runfiles; 967s local ... (20 actions, 19 running)
[1,676 / 5,154] Creating runfiles tree bazel-out/k8-fastbuild/bin/go/tools/builders/stdliblist_test_/stdliblist_test.runfiles; 968s local ... (20 actions, 19 running)
[1,678 / 5,160] Creating runfiles tree bazel-out/k8-fastbuild/bin/go/tools/builders/stdliblist_test_/stdliblist_test.runfiles; 970s local ... (20 actions running)
[1,679 / 5,160] Creating runfiles tree bazel-out/k8-fastbuild/bin/go/tools/builders/stdliblist_test_/stdliblist_test.runfiles; 971s local ... (20 actions running)
[1,683 / 5,161] Creating runfiles tree bazel-out/k8-fastbuild/bin/go/tools/builders/stdliblist_test_/stdliblist_test.runfiles; 973s local ... (20 actions running)
[1,684 / 5,167] Creating runfiles tree bazel-out/k8-fastbuild/bin/go/tools/builders/stdliblist_test_/stdliblist_test.runfiles; 974s local ... (20 actions, 19 running)
[1,688 / 5,168] Creating runfiles tree bazel-out/k8-fastbuild/bin/go/tools/builders/stdliblist_test_/stdliblist_test.runfiles; 975s local ... (20 actions, 19 running)
[1,689 / 5,168] Creating runfiles tree bazel-out/k8-fastbuild/bin/go/tools/builders/stdliblist_test_/stdliblist_test.runfiles; 977s local ... (20 actions running)
[1,691 / 5,174] Creating runfiles tree bazel-out/k8-fastbuild/bin/go/tools/builders/stdliblist_test_/stdliblist_test.runfiles; 979s local ... (20 actions, 19 running)
[1,691 / 5,174] Creating runfiles tree bazel-out/k8-fastbuild/bin/go/tools/builders/stdliblist_test_/stdliblist_test.runfiles; 980s local ... (20 actions running)
[1,694 / 5,175] Creating runfiles tree bazel-out/k8-fastbuild/bin/go/tools/builders/stdliblist_test_/stdliblist_test.runfiles; 982s local ... (20 actions running)
[1,695 / 5,181] Creating runfiles tree bazel-out/k8-fastbuild/bin/go/tools/builders/stdliblist_test_/stdliblist_test.runfiles; 983s local ... (20 actions, 19 running)
[1,697 / 5,182] Creating runfiles tree bazel-out/k8-fastbuild/bin/go/tools/builders/stdliblist_test_/stdliblist_test.runfiles; 984s local ... (20 actions, 19 running)
[1,699 / 5,182] Creating runfiles tree bazel-out/k8-fastbuild/bin/go/tools/builders/stdliblist_test_/stdliblist_test.runfiles; 986s local ... (20 actions, 19 running)
[1,700 / 5,182] Creating runfiles tree bazel-out/k8-fastbuild/bin/go/tools/builders/stdliblist_test_/stdliblist_test.runfiles; 987s local ... (20 actions running)
[1,701 / 5,182] Creating runfiles tree bazel-out/k8-fastbuild/bin/go/tools/builders/stdliblist_test_/stdliblist_test.runfiles; 988s local ... (20 actions, 19 running)
[1,701 / 5,188] Creating runfiles tree bazel-out/k8-fastbuild/bin/go/tools/builders/stdliblist_test_/stdliblist_test.runfiles; 990s local ... (20 actions running)
[1,702 / 5,188] Creating runfiles tree bazel-out/k8-fastbuild/bin/go/tools/builders/stdliblist_test_/stdliblist_test.runfiles; 991s local ... (20 actions, 19 running)
[1,703 / 5,189] Creating runfiles tree bazel-out/k8-fastbuild/bin/go/tools/builders/stdliblist_test_/stdliblist_test.runfiles; 993s local ... (20 actions, 19 running)
[1,703 / 5,189] Creating runfiles tree bazel-out/k8-fastbuild/bin/go/tools/builders/stdliblist_test_/stdliblist_test.runfiles; 994s local ... (20 actions running)
[1,704 / 5,189] Creating runfiles tree bazel-out/k8-fastbuild/bin/go/tools/builders/stdliblist_test_/stdliblist_test.runfiles; 995s local ... (20 actions, 19 running)
[1,705 / 5,189] Creating runfiles tree bazel-out/k8-fastbuild/bin/go/tools/builders/stdliblist_test_/stdliblist_test.runfiles; 997s local ... (20 actions running)
[1,706 / 5,189] Creating runfiles tree bazel-out/k8-fastbuild/bin/go/tools/builders/stdliblist_test_/stdliblist_test.runfiles; 1001s local ... (20 actions, 19 running)
[1,708 / 5,195] Creating runfiles tree bazel-out/k8-fastbuild/bin/go/tools/builders/stdliblist_test_/stdliblist_test.runfiles; 1003s local ... (20 actions running)
[1,709 / 5,196] Creating runfiles tree bazel-out/k8-fastbuild/bin/go/tools/builders/stdliblist_test_/stdliblist_test.runfiles; 1004s local ... (20 actions, 19 running)
[1,709 / 5,196] Creating runfiles tree bazel-out/k8-fastbuild/bin/go/tools/builders/stdliblist_test_/stdliblist_test.runfiles; 1005s local ... (20 actions, 19 running)
[1,714 / 5,203] Creating runfiles tree bazel-out/k8-fastbuild/bin/go/tools/builders/stdliblist_test_/stdliblist_test.runfiles; 1006s local ... (20 actions, 19 running)
[1,715 / 5,204] Creating runfiles tree bazel-out/k8-fastbuild/bin/go/tools/builders/stdliblist_test_/stdliblist_test.runfiles; 1008s local ... (20 actions, 19 running)
[1,715 / 5,204] Creating runfiles tree bazel-out/k8-fastbuild/bin/go/tools/builders/stdliblist_test_/stdliblist_test.runfiles; 1009s local ... (20 actions running)
[1,715 / 5,204] Creating runfiles tree bazel-out/k8-fastbuild/bin/go/tools/builders/stdliblist_test_/stdliblist_test.runfiles; 1019s local ... (20 actions running)
[1,716 / 5,204] Creating runfiles tree bazel-out/k8-fastbuild/bin/go/tools/builders/stdliblist_test_/stdliblist_test.runfiles; 1020s local ... (20 actions, 19 running)
[1,717 / 5,204] Creating runfiles tree bazel-out/k8-fastbuild/bin/go/tools/builders/stdliblist_test_/stdliblist_test.runfiles; 1021s local ... (20 actions, 19 running)
[1,718 / 5,204] Creating runfiles tree bazel-out/k8-fastbuild/bin/go/tools/builders/stdliblist_test_/stdliblist_test.runfiles; 1022s local ... (20 actions, 19 running)
[1,718 / 5,204] Creating runfiles tree bazel-out/k8-fastbuild/bin/go/tools/builders/stdliblist_test_/stdliblist_test.runfiles; 1024s local ... (20 actions running)
[1,719 / 5,204] Creating runfiles tree bazel-out/k8-fastbuild/bin/go/tools/builders/stdliblist_test_/stdliblist_test.runfiles; 1027s local ... (20 actions, 19 running)
[1,719 / 5,213] Creating runfiles tree bazel-out/k8-fastbuild/bin/go/tools/builders/stdliblist_test_/stdliblist_test.runfiles; 1029s local ... (20 actions running)
[1,721 / 5,214] Creating runfiles tree bazel-out/k8-fastbuild/bin/go/tools/builders/stdliblist_test_/stdliblist_test.runfiles; 1030s local ... (20 actions, 19 running)
[1,721 / 5,214] Creating runfiles tree bazel-out/k8-fastbuild/bin/go/tools/builders/stdliblist_test_/stdliblist_test.runfiles; 1032s local ... (20 actions running)
[1,723 / 5,214] Creating runfiles tree bazel-out/k8-fastbuild/bin/go/tools/builders/stdliblist_test_/stdliblist_test.runfiles; 1033s local ... (20 actions running)
[1,725 / 5,220] Creating runfiles tree bazel-out/k8-fastbuild/bin/go/tools/builders/stdliblist_test_/stdliblist_test.runfiles; 1034s local ... (20 actions, 19 running)
[1,725 / 5,220] Creating runfiles tree bazel-out/k8-fastbuild/bin/go/tools/builders/stdliblist_test_/stdliblist_test.runfiles; 1036s local ... (20 actions running)
[1,727 / 5,221] Creating runfiles tree bazel-out/k8-fastbuild/bin/go/tools/builders/stdliblist_test_/stdliblist_test.runfiles; 1037s local ... (20 actions, 19 running)
[1,728 / 5,221] Creating runfiles tree bazel-out/k8-fastbuild/bin/go/tools/builders/stdliblist_test_/stdliblist_test.runfiles; 1038s local ... (20 actions, 19 running)
[1,729 / 5,221] Creating runfiles tree bazel-out/k8-fastbuild/bin/go/tools/builders/stdliblist_test_/stdliblist_test.runfiles; 1040s local ... (20 actions running)
[1,731 / 5,230] Creating runfiles tree bazel-out/k8-fastbuild/bin/go/tools/builders/stdliblist_test_/stdliblist_test.runfiles; 1041s local ... (20 actions, 19 running)
[1,732 / 5,230] Creating runfiles tree bazel-out/k8-fastbuild/bin/go/tools/builders/stdliblist_test_/stdliblist_test.runfiles; 1042s local ... (20 actions, 19 running)
[1,733 / 5,231] Creating runfiles tree bazel-out/k8-fastbuild/bin/go/tools/builders/stdliblist_test_/stdliblist_test.runfiles; 1044s local ... (20 actions running)
[1,734 / 5,231] Creating runfiles tree bazel-out/k8-fastbuild/bin/go/tools/builders/stdliblist_test_/stdliblist_test.runfiles; 1045s local ... (20 actions, 19 running)
[1,739 / 5,240] Creating runfiles tree bazel-out/k8-fastbuild/bin/go/tools/builders/stdliblist_test_/stdliblist_test.runfiles; 1046s local ... (20 actions, 19 running)
[1,740 / 5,240] Creating runfiles tree bazel-out/k8-fastbuild/bin/go/tools/builders/stdliblist_test_/stdliblist_test.runfiles; 1047s local ... (20 actions, 19 running)
[1,742 / 5,240] Creating runfiles tree bazel-out/k8-fastbuild/bin/go/tools/builders/stdliblist_test_/stdliblist_test.runfiles; 1048s local ... (20 actions running)
[1,744 / 5,245] Creating runfiles tree bazel-out/k8-fastbuild/bin/go/tools/builders/stdliblist_test_/stdliblist_test.runfiles; 1049s local ... (20 actions, 19 running)
[1,745 / 5,246] Creating runfiles tree bazel-out/k8-fastbuild/bin/go/tools/builders/stdliblist_test_/stdliblist_test.runfiles; 1051s local ... (20 actions, 19 running)
[1,745 / 5,246] Creating runfiles tree bazel-out/k8-fastbuild/bin/go/tools/builders/stdliblist_test_/stdliblist_test.runfiles; 1052s local ... (20 actions running)
[1,747 / 5,247] Creating runfiles tree bazel-out/k8-fastbuild/bin/go/tools/builders/stdliblist_test_/stdliblist_test.runfiles; 1054s local ... (20 actions, 19 running)
[1,747 / 5,247] Creating runfiles tree bazel-out/k8-fastbuild/bin/go/tools/builders/stdliblist_test_/stdliblist_test.runfiles; 1055s local ... (20 actions running)
[1,749 / 5,249] Creating runfiles tree bazel-out/k8-fastbuild/bin/go/tools/builders/stdliblist_test_/stdliblist_test.runfiles; 1056s local ... (20 actions, 19 running)
[1,750 / 5,249] Creating runfiles tree bazel-out/k8-fastbuild/bin/go/tools/builders/stdliblist_test_/stdliblist_test.runfiles; 1057s local ... (20 actions, 19 running)
[1,751 / 5,250] Creating runfiles tree bazel-out/k8-fastbuild/bin/go/tools/builders/stdliblist_test_/stdliblist_test.runfiles; 1059s local ... (20 actions running)
[1,752 / 5,250] Creating runfiles tree bazel-out/k8-fastbuild/bin/go/tools/builders/stdliblist_test_/stdliblist_test.runfiles; 1060s local ... (20 actions, 19 running)
[1,755 / 5,256] Creating runfiles tree bazel-out/k8-fastbuild/bin/go/tools/builders/stdliblist_test_/stdliblist_test.runfiles; 1062s local ... (20 actions, 19 running)
[1,755 / 5,256] Creating runfiles tree bazel-out/k8-fastbuild/bin/go/tools/builders/stdliblist_test_/stdliblist_test.runfiles; 1063s local ... (20 actions running)
[1,756 / 5,256] Creating runfiles tree bazel-out/k8-fastbuild/bin/go/tools/builders/stdliblist_test_/stdliblist_test.runfiles; 1064s local ... (20 actions, 19 running)
[1,757 / 5,257] Creating runfiles tree bazel-out/k8-fastbuild/bin/go/tools/builders/stdliblist_test_/stdliblist_test.runfiles; 1065s local ... (20 actions, 19 running)
[1,757 / 5,257] Creating runfiles tree bazel-out/k8-fastbuild/bin/go/tools/builders/stdliblist_test_/stdliblist_test.runfiles; 1067s local ... (20 actions running)
[1,760 / 5,257] Creating runfiles tree bazel-out/k8-fastbuild/bin/go/tools/builders/stdliblist_test_/stdliblist_test.runfiles; 1068s local ... (20 actions, 19 running)
[1,761 / 5,257] Creating runfiles tree bazel-out/k8-fastbuild/bin/go/tools/builders/stdliblist_test_/stdliblist_test.runfiles; 1069s local ... (20 actions, 19 running)
[1,761 / 5,263] Creating runfiles tree bazel-out/k8-fastbuild/bin/go/tools/builders/stdliblist_test_/stdliblist_test.runfiles; 1071s local ... (20 actions, 19 running)
[1,761 / 5,263] Creating runfiles tree bazel-out/k8-fastbuild/bin/go/tools/builders/stdliblist_test_/stdliblist_test.runfiles; 1072s local ... (20 actions running)
[1,762 / 5,263] Creating runfiles tree bazel-out/k8-fastbuild/bin/go/tools/builders/stdliblist_test_/stdliblist_test.runfiles; 1073s local ... (20 actions, 19 running)
[1,763 / 5,264] Creating runfiles tree bazel-out/k8-fastbuild/bin/go/tools/builders/stdliblist_test_/stdliblist_test.runfiles; 1075s local ... (20 actions running)
[1,766 / 5,264] Creating runfiles tree bazel-out/k8-fastbuild/bin/go/tools/builders/stdliblist_test_/stdliblist_test.runfiles; 1076s local ... (20 actions, 19 running)
[1,767 / 5,264] Creating runfiles tree bazel-out/k8-fastbuild/bin/go/tools/builders/stdliblist_test_/stdliblist_test.runfiles; 1077s local ... (20 actions, 19 running)
[1,768 / 5,270] Creating runfiles tree bazel-out/k8-fastbuild/bin/go/tools/builders/stdliblist_test_/stdliblist_test.runfiles; 1078s local ... (20 actions running)
[1,771 / 5,271] Creating runfiles tree bazel-out/k8-fastbuild/bin/go/tools/builders/stdliblist_test_/stdliblist_test.runfiles; 1080s local ... (20 actions, 19 running)
[1,773 / 5,276] Creating runfiles tree bazel-out/k8-fastbuild/bin/go/tools/builders/stdliblist_test_/stdliblist_test.runfiles; 1081s local ... (20 actions, 19 running)
[1,779 / 5,280] Creating runfiles tree bazel-out/k8-fastbuild/bin/go/tools/builders/stdliblist_test_/stdliblist_test.runfiles; 1082s local ... (20 actions, 19 running)
[1,779 / 5,280] Creating runfiles tree bazel-out/k8-fastbuild/bin/go/tools/builders/stdliblist_test_/stdliblist_test.runfiles; 1083s local ... (20 actions running)
[1,780 / 5,280] Creating runfiles tree bazel-out/k8-fastbuild/bin/go/tools/builders/stdliblist_test_/stdliblist_test.runfiles; 1085s local ... (20 actions, 19 running)
[1,781 / 5,281] Creating runfiles tree bazel-out/k8-fastbuild/bin/go/tools/builders/stdliblist_test_/stdliblist_test.runfiles; 1086s local ... (20 actions, 19 running)
[1,785 / 5,281] Creating runfiles tree bazel-out/k8-fastbuild/bin/go/tools/builders/stdliblist_test_/stdliblist_test.runfiles; 1088s local ... (20 actions, 19 running)
[1,786 / 5,283] Creating runfiles tree bazel-out/k8-fastbuild/bin/go/tools/builders/stdliblist_test_/stdliblist_test.runfiles; 1089s local ... (20 actions, 19 running)
[1,789 / 5,284] Creating runfiles tree bazel-out/k8-fastbuild/bin/go/tools/builders/stdliblist_test_/stdliblist_test.runfiles; 1090s local ... (20 actions running)
[1,791 / 5,284] Creating runfiles tree bazel-out/k8-fastbuild/bin/go/tools/builders/stdliblist_test_/stdliblist_test.runfiles; 1091s local ... (20 actions, 19 running)
[1,792 / 5,284] Creating runfiles tree bazel-out/k8-fastbuild/bin/go/tools/builders/stdliblist_test_/stdliblist_test.runfiles; 1092s local ... (20 actions, 19 running)
[1,793 / 5,284] Creating runfiles tree bazel-out/k8-fastbuild/bin/go/tools/builders/stdliblist_test_/stdliblist_test.runfiles; 1093s local ... (20 actions, 19 running)
[1,794 / 5,284] Creating runfiles tree bazel-out/k8-fastbuild/bin/go/tools/builders/stdliblist_test_/stdliblist_test.runfiles; 1095s local ... (20 actions, 19 running)
[1,794 / 5,284] Creating runfiles tree bazel-out/k8-fastbuild/bin/go/tools/builders/stdliblist_test_/stdliblist_test.runfiles; 1096s local ... (20 actions running)
[1,795 / 5,284] Creating runfiles tree bazel-out/k8-fastbuild/bin/go/tools/builders/stdliblist_test_/stdliblist_test.runfiles; 1097s local ... (20 actions running)
[1,799 / 5,284] Creating runfiles tree bazel-out/k8-fastbuild/bin/go/tools/builders/stdliblist_test_/stdliblist_test.runfiles; 1099s local ... (20 actions, 19 running)
[1,799 / 5,284] Creating runfiles tree bazel-out/k8-fastbuild/bin/go/tools/builders/stdliblist_test_/stdliblist_test.runfiles; 1101s local ... (20 actions, 19 running)
[1,800 / 5,284] Creating runfiles tree bazel-out/k8-fastbuild/bin/go/tools/builders/stdliblist_test_/stdliblist_test.runfiles; 1102s local ... (20 actions, 19 running)
[1,802 / 5,284] Creating runfiles tree bazel-out/k8-fastbuild/bin/go/tools/builders/stdliblist_test_/stdliblist_test.runfiles; 1103s local ... (20 actions, 19 running)
[1,804 / 5,284] Creating runfiles tree bazel-out/k8-fastbuild/bin/go/tools/builders/stdliblist_test_/stdliblist_test.runfiles; 1104s local ... (20 actions, 19 running)
[1,807 / 5,284] Creating runfiles tree bazel-out/k8-fastbuild/bin/go/tools/builders/stdliblist_test_/stdliblist_test.runfiles; 1106s local ... (20 actions, 19 running)
[1,807 / 5,284] Creating runfiles tree bazel-out/k8-fastbuild/bin/go/tools/builders/stdliblist_test_/stdliblist_test.runfiles; 1107s local ... (20 actions, 19 running)
[1,811 / 5,284] Creating runfiles tree bazel-out/k8-fastbuild/bin/go/tools/builders/stdliblist_test_/stdliblist_test.runfiles; 1109s local ... (20 actions, 19 running)
[1,814 / 5,284] Creating runfiles tree bazel-out/k8-fastbuild/bin/go/tools/builders/stdliblist_test_/stdliblist_test.runfiles; 1110s local ... (20 actions, 19 running)
[1,819 / 5,284] Creating runfiles tree bazel-out/k8-fastbuild/bin/go/tools/builders/stdliblist_test_/stdliblist_test.runfiles; 1111s local ... (20 actions, 19 running)
[1,819 / 5,284] Creating runfiles tree bazel-out/k8-fastbuild/bin/go/tools/builders/stdliblist_test_/stdliblist_test.runfiles; 1112s local ... (20 actions, 19 running)
[1,824 / 5,284] Creating runfiles tree bazel-out/k8-fastbuild/bin/go/tools/builders/stdliblist_test_/stdliblist_test.runfiles; 1113s local ... (20 actions, 19 running)
[1,832 / 5,284] Creating runfiles tree bazel-out/k8-fastbuild/bin/go/tools/builders/stdliblist_test_/stdliblist_test.runfiles; 1115s local ... (20 actions, 19 running)
[1,835 / 5,284] Creating runfiles tree bazel-out/k8-fastbuild/bin/go/tools/builders/stdliblist_test_/stdliblist_test.runfiles; 1116s local ... (20 actions, 19 running)
[1,840 / 5,284] Creating runfiles tree bazel-out/k8-fastbuild/bin/go/tools/builders/stdliblist_test_/stdliblist_test.runfiles; 1117s local ... (20 actions, 19 running)
[1,852 / 5,284] Creating runfiles tree bazel-out/k8-fastbuild/bin/go/tools/builders/stdliblist_test_/stdliblist_test.runfiles; 1118s local ... (20 actions, 19 running)
[1,855 / 5,284] Creating runfiles tree bazel-out/k8-fastbuild/bin/go/tools/builders/stdliblist_test_/stdliblist_test.runfiles; 1119s local ... (20 actions, 19 running)
[1,858 / 5,284] Creating runfiles tree bazel-out/k8-fastbuild/bin/go/tools/builders/stdliblist_test_/stdliblist_test.runfiles; 1121s local ... (20 actions, 19 running)
[1,866 / 5,284] Creating runfiles tree bazel-out/k8-fastbuild/bin/go/tools/builders/stdliblist_test_/stdliblist_test.runfiles; 1122s local ... (20 actions, 19 running)
[1,870 / 5,284] Creating runfiles tree bazel-out/k8-fastbuild/bin/go/tools/builders/stdliblist_test_/stdliblist_test.runfiles; 1124s local ... (20 actions, 19 running)
[1,870 / 5,284] Creating runfiles tree bazel-out/k8-fastbuild/bin/go/tools/builders/stdliblist_test_/stdliblist_test.runfiles; 1125s local ... (20 actions, 19 running)
[1,873 / 5,284] Creating runfiles tree bazel-out/k8-fastbuild/bin/go/tools/builders/stdliblist_test_/stdliblist_test.runfiles; 1127s local ... (20 actions, 19 running)
[1,876 / 5,284] Creating runfiles tree bazel-out/k8-fastbuild/bin/go/tools/builders/stdliblist_test_/stdliblist_test.runfiles; 1128s local ... (20 actions, 19 running)
[1,881 / 5,284] Creating runfiles tree bazel-out/k8-fastbuild/bin/go/tools/builders/stdliblist_test_/stdliblist_test.runfiles; 1130s local ... (20 actions, 19 running)
[1,886 / 5,284] Creating runfiles tree bazel-out/k8-fastbuild/bin/go/tools/builders/stdliblist_test_/stdliblist_test.runfiles; 1131s local ... (20 actions, 19 running)
[1,888 / 5,284] Creating runfiles tree bazel-out/k8-fastbuild/bin/go/tools/builders/stdliblist_test_/stdliblist_test.runfiles; 1133s local ... (20 actions, 19 running)
[1,891 / 5,284] Creating runfiles tree bazel-out/k8-fastbuild/bin/go/tools/builders/stdliblist_test_/stdliblist_test.runfiles; 1134s local ... (20 actions, 19 running)
[1,891 / 5,284] Creating runfiles tree bazel-out/k8-fastbuild/bin/go/tools/builders/stdliblist_test_/stdliblist_test.runfiles; 1135s local ... (20 actions, 19 running)
[1,894 / 5,284] Creating runfiles tree bazel-out/k8-fastbuild/bin/go/tools/builders/stdliblist_test_/stdliblist_test.runfiles; 1136s local ... (20 actions, 19 running)
[1,897 / 5,284] Creating runfiles tree bazel-out/k8-fastbuild/bin/go/tools/builders/stdliblist_test_/stdliblist_test.runfiles; 1138s local ... (20 actions, 19 running)
[1,898 / 5,284] Creating runfiles tree bazel-out/k8-fastbuild/bin/go/tools/builders/stdliblist_test_/stdliblist_test.runfiles; 1139s local ... (20 actions running)
[1,899 / 5,284] Creating runfiles tree bazel-out/k8-fastbuild/bin/go/tools/builders/stdliblist_test_/stdliblist_test.runfiles; 1142s local ... (20 actions, 19 running)
[1,899 / 5,284] Creating runfiles tree bazel-out/k8-fastbuild/bin/go/tools/builders/stdliblist_test_/stdliblist_test.runfiles; 1143s local ... (20 actions, 19 running)
[1,902 / 5,284] Creating runfiles tree bazel-out/k8-fastbuild/bin/go/tools/builders/stdliblist_test_/stdliblist_test.runfiles; 1144s local ... (20 actions, 19 running)
[1,902 / 5,284] Creating runfiles tree bazel-out/k8-fastbuild/bin/go/tools/builders/stdliblist_test_/stdliblist_test.runfiles; 1145s local ... (20 actions, 19 running)
[1,904 / 5,284] Creating runfiles tree bazel-out/k8-fastbuild/bin/go/tools/builders/stdliblist_test_/stdliblist_test.runfiles; 1146s local ... (20 actions, 19 running)
[1,914 / 5,284] Creating runfiles tree bazel-out/k8-fastbuild/bin/go/tools/builders/stdliblist_test_/stdliblist_test.runfiles; 1148s local ... (20 actions, 19 running)
[1,914 / 5,284] Creating runfiles tree bazel-out/k8-fastbuild/bin/go/tools/builders/stdliblist_test_/stdliblist_test.runfiles; 1158s local ... (20 actions, 19 running)
[1,914 / 5,284] Creating runfiles tree bazel-out/k8-fastbuild/bin/go/tools/builders/stdliblist_test_/stdliblist_test.runfiles; 1186s local ... (20 actions, 19 running)
[1,914 / 5,284] Creating runfiles tree bazel-out/k8-fastbuild/bin/go/tools/builders/stdliblist_test_/stdliblist_test.runfiles; 1188s local ... (20 actions running)
[1,915 / 5,284] Creating runfiles tree bazel-out/k8-fastbuild/bin/go/tools/builders/stdliblist_test_/stdliblist_test.runfiles; 1196s local ... (20 actions, 19 running)
[1,915 / 5,284] Creating runfiles tree bazel-out/k8-fastbuild/bin/go/tools/builders/stdliblist_test_/stdliblist_test.runfiles; 1208s local ... (20 actions, 19 running)
[1,915 / 5,284] Creating runfiles tree bazel-out/k8-fastbuild/bin/go/tools/builders/stdliblist_test_/stdliblist_test.runfiles; 1238s local ... (20 actions, 19 running)
[1,915 / 5,284] Creating runfiles tree bazel-out/k8-fastbuild/bin/go/tools/builders/stdliblist_test_/stdliblist_test.runfiles; 1241s local ... (20 actions, 19 running)
[1,915 / 5,284] Creating runfiles tree bazel-out/k8-fastbuild/bin/go/tools/builders/stdliblist_test_/stdliblist_test.runfiles; 1242s local ... (20 actions running)
[1,916 / 5,290] Creating runfiles tree bazel-out/k8-fastbuild/bin/go/tools/builders/stdliblist_test_/stdliblist_test.runfiles; 1254s local ... (20 actions, 19 running)
[1,918 / 5,291] Creating runfiles tree bazel-out/k8-fastbuild/bin/go/tools/builders/stdliblist_test_/stdliblist_test.runfiles; 1255s local ... (20 actions running)
[1,919 / 5,291] Creating runfiles tree bazel-out/k8-fastbuild/bin/go/tools/builders/stdliblist_test_/stdliblist_test.runfiles; 1258s local ... (20 actions, 19 running)
[1,919 / 5,291] Creating runfiles tree bazel-out/k8-fastbuild/bin/go/tools/builders/stdliblist_test_/stdliblist_test.runfiles; 1270s local ... (20 actions, 19 running)
[1,920 / 5,297] Creating runfiles tree bazel-out/k8-fastbuild/bin/go/tools/builders/stdliblist_test_/stdliblist_test.runfiles; 1271s local ... (20 actions, 18 running)
[1,922 / 5,298] Creating runfiles tree bazel-out/k8-fastbuild/bin/go/tools/builders/stdliblist_test_/stdliblist_test.runfiles; 1272s local ... (20 actions, 19 running)
[1,922 / 5,298] Creating runfiles tree bazel-out/k8-fastbuild/bin/go/tools/builders/stdliblist_test_/stdliblist_test.runfiles; 1283s local ... (20 actions, 19 running)
[1,923 / 5,298] Creating runfiles tree bazel-out/k8-fastbuild/bin/go/tools/builders/stdliblist_test_/stdliblist_test.runfiles; 1308s local ... (20 actions, 18 running)
[1,923 / 5,304] Creating runfiles tree bazel-out/k8-fastbuild/bin/go/tools/builders/stdliblist_test_/stdliblist_test.runfiles; 1310s local ... (20 actions, 19 running)
[1,924 / 5,304] Creating runfiles tree bazel-out/k8-fastbuild/bin/go/tools/builders/stdliblist_test_/stdliblist_test.runfiles; 1311s local ... (20 actions, 19 running)
[1,927 / 5,305] Creating runfiles tree bazel-out/k8-fastbuild/bin/go/tools/builders/stdliblist_test_/stdliblist_test.runfiles; 1313s local ... (20 actions, 19 running)
[1,932 / 5,315] Creating runfiles tree bazel-out/k8-fastbuild/bin/go/tools/builders/stdliblist_test_/stdliblist_test.runfiles; 1314s local ... (20 actions, 19 running)
[1,933 / 5,315] Creating runfiles tree bazel-out/k8-fastbuild/bin/go/tools/builders/stdliblist_test_/stdliblist_test.runfiles; 1315s local ... (21 actions, 20 running)
[1,935 / 5,321] Creating runfiles tree bazel-out/k8-fastbuild/bin/go/tools/builders/stdliblist_test_/stdliblist_test.runfiles; 1317s local ... (20 actions, 19 running)
[1,936 / 5,322] Creating runfiles tree bazel-out/k8-fastbuild/bin/go/tools/builders/stdliblist_test_/stdliblist_test.runfiles; 1318s local ... (20 actions running)
[1,937 / 5,322] Creating runfiles tree bazel-out/k8-fastbuild/bin/go/tools/builders/stdliblist_test_/stdliblist_test.runfiles; 1320s local ... (20 actions, 19 running)
[1,939 / 5,322] Creating runfiles tree bazel-out/k8-fastbuild/bin/go/tools/builders/stdliblist_test_/stdliblist_test.runfiles; 1322s local ... (20 actions running)
[1,941 / 5,328] Creating runfiles tree bazel-out/k8-fastbuild/bin/go/tools/builders/stdliblist_test_/stdliblist_test.runfiles; 1323s local ... (20 actions running)
[1,944 / 5,335] Creating runfiles tree bazel-out/k8-fastbuild/bin/go/tools/builders/stdliblist_test_/stdliblist_test.runfiles; 1324s local ... (20 actions, 19 running)
[1,947 / 5,342] Creating runfiles tree bazel-out/k8-fastbuild/bin/go/tools/builders/stdliblist_test_/stdliblist_test.runfiles; 1326s local ... (20 actions, 19 running)
[1,951 / 5,349] Creating runfiles tree bazel-out/k8-fastbuild/bin/go/tools/builders/stdliblist_test_/stdliblist_test.runfiles; 1327s local ... (20 actions, 18 running)
[1,953 / 5,350] Creating runfiles tree bazel-out/k8-fastbuild/bin/go/tools/builders/stdliblist_test_/stdliblist_test.runfiles; 1328s local ... (20 actions, 19 running)
[1,956 / 5,357] Creating runfiles tree bazel-out/k8-fastbuild/bin/go/tools/builders/stdliblist_test_/stdliblist_test.runfiles; 1329s local ... (20 actions, 19 running)
[1,957 / 5,363] Creating runfiles tree bazel-out/k8-fastbuild/bin/go/tools/builders/stdliblist_test_/stdliblist_test.runfiles; 1331s local ... (20 actions, 18 running)
[1,959 / 5,364] Creating runfiles tree bazel-out/k8-fastbuild/bin/go/tools/builders/stdliblist_test_/stdliblist_test.runfiles; 1332s local ... (20 actions, 19 running)
[1,960 / 5,370] Creating runfiles tree bazel-out/k8-fastbuild/bin/go/tools/builders/stdliblist_test_/stdliblist_test.runfiles; 1334s local ... (20 actions, 18 running)
[1,963 / 5,377] Creating runfiles tree bazel-out/k8-fastbuild/bin/go/tools/builders/stdliblist_test_/stdliblist_test.runfiles; 1336s local ... (20 actions, 19 running)
[1,965 / 5,378] Creating runfiles tree bazel-out/k8-fastbuild/bin/go/tools/builders/stdliblist_test_/stdliblist_test.runfiles; 1337s local ... (20 actions, 19 running)
[1,965 / 5,378] Creating runfiles tree bazel-out/k8-fastbuild/bin/go/tools/builders/stdliblist_test_/stdliblist_test.runfiles; 1348s local ... (20 actions, 19 running)
[1,965 / 5,378] Creating runfiles tree bazel-out/k8-fastbuild/bin/go/tools/builders/stdliblist_test_/stdliblist_test.runfiles; 1375s local ... (20 actions, 19 running)
[1,965 / 5,378] Creating runfiles tree bazel-out/k8-fastbuild/bin/go/tools/builders/stdliblist_test_/stdliblist_test.runfiles; 1376s local ... (20 actions running)
[1,965 / 5,378] Creating runfiles tree bazel-out/k8-fastbuild/bin/go/tools/builders/stdliblist_test_/stdliblist_test.runfiles; 1378s local ... (20 actions running)
[1,966 / 5,378] Creating runfiles tree bazel-out/k8-fastbuild/bin/go/tools/builders/stdliblist_test_/stdliblist_test.runfiles; 1397s local ... (20 actions, 19 running)
[1,966 / 5,378] Creating runfiles tree bazel-out/k8-fastbuild/bin/go/tools/builders/stdliblist_test_/stdliblist_test.runfiles; 1409s local ... (20 actions, 19 running)
[1,966 / 5,378] Creating runfiles tree bazel-out/k8-fastbuild/bin/go/tools/builders/stdliblist_test_/stdliblist_test.runfiles; 1421s local ... (20 actions, 19 running)
[1,966 / 5,378] Creating runfiles tree bazel-out/k8-fastbuild/bin/go/tools/builders/stdliblist_test_/stdliblist_test.runfiles; 1423s local ... (20 actions running)
[1,967 / 5,378] Creating runfiles tree bazel-out/k8-fastbuild/bin/go/tools/builders/stdliblist_test_/stdliblist_test.runfiles; 1428s local ... (20 actions, 19 running)
[1,967 / 5,378] Creating runfiles tree bazel-out/k8-fastbuild/bin/go/tools/builders/stdliblist_test_/stdliblist_test.runfiles; 1440s local ... (20 actions, 19 running)
[1,967 / 5,378] Creating runfiles tree bazel-out/k8-fastbuild/bin/go/tools/builders/stdliblist_test_/stdliblist_test.runfiles; 1470s local ... (20 actions, 19 running)
[1,968 / 5,384] Creating runfiles tree bazel-out/k8-fastbuild/bin/go/tools/builders/stdliblist_test_/stdliblist_test.runfiles; 1491s local ... (20 actions, 18 running)
[1,974 / 5,398] Creating runfiles tree bazel-out/k8-fastbuild/bin/go/tools/builders/stdliblist_test_/stdliblist_test.runfiles; 1492s local ... (20 actions, 19 running)
[1,979 / 5,407] Creating runfiles tree bazel-out/k8-fastbuild/bin/go/tools/builders/stdliblist_test_/stdliblist_test.runfiles; 1493s local ... (20 actions running)
[1,982 / 5,414] Creating runfiles tree bazel-out/k8-fastbuild/bin/go/tools/builders/stdliblist_test_/stdliblist_test.runfiles; 1494s local ... (20 actions running)
[1,983 / 5,425] Creating runfiles tree bazel-out/k8-fastbuild/bin/go/tools/builders/stdliblist_test_/stdliblist_test.runfiles; 1495s local ... (20 actions running)
[1,986 / 5,432] Creating runfiles tree bazel-out/k8-fastbuild/bin/go/tools/builders/stdliblist_test_/stdliblist_test.runfiles; 1496s local ... (20 actions running)
[1,990 / 5,439] Creating runfiles tree bazel-out/k8-fastbuild/bin/go/tools/builders/stdliblist_test_/stdliblist_test.runfiles; 1497s local ... (20 actions, 18 running)
[1,995 / 5,443] Creating runfiles tree bazel-out/k8-fastbuild/bin/go/tools/builders/stdliblist_test_/stdliblist_test.runfiles; 1499s local ... (19 actions, 18 running)
[1,995 / 5,443] Creating runfiles tree bazel-out/k8-fastbuild/bin/go/tools/builders/stdliblist_test_/stdliblist_test.runfiles; 1510s local ... (19 actions, 18 running)
[1,995 / 5,443] Creating runfiles tree bazel-out/k8-fastbuild/bin/go/tools/builders/stdliblist_test_/stdliblist_test.runfiles; 1540s local ... (19 actions, 18 running)
[1,995 / 5,443] Creating runfiles tree bazel-out/k8-fastbuild/bin/go/tools/builders/stdliblist_test_/stdliblist_test.runfiles; 1544s local ... (19 actions, 18 running)
[1,995 / 5,443] Creating runfiles tree bazel-out/k8-fastbuild/bin/go/tools/builders/stdliblist_test_/stdliblist_test.runfiles; 1545s local ... (19 actions running)
[1,996 / 5,443] Creating runfiles tree bazel-out/k8-fastbuild/bin/go/tools/builders/stdliblist_test_/stdliblist_test.runfiles; 1549s local ... (19 actions, 18 running)
[1,996 / 5,443] Creating runfiles tree bazel-out/k8-fastbuild/bin/go/tools/builders/stdliblist_test_/stdliblist_test.runfiles; 1561s local ... (19 actions, 18 running)
[1,996 / 5,443] Creating runfiles tree bazel-out/k8-fastbuild/bin/go/tools/builders/stdliblist_test_/stdliblist_test.runfiles; 1590s local ... (19 actions, 18 running)
[1,996 / 5,443] Creating runfiles tree bazel-out/k8-fastbuild/bin/go/tools/builders/stdliblist_test_/stdliblist_test.runfiles; 1592s local ... (19 actions running)
[1,997 / 5,443] Creating runfiles tree bazel-out/k8-fastbuild/bin/go/tools/builders/stdliblist_test_/stdliblist_test.runfiles; 1597s local ... (19 actions, 18 running)
[1,999 / 5,443] Creating runfiles tree bazel-out/k8-fastbuild/bin/go/tools/builders/stdliblist_test_/stdliblist_test.runfiles; 1598s local ... (19 actions running)
[2,002 / 5,443] Creating runfiles tree bazel-out/k8-fastbuild/bin/go/tools/builders/stdliblist_test_/stdliblist_test.runfiles; 1599s local ... (19 actions, 18 running)
[2,003 / 5,443] Creating runfiles tree bazel-out/k8-fastbuild/bin/go/tools/builders/stdliblist_test_/stdliblist_test.runfiles; 1601s local ... (19 actions, 18 running)
[2,008 / 5,443] Creating runfiles tree bazel-out/k8-fastbuild/bin/go/tools/builders/stdliblist_test_/stdliblist_test.runfiles; 1602s local ... (19 actions, 18 running)
[2,011 / 5,443] Creating runfiles tree bazel-out/k8-fastbuild/bin/go/tools/builders/stdliblist_test_/stdliblist_test.runfiles; 1603s local ... (19 actions running)
[2,012 / 5,443] Creating runfiles tree bazel-out/k8-fastbuild/bin/go/tools/builders/stdliblist_test_/stdliblist_test.runfiles; 1604s local ... (19 actions, 18 running)
[2,018 / 5,443] Creating runfiles tree bazel-out/k8-fastbuild/bin/go/tools/builders/stdliblist_test_/stdliblist_test.runfiles; 1606s local ... (19 actions, 18 running)
[2,022 / 5,443] Creating runfiles tree bazel-out/k8-fastbuild/bin/go/tools/builders/stdliblist_test_/stdliblist_test.runfiles; 1607s local ... (19 actions running)
[2,024 / 5,443] Creating runfiles tree bazel-out/k8-fastbuild/bin/go/tools/builders/stdliblist_test_/stdliblist_test.runfiles; 1608s local ... (19 actions, 18 running)
[2,028 / 5,443] Creating runfiles tree bazel-out/k8-fastbuild/bin/go/tools/builders/stdliblist_test_/stdliblist_test.runfiles; 1610s local ... (19 actions, 18 running)
[2,028 / 5,443] Creating runfiles tree bazel-out/k8-fastbuild/bin/go/tools/builders/stdliblist_test_/stdliblist_test.runfiles; 1611s local ... (19 actions running)
[2,032 / 5,443] Creating runfiles tree bazel-out/k8-fastbuild/bin/go/tools/builders/stdliblist_test_/stdliblist_test.runfiles; 1612s local ... (19 actions running)
[2,033 / 5,443] Creating runfiles tree bazel-out/k8-fastbuild/bin/go/tools/builders/stdliblist_test_/stdliblist_test.runfiles; 1614s local ... (19 actions, 18 running)
[2,037 / 5,443] Creating runfiles tree bazel-out/k8-fastbuild/bin/go/tools/builders/stdliblist_test_/stdliblist_test.runfiles; 1615s local ... (19 actions, 18 running)
[2,044 / 5,443] Creating runfiles tree bazel-out/k8-fastbuild/bin/go/tools/builders/stdliblist_test_/stdliblist_test.runfiles; 1616s local ... (19 actions, 18 running)
[2,045 / 5,443] Creating runfiles tree bazel-out/k8-fastbuild/bin/go/tools/builders/stdliblist_test_/stdliblist_test.runfiles; 1617s local ... (19 actions running)
[2,046 / 5,443] Creating runfiles tree bazel-out/k8-fastbuild/bin/go/tools/builders/stdliblist_test_/stdliblist_test.runfiles; 1619s local ... (19 actions, 18 running)
[2,051 / 5,443] Creating runfiles tree bazel-out/k8-fastbuild/bin/go/tools/builders/stdliblist_test_/stdliblist_test.runfiles; 1621s local ... (19 actions running)
[2,052 / 5,443] Creating runfiles tree bazel-out/k8-fastbuild/bin/go/tools/builders/stdliblist_test_/stdliblist_test.runfiles; 1623s local ... (19 actions running)
[2,053 / 5,443] Creating runfiles tree bazel-out/k8-fastbuild/bin/go/tools/builders/stdliblist_test_/stdliblist_test.runfiles; 1625s local ... (19 actions, 18 running)
[2,054 / 5,443] Creating runfiles tree bazel-out/k8-fastbuild/bin/go/tools/builders/stdliblist_test_/stdliblist_test.runfiles; 1626s local ... (19 actions running)
[2,055 / 5,443] Creating runfiles tree bazel-out/k8-fastbuild/bin/go/tools/builders/stdliblist_test_/stdliblist_test.runfiles; 1627s local ... (19 actions, 18 running)
[2,057 / 5,443] Creating runfiles tree bazel-out/k8-fastbuild/bin/go/tools/builders/stdliblist_test_/stdliblist_test.runfiles; 1628s local ... (19 actions, 18 running)
[2,058 / 5,443] Creating runfiles tree bazel-out/k8-fastbuild/bin/go/tools/builders/stdliblist_test_/stdliblist_test.runfiles; 1630s local ... (19 actions, 18 running)
[2,060 / 5,443] Creating runfiles tree bazel-out/k8-fastbuild/bin/go/tools/builders/stdliblist_test_/stdliblist_test.runfiles; 1631s local ... (19 actions running)
[2,061 / 5,443] Creating runfiles tree bazel-out/k8-fastbuild/bin/go/tools/builders/stdliblist_test_/stdliblist_test.runfiles; 1632s local ... (19 actions running)
[2,062 / 5,443] Creating runfiles tree bazel-out/k8-fastbuild/bin/go/tools/builders/stdliblist_test_/stdliblist_test.runfiles; 1634s local ... (19 actions, 18 running)
[2,065 / 5,443] Creating runfiles tree bazel-out/k8-fastbuild/bin/go/tools/builders/stdliblist_test_/stdliblist_test.runfiles; 1635s local ... (19 actions, 18 running)
[2,065 / 5,443] Creating runfiles tree bazel-out/k8-fastbuild/bin/go/tools/builders/stdliblist_test_/stdliblist_test.runfiles; 1636s local ... (19 actions running)
[2,066 / 5,443] Creating runfiles tree bazel-out/k8-fastbuild/bin/go/tools/builders/stdliblist_test_/stdliblist_test.runfiles; 1639s local ... (19 actions, 18 running)
[2,067 / 5,443] Creating runfiles tree bazel-out/k8-fastbuild/bin/go/tools/builders/stdliblist_test_/stdliblist_test.runfiles; 1640s local ... (19 actions, 18 running)
[2,067 / 5,443] Creating runfiles tree bazel-out/k8-fastbuild/bin/go/tools/builders/stdliblist_test_/stdliblist_test.runfiles; 1641s local ... (19 actions running)
[2,068 / 5,443] Creating runfiles tree bazel-out/k8-fastbuild/bin/go/tools/builders/stdliblist_test_/stdliblist_test.runfiles; 1649s local ... (19 actions, 18 running)
[2,071 / 5,443] Creating runfiles tree bazel-out/k8-fastbuild/bin/go/tools/builders/stdliblist_test_/stdliblist_test.runfiles; 1650s local ... (19 actions, 18 running)
[2,071 / 5,443] Creating runfiles tree bazel-out/k8-fastbuild/bin/go/tools/builders/stdliblist_test_/stdliblist_test.runfiles; 1661s local ... (19 actions, 18 running)
[2,071 / 5,443] Creating runfiles tree bazel-out/k8-fastbuild/bin/go/tools/builders/stdliblist_test_/stdliblist_test.runfiles; 1688s local ... (19 actions, 18 running)
[2,071 / 5,443] Creating runfiles tree bazel-out/k8-fastbuild/bin/go/tools/builders/stdliblist_test_/stdliblist_test.runfiles; 1689s local ... (19 actions running)
[2,071 / 5,443] Creating runfiles tree bazel-out/k8-fastbuild/bin/go/tools/builders/stdliblist_test_/stdliblist_test.runfiles; 1691s local ... (19 actions running)
[2,072 / 5,443] Creating runfiles tree bazel-out/k8-fastbuild/bin/go/tools/builders/stdliblist_test_/stdliblist_test.runfiles; 1695s local ... (19 actions, 18 running)
[2,073 / 5,443] Creating runfiles tree bazel-out/k8-fastbuild/bin/go/tools/builders/stdliblist_test_/stdliblist_test.runfiles; 1696s local ... (19 actions, 18 running)
[2,086 / 5,443] Creating runfiles tree bazel-out/k8-fastbuild/bin/go/tools/builders/stdliblist_test_/stdliblist_test.runfiles; 1697s local ... (19 actions, 18 running)
[2,096 / 5,443] Creating runfiles tree bazel-out/k8-fastbuild/bin/go/tools/builders/stdliblist_test_/stdliblist_test.runfiles; 1698s local ... (19 actions, 18 running)
[2,096 / 5,443] Creating runfiles tree bazel-out/k8-fastbuild/bin/go/tools/builders/stdliblist_test_/stdliblist_test.runfiles; 1700s local ... (19 actions, 18 running)
[2,100 / 5,443] Creating runfiles tree bazel-out/k8-fastbuild/bin/go/tools/builders/stdliblist_test_/stdliblist_test.runfiles; 1702s local ... (19 actions running)
[2,103 / 5,443] Creating runfiles tree bazel-out/k8-fastbuild/bin/go/tools/builders/stdliblist_test_/stdliblist_test.runfiles; 1703s local ... (19 actions, 18 running)
[2,108 / 5,443] Creating runfiles tree bazel-out/k8-fastbuild/bin/go/tools/builders/stdliblist_test_/stdliblist_test.runfiles; 1705s local ... (19 actions running)
[2,113 / 5,443] Creating runfiles tree bazel-out/k8-fastbuild/bin/go/tools/builders/stdliblist_test_/stdliblist_test.runfiles; 1707s local ... (19 actions, 18 running)
[2,114 / 5,443] Creating runfiles tree bazel-out/k8-fastbuild/bin/go/tools/builders/stdliblist_test_/stdliblist_test.runfiles; 1708s local ... (19 actions running)
[2,115 / 5,449] Creating runfiles tree bazel-out/k8-fastbuild/bin/go/tools/builders/stdliblist_test_/stdliblist_test.runfiles; 1713s local ... (19 actions, 18 running)
[2,122 / 5,456] Creating runfiles tree bazel-out/k8-fastbuild/bin/go/tools/builders/stdliblist_test_/stdliblist_test.runfiles; 1714s local ... (19 actions, 18 running)
[2,127 / 5,464] Creating runfiles tree bazel-out/k8-fastbuild/bin/go/tools/builders/stdliblist_test_/stdliblist_test.runfiles; 1715s local ... (19 actions running)
[2,129 / 5,468] Creating runfiles tree bazel-out/k8-fastbuild/bin/go/tools/builders/stdliblist_test_/stdliblist_test.runfiles; 1716s local ... (19 actions, 17 running)
[2,136 / 5,471] Creating runfiles tree bazel-out/k8-fastbuild/bin/go/tools/builders/stdliblist_test_/stdliblist_test.runfiles; 1717s local ... (19 actions, 17 running)
[2,138 / 5,471] Creating runfiles tree bazel-out/k8-fastbuild/bin/go/tools/builders/stdliblist_test_/stdliblist_test.runfiles; 1719s local ... (19 actions running)
[2,140 / 5,471] Creating runfiles tree bazel-out/k8-fastbuild/bin/go/tools/builders/stdliblist_test_/stdliblist_test.runfiles; 1721s local ... (19 actions, 18 running)
[2,141 / 5,471] Creating runfiles tree bazel-out/k8-fastbuild/bin/go/tools/builders/stdliblist_test_/stdliblist_test.runfiles; 1722s local ... (19 actions running)
[2,142 / 5,471] Creating runfiles tree bazel-out/k8-fastbuild/bin/go/tools/builders/stdliblist_test_/stdliblist_test.runfiles; 1723s local ... (19 actions, 18 running)
[2,142 / 5,471] Creating runfiles tree bazel-out/k8-fastbuild/bin/go/tools/builders/stdliblist_test_/stdliblist_test.runfiles; 1735s local ... (19 actions, 18 running)
[2,143 / 5,477] Creating runfiles tree bazel-out/k8-fastbuild/bin/tests/core/go_download_sdk/go_download_sdk_test_/go_download_sdk_test.runfiles; 1741s local ... (19 actions, 17 running)
[2,145 / 5,478] Creating runfiles tree bazel-out/k8-fastbuild/bin/tests/core/go_download_sdk/go_download_sdk_test_/go_download_sdk_test.runfiles; 1742s local ... (19 actions, 18 running)
[2,145 / 5,478] Creating runfiles tree bazel-out/k8-fastbuild/bin/tests/core/go_download_sdk/go_download_sdk_test_/go_download_sdk_test.runfiles; 1752s local ... (19 actions, 18 running)
[2,146 / 5,484] Creating runfiles tree bazel-out/k8-fastbuild/bin/tests/core/go_download_sdk/go_download_sdk_test_/go_download_sdk_test.runfiles; 1758s local ... (19 actions, 17 running)
[2,152 / 5,498] Creating runfiles tree bazel-out/k8-fastbuild/bin/tests/core/go_download_sdk/go_download_sdk_test_/go_download_sdk_test.runfiles; 1759s local ... (19 actions running)
[2,160 / 5,513] Creating runfiles tree bazel-out/k8-fastbuild/bin/tests/core/go_download_sdk/go_download_sdk_test_/go_download_sdk_test.runfiles; 1760s local ... (19 actions running)
[2,174 / 5,555] Creating runfiles tree bazel-out/k8-fastbuild/bin/tests/core/go_download_sdk/go_download_sdk_test_/go_download_sdk_test.runfiles; 1761s local ... (19 actions running)
[2,175 / 5,561] Creating runfiles tree bazel-out/k8-fastbuild/bin/tests/core/go_download_sdk/go_download_sdk_test_/go_download_sdk_test.runfiles; 1762s local ... (19 actions, 18 running)
[2,178 / 5,568] Creating runfiles tree bazel-out/k8-fastbuild/bin/tests/core/go_download_sdk/go_download_sdk_test_/go_download_sdk_test.runfiles; 1764s local ... (19 actions, 18 running)
[2,184 / 5,581] Creating runfiles tree bazel-out/k8-fastbuild/bin/tests/core/go_download_sdk/go_download_sdk_test_/go_download_sdk_test.runfiles; 1765s local ... (19 actions, 18 running)
[2,197 / 5,602] Creating runfiles tree bazel-out/k8-fastbuild/bin/tests/core/go_download_sdk/go_download_sdk_test_/go_download_sdk_test.runfiles; 1766s local ... (18 actions, 16 running)
[2,204 / 5,609] Creating runfiles tree bazel-out/k8-fastbuild/bin/tests/core/go_download_sdk/go_download_sdk_test_/go_download_sdk_test.runfiles; 1767s local ... (18 actions, 16 running)
[2,210 / 5,611] Creating runfiles tree bazel-out/k8-fastbuild/bin/tests/core/go_download_sdk/go_download_sdk_test_/go_download_sdk_test.runfiles; 1768s local ... (17 actions, 16 running)
[2,213 / 5,611] Creating runfiles tree bazel-out/k8-fastbuild/bin/tests/core/go_download_sdk/go_download_sdk_test_/go_download_sdk_test.runfiles; 1770s local ... (17 actions, 16 running)
[2,224 / 5,611] Creating runfiles tree bazel-out/k8-fastbuild/bin/tests/core/go_download_sdk/go_download_sdk_test_/go_download_sdk_test.runfiles; 1771s local ... (17 actions, 16 running)
[2,233 / 5,611] Creating runfiles tree bazel-out/k8-fastbuild/bin/tests/core/go_download_sdk/go_download_sdk_test_/go_download_sdk_test.runfiles; 1772s local ... (17 actions, 16 running)
[2,235 / 5,611] Creating runfiles tree bazel-out/k8-fastbuild/bin/tests/core/go_download_sdk/go_download_sdk_test_/go_download_sdk_test.runfiles; 1773s local ... (17 actions, 16 running)
[2,239 / 5,611] Creating runfiles tree bazel-out/k8-fastbuild/bin/tests/core/go_download_sdk/go_download_sdk_test_/go_download_sdk_test.runfiles; 1774s local ... (17 actions, 16 running)
[2,241 / 5,611] Creating runfiles tree bazel-out/k8-fastbuild/bin/tests/core/go_download_sdk/go_download_sdk_test_/go_download_sdk_test.runfiles; 1775s local ... (17 actions, 16 running)
[2,254 / 5,611] Creating runfiles tree bazel-out/k8-fastbuild/bin/tests/core/go_download_sdk/go_download_sdk_test_/go_download_sdk_test.runfiles; 1777s local ... (17 actions, 16 running)
[2,258 / 5,611] Creating runfiles tree bazel-out/k8-fastbuild/bin/tests/core/go_download_sdk/go_download_sdk_test_/go_download_sdk_test.runfiles; 1778s local ... (17 actions, 16 running)
[2,258 / 5,611] Creating runfiles tree bazel-out/k8-fastbuild/bin/tests/core/go_download_sdk/go_download_sdk_test_/go_download_sdk_test.runfiles; 1779s local ... (17 actions, 16 running)
[2,279 / 5,611] Creating runfiles tree bazel-out/k8-fastbuild/bin/tests/core/go_download_sdk/go_download_sdk_test_/go_download_sdk_test.runfiles; 1780s local ... (17 actions, 16 running)
[2,298 / 5,611] Creating runfiles tree bazel-out/k8-fastbuild/bin/tests/core/go_download_sdk/go_download_sdk_test_/go_download_sdk_test.runfiles; 1781s local ... (17 actions, 16 running)
[2,306 / 5,611] Creating runfiles tree bazel-out/k8-fastbuild/bin/tests/core/go_download_sdk/go_download_sdk_test_/go_download_sdk_test.runfiles; 1783s local ... (18 actions, 16 running)
[2,307 / 5,611] Creating runfiles tree bazel-out/k8-fastbuild/bin/tests/core/go_download_sdk/go_download_sdk_test_/go_download_sdk_test.runfiles; 1784s local ... (17 actions, 16 running)
[2,307 / 5,611] Creating runfiles tree bazel-out/k8-fastbuild/bin/tests/core/go_download_sdk/go_download_sdk_test_/go_download_sdk_test.runfiles; 1785s local ... (17 actions running)
[2,307 / 5,611] Creating runfiles tree bazel-out/k8-fastbuild/bin/tests/core/go_download_sdk/go_download_sdk_test_/go_download_sdk_test.runfiles; 1786s local ... (18 actions, 17 running)
[2,309 / 5,611] Creating runfiles tree bazel-out/k8-fastbuild/bin/tests/core/go_download_sdk/go_download_sdk_test_/go_download_sdk_test.runfiles; 1788s local ... (17 actions running)
[2,309 / 5,611] Creating runfiles tree bazel-out/k8-fastbuild/bin/tests/core/go_download_sdk/go_download_sdk_test_/go_download_sdk_test.runfiles; 1790s local ... (18 actions running)
[2,309 / 5,611] Creating runfiles tree bazel-out/k8-fastbuild/bin/tests/core/go_download_sdk/go_download_sdk_test_/go_download_sdk_test.runfiles; 1791s local ... (19 actions, 18 running)
[2,311 / 5,613] Creating runfiles tree bazel-out/k8-fastbuild/bin/tests/core/go_download_sdk/go_download_sdk_test_/go_download_sdk_test.runfiles; 1793s local ... (19 actions, 18 running)
[2,332 / 5,665] Creating runfiles tree bazel-out/k8-fastbuild/bin/tests/core/go_download_sdk/go_download_sdk_test_/go_download_sdk_test.runfiles; 1794s local ... (18 actions, 17 running)
[2,337 / 5,665] Creating runfiles tree bazel-out/k8-fastbuild/bin/tests/core/go_download_sdk/go_download_sdk_test_/go_download_sdk_test.runfiles; 1795s local ... (18 actions, 17 running)
[2,340 / 5,665] Creating runfiles tree bazel-out/k8-fastbuild/bin/tests/core/go_download_sdk/go_download_sdk_test_/go_download_sdk_test.runfiles; 1796s local ... (18 actions running)
[2,359 / 5,665] Creating runfiles tree bazel-out/k8-fastbuild/bin/tests/core/go_download_sdk/go_download_sdk_test_/go_download_sdk_test.runfiles; 1797s local ... (18 actions, 16 running)
[2,376 / 5,665] Creating runfiles tree bazel-out/k8-fastbuild/bin/tests/core/go_download_sdk/go_download_sdk_test_/go_download_sdk_test.runfiles; 1798s local ... (18 actions, 17 running)
[2,392 / 5,670] Creating runfiles tree bazel-out/k8-fastbuild/bin/tests/core/go_download_sdk/go_download_sdk_test_/go_download_sdk_test.runfiles; 1799s local ... (18 actions, 17 running)
[2,409 / 5,690] Creating runfiles tree bazel-out/k8-fastbuild/bin/tests/core/go_download_sdk/go_download_sdk_test_/go_download_sdk_test.runfiles; 1800s local ... (17 actions, 16 running)
[2,411 / 5,690] Creating runfiles tree bazel-out/k8-fastbuild/bin/tests/core/go_download_sdk/go_download_sdk_test_/go_download_sdk_test.runfiles; 1801s local ... (17 actions, 16 running)
[2,414 / 5,690] Creating runfiles tree bazel-out/k8-fastbuild/bin/tests/core/go_download_sdk/go_download_sdk_test_/go_download_sdk_test.runfiles; 1803s local ... (17 actions, 16 running)
[2,428 / 5,690] Creating runfiles tree bazel-out/k8-fastbuild/bin/tests/core/go_download_sdk/go_download_sdk_test_/go_download_sdk_test.runfiles; 1804s local ... (17 actions, 16 running)
[2,449 / 5,690] Creating runfiles tree bazel-out/k8-fastbuild/bin/tests/core/go_download_sdk/go_download_sdk_test_/go_download_sdk_test.runfiles; 1805s local ... (17 actions, 16 running)
[2,455 / 5,690] Creating runfiles tree bazel-out/k8-fastbuild/bin/tests/core/go_download_sdk/go_download_sdk_test_/go_download_sdk_test.runfiles; 1806s local ... (17 actions, 16 running)
[2,462 / 5,690] Creating runfiles tree bazel-out/k8-fastbuild/bin/tests/core/go_download_sdk/go_download_sdk_test_/go_download_sdk_test.runfiles; 1807s local ... (17 actions, 16 running)
[2,464 / 5,690] Creating runfiles tree bazel-out/k8-fastbuild/bin/tests/core/go_download_sdk/go_download_sdk_test_/go_download_sdk_test.runfiles; 1808s local ... (17 actions running)
[2,464 / 5,690] Creating runfiles tree bazel-out/k8-fastbuild/bin/tests/core/go_download_sdk/go_download_sdk_test_/go_download_sdk_test.runfiles; 1809s local ... (18 actions, 17 running)
[2,469 / 5,690] Creating runfiles tree bazel-out/k8-fastbuild/bin/tests/core/go_download_sdk/go_download_sdk_test_/go_download_sdk_test.runfiles; 1811s local ... (17 actions running)
[2,475 / 5,690] Creating runfiles tree bazel-out/k8-fastbuild/bin/tests/core/go_download_sdk/go_download_sdk_test_/go_download_sdk_test.runfiles; 1813s local ... (19 actions, 16 running)
[2,483 / 5,690] Creating runfiles tree bazel-out/k8-fastbuild/bin/tests/core/go_download_sdk/go_download_sdk_test_/go_download_sdk_test.runfiles; 1814s local ... (17 actions, 16 running)
[2,483 / 5,690] Creating runfiles tree bazel-out/k8-fastbuild/bin/tests/core/go_download_sdk/go_download_sdk_test_/go_download_sdk_test.runfiles; 1815s local ... (18 actions, 16 running)
[2,508 / 5,690] Creating runfiles tree bazel-out/k8-fastbuild/bin/tests/core/go_download_sdk/go_download_sdk_test_/go_download_sdk_test.runfiles; 1816s local ... (17 actions, 16 running)
[2,521 / 5,690] Creating runfiles tree bazel-out/k8-fastbuild/bin/tests/core/go_download_sdk/go_download_sdk_test_/go_download_sdk_test.runfiles; 1817s local ... (18 actions, 17 running)
[2,539 / 5,690] Creating runfiles tree bazel-out/k8-fastbuild/bin/tests/core/go_download_sdk/go_download_sdk_test_/go_download_sdk_test.runfiles; 1819s local ... (17 actions, 16 running)
[2,540 / 5,690] Creating runfiles tree bazel-out/k8-fastbuild/bin/tests/core/go_download_sdk/go_download_sdk_test_/go_download_sdk_test.runfiles; 1820s local ... (17 actions, 16 running)
[2,561 / 5,690] Creating runfiles tree bazel-out/k8-fastbuild/bin/tests/core/go_download_sdk/go_download_sdk_test_/go_download_sdk_test.runfiles; 1822s local ... (17 actions, 16 running)
[2,573 / 5,690] Creating runfiles tree bazel-out/k8-fastbuild/bin/tests/core/go_download_sdk/go_download_sdk_test_/go_download_sdk_test.runfiles; 1823s local ... (17 actions, 16 running)
[2,586 / 5,690] Creating runfiles tree bazel-out/k8-fastbuild/bin/tests/core/go_download_sdk/go_download_sdk_test_/go_download_sdk_test.runfiles; 1824s local ... (17 actions, 16 running)
[2,597 / 5,690] Creating runfiles tree bazel-out/k8-fastbuild/bin/tests/core/go_download_sdk/go_download_sdk_test_/go_download_sdk_test.runfiles; 1825s local ... (17 actions, 16 running)
[2,601 / 5,690] Creating runfiles tree bazel-out/k8-fastbuild/bin/tests/core/go_download_sdk/go_download_sdk_test_/go_download_sdk_test.runfiles; 1826s local ... (17 actions running)
[2,602 / 5,690] Creating runfiles tree bazel-out/k8-fastbuild/bin/tests/core/go_download_sdk/go_download_sdk_test_/go_download_sdk_test.runfiles; 1827s local ... (17 actions, 16 running)
[2,603 / 5,690] Creating runfiles tree bazel-out/k8-fastbuild/bin/tests/core/go_download_sdk/go_download_sdk_test_/go_download_sdk_test.runfiles; 1829s local ... (17 actions, 16 running)
[2,603 / 5,690] Creating runfiles tree bazel-out/k8-fastbuild/bin/tests/core/go_download_sdk/go_download_sdk_test_/go_download_sdk_test.runfiles; 1830s local ... (17 actions running)
[2,604 / 5,690] Creating runfiles tree bazel-out/k8-fastbuild/bin/tests/core/go_download_sdk/go_download_sdk_test_/go_download_sdk_test.runfiles; 1831s local ... (17 actions, 16 running)
[2,605 / 5,690] Creating runfiles tree bazel-out/k8-fastbuild/bin/tests/core/go_download_sdk/go_download_sdk_test_/go_download_sdk_test.runfiles; 1833s local ... (17 actions, 16 running)
[2,605 / 5,690] Creating runfiles tree bazel-out/k8-fastbuild/bin/tests/core/go_download_sdk/go_download_sdk_test_/go_download_sdk_test.runfiles; 1841s local ... (18 actions, 16 running)
[2,609 / 5,705] Creating runfiles tree bazel-out/k8-fastbuild/bin/tests/core/go_download_sdk/go_download_sdk_test_/go_download_sdk_test.runfiles; 1842s local ... (18 actions, 17 running)
[2,615 / 5,720] Creating runfiles tree bazel-out/k8-fastbuild/bin/tests/core/go_download_sdk/go_download_sdk_test_/go_download_sdk_test.runfiles; 1843s local ... (18 actions, 17 running)
[2,627 / 5,764] Creating runfiles tree bazel-out/k8-fastbuild/bin/tests/core/go_download_sdk/go_download_sdk_test_/go_download_sdk_test.runfiles; 1845s local ... (18 actions, 16 running)
[2,629 / 5,765] Creating runfiles tree bazel-out/k8-fastbuild/bin/tests/core/go_download_sdk/go_download_sdk_test_/go_download_sdk_test.runfiles; 1846s local ... (18 actions, 17 running)
[2,633 / 5,779] Creating runfiles tree bazel-out/k8-fastbuild/bin/tests/core/go_download_sdk/go_download_sdk_test_/go_download_sdk_test.runfiles; 1847s local ... (18 actions, 16 running)
[2,636 / 5,786] Creating runfiles tree bazel-out/k8-fastbuild/bin/tests/core/go_download_sdk/go_download_sdk_test_/go_download_sdk_test.runfiles; 1849s local ... (18 actions, 16 running)
[2,638 / 5,787] Creating runfiles tree bazel-out/k8-fastbuild/bin/tests/core/go_download_sdk/go_download_sdk_test_/go_download_sdk_test.runfiles; 1851s local ... (18 actions, 17 running)
[2,643 / 5,821] Creating runfiles tree bazel-out/k8-fastbuild/bin/tests/core/go_download_sdk/go_download_sdk_test_/go_download_sdk_test.runfiles; 1852s local ... (18 actions, 16 running)
[2,650 / 5,822] Creating runfiles tree bazel-out/k8-fastbuild/bin/tests/core/go_download_sdk/go_download_sdk_test_/go_download_sdk_test.runfiles; 1854s local ... (18 actions, 16 running)
[2,651 / 5,822] Creating runfiles tree bazel-out/k8-fastbuild/bin/tests/core/go_download_sdk/go_download_sdk_test_/go_download_sdk_test.runfiles; 1855s local ... (18 actions, 16 running)
[2,660 / 5,822] Creating runfiles tree bazel-out/k8-fastbuild/bin/tests/core/go_download_sdk/go_download_sdk_test_/go_download_sdk_test.runfiles; 1856s local ... (18 actions, 16 running)
[2,666 / 5,823] Creating runfiles tree bazel-out/k8-fastbuild/bin/tests/core/go_download_sdk/go_download_sdk_test_/go_download_sdk_test.runfiles; 1857s local ... (18 actions, 16 running)
[2,671 / 5,830] Creating runfiles tree bazel-out/k8-fastbuild/bin/tests/core/go_download_sdk/go_download_sdk_test_/go_download_sdk_test.runfiles; 1859s local ... (18 actions, 17 running)
[2,672 / 5,830] Creating runfiles tree bazel-out/k8-fastbuild/bin/tests/core/go_download_sdk/go_download_sdk_test_/go_download_sdk_test.runfiles; 1860s local ... (18 actions, 16 running)
[2,676 / 5,841] Creating runfiles tree bazel-out/k8-fastbuild/bin/tests/core/go_download_sdk/go_download_sdk_test_/go_download_sdk_test.runfiles; 1861s local ... (18 actions, 17 running)
[2,679 / 5,847] Creating runfiles tree bazel-out/k8-fastbuild/bin/tests/core/go_download_sdk/go_download_sdk_test_/go_download_sdk_test.runfiles; 1862s local ... (18 actions, 16 running)
[2,684 / 5,854] Creating runfiles tree bazel-out/k8-fastbuild/bin/tests/core/go_download_sdk/go_download_sdk_test_/go_download_sdk_test.runfiles; 1864s local ... (17 actions, 16 running)
[2,685 / 5,854] Creating runfiles tree bazel-out/k8-fastbuild/bin/tests/core/go_download_sdk/go_download_sdk_test_/go_download_sdk_test.runfiles; 1865s local ... (18 actions, 16 running)
[2,688 / 5,854] Creating runfiles tree bazel-out/k8-fastbuild/bin/tests/core/go_download_sdk/go_download_sdk_test_/go_download_sdk_test.runfiles; 1867s local ... (17 actions, 16 running)
[2,688 / 5,854] Creating runfiles tree bazel-out/k8-fastbuild/bin/tests/core/go_download_sdk/go_download_sdk_test_/go_download_sdk_test.runfiles; 1869s local ... (17 actions, 16 running)
[2,688 / 5,854] Creating runfiles tree bazel-out/k8-fastbuild/bin/tests/core/go_download_sdk/go_download_sdk_test_/go_download_sdk_test.runfiles; 1871s local ... (17 actions running)
[2,689 / 5,854] Creating runfiles tree bazel-out/k8-fastbuild/bin/tests/core/go_download_sdk/go_download_sdk_test_/go_download_sdk_test.runfiles; 1874s local ... (17 actions, 16 running)
[2,692 / 5,854] Creating runfiles tree bazel-out/k8-fastbuild/bin/tests/core/go_download_sdk/go_download_sdk_test_/go_download_sdk_test.runfiles; 1876s local ... (17 actions, 16 running)
[2,692 / 5,854] Creating runfiles tree bazel-out/k8-fastbuild/bin/tests/core/go_download_sdk/go_download_sdk_test_/go_download_sdk_test.runfiles; 1881s local ... (18 actions, 16 running)
[2,696 / 5,854] Creating runfiles tree bazel-out/k8-fastbuild/bin/tests/core/go_download_sdk/go_download_sdk_test_/go_download_sdk_test.runfiles; 1883s local ... (17 actions, 16 running)
[2,697 / 5,857] Creating runfiles tree bazel-out/k8-fastbuild/bin/tests/core/go_download_sdk/go_download_sdk_test_/go_download_sdk_test.runfiles; 1885s local ... (17 actions, 15 running)
[2,704 / 5,874] Creating runfiles tree bazel-out/k8-fastbuild/bin/tests/core/go_download_sdk/go_download_sdk_test_/go_download_sdk_test.runfiles; 1886s local ... (17 actions, 15 running)
[2,709 / 5,882] Creating runfiles tree bazel-out/k8-fastbuild/bin/tests/core/go_download_sdk/go_download_sdk_test_/go_download_sdk_test.runfiles; 1887s local ... (17 actions, 16 running)
[2,710 / 5,888] Creating runfiles tree bazel-out/k8-fastbuild/bin/tests/core/go_download_sdk/go_download_sdk_test_/go_download_sdk_test.runfiles; 1888s local ... (17 actions, 15 running)
[2,712 / 5,889] Creating runfiles tree bazel-out/k8-fastbuild/bin/tests/core/go_download_sdk/go_download_sdk_test_/go_download_sdk_test.runfiles; 1890s local ... (17 actions, 16 running)
[2,718 / 5,903] Creating runfiles tree bazel-out/k8-fastbuild/bin/tests/core/go_download_sdk/go_download_sdk_test_/go_download_sdk_test.runfiles; 1891s local ... (18 actions, 15 running)
[2,718 / 5,903] Creating runfiles tree bazel-out/k8-fastbuild/bin/tests/core/go_download_sdk/go_download_sdk_test_/go_download_sdk_test.runfiles; 1893s local ... (18 actions, 17 running)
[2,727 / 5,916] Creating runfiles tree bazel-out/k8-fastbuild/bin/tests/core/go_download_sdk/go_download_sdk_test_/go_download_sdk_test.runfiles; 1894s local ... (18 actions, 15 running)
[2,730 / 5,917] Creating runfiles tree bazel-out/k8-fastbuild/bin/tests/core/go_download_sdk/go_download_sdk_test_/go_download_sdk_test.runfiles; 1896s local ... (18 actions, 16 running)
[2,735 / 5,921] Creating runfiles tree bazel-out/k8-fastbuild/bin/tests/core/go_download_sdk/go_download_sdk_test_/go_download_sdk_test.runfiles; 1897s local ... (18 actions, 16 running)
[2,739 / 5,921] Creating runfiles tree bazel-out/k8-fastbuild/bin/tests/core/go_download_sdk/go_download_sdk_test_/go_download_sdk_test.runfiles; 1898s local ... (18 actions, 17 running)
[2,746 / 5,923] Creating runfiles tree bazel-out/k8-fastbuild/bin/tests/core/go_download_sdk/go_download_sdk_test_/go_download_sdk_test.runfiles; 1899s local ... (17 actions, 15 running)
[2,753 / 5,928] Creating runfiles tree bazel-out/k8-fastbuild/bin/tests/core/go_download_sdk/go_download_sdk_test_/go_download_sdk_test.runfiles; 1900s local ... (18 actions, 16 running)
[2,765 / 5,944] Creating runfiles tree bazel-out/k8-fastbuild/bin/tests/core/go_download_sdk/go_download_sdk_test_/go_download_sdk_test.runfiles; 1901s local ... (17 actions, 16 running)
[2,767 / 5,945] Creating runfiles tree bazel-out/k8-fastbuild/bin/tests/core/go_download_sdk/go_download_sdk_test_/go_download_sdk_test.runfiles; 1903s local ... (17 actions, 16 running)
[2,770 / 5,952] Creating runfiles tree bazel-out/k8-fastbuild/bin/tests/core/go_download_sdk/go_download_sdk_test_/go_download_sdk_test.runfiles; 1904s local ... (17 actions, 16 running)
[2,779 / 5,973] Creating runfiles tree bazel-out/k8-fastbuild/bin/tests/core/go_download_sdk/go_download_sdk_test_/go_download_sdk_test.runfiles; 1905s local ... (17 actions, 16 running)
[2,780 / 5,983] Creating runfiles tree bazel-out/k8-fastbuild/bin/tests/core/go_download_sdk/go_download_sdk_test_/go_download_sdk_test.runfiles; 1907s local ... (17 actions, 16 running)
[2,782 / 5,983] Creating runfiles tree bazel-out/k8-fastbuild/bin/tests/core/go_download_sdk/go_download_sdk_test_/go_download_sdk_test.runfiles; 1908s local ... (17 actions, 16 running)
[2,784 / 6,032] Creating runfiles tree bazel-out/k8-fastbuild/bin/tests/core/go_download_sdk/go_download_sdk_test_/go_download_sdk_test.runfiles; 1910s local ... (18 actions, 16 running)
[2,786 / 6,033] Creating runfiles tree bazel-out/k8-fastbuild/bin/tests/core/go_download_sdk/go_download_sdk_test_/go_download_sdk_test.runfiles; 1911s local ... (18 actions, 17 running)
[2,786 / 6,033] Creating runfiles tree bazel-out/k8-fastbuild/bin/tests/core/go_download_sdk/go_download_sdk_test_/go_download_sdk_test.runfiles; 1920s local ... (18 actions, 17 running)
[2,786 / 6,033] Creating runfiles tree bazel-out/k8-fastbuild/bin/tests/core/go_download_sdk/go_download_sdk_test_/go_download_sdk_test.runfiles; 1922s local ... (18 actions, 17 running)
[2,786 / 6,033] Creating runfiles tree bazel-out/k8-fastbuild/bin/tests/core/go_download_sdk/go_download_sdk_test_/go_download_sdk_test.runfiles; 1924s local ... (18 actions running)
[2,787 / 6,062] Creating runfiles tree bazel-out/k8-fastbuild/bin/tests/core/go_download_sdk/go_download_sdk_test_/go_download_sdk_test.runfiles; 1925s local ... (18 actions, 17 running)
[2,789 / 6,066] Creating runfiles tree bazel-out/k8-fastbuild/bin/tests/core/go_download_sdk/go_download_sdk_test_/go_download_sdk_test.runfiles; 1927s local ... (18 actions running)
[2,789 / 6,066] Creating runfiles tree bazel-out/k8-fastbuild/bin/tests/core/go_download_sdk/go_download_sdk_test_/go_download_sdk_test.runfiles; 1929s local ... (19 actions, 18 running)
[2,793 / 6,066] Creating runfiles tree bazel-out/k8-fastbuild/bin/tests/core/go_download_sdk/go_download_sdk_test_/go_download_sdk_test.runfiles; 1930s local ... (18 actions running)
[2,794 / 6,066] Creating runfiles tree bazel-out/k8-fastbuild/bin/tests/core/go_download_sdk/go_download_sdk_test_/go_download_sdk_test.runfiles; 1931s local ... (19 actions, 18 running)
[2,800 / 6,066] Creating runfiles tree bazel-out/k8-fastbuild/bin/tests/core/go_download_sdk/go_download_sdk_test_/go_download_sdk_test.runfiles; 1932s local ... (19 actions, 17 running)
[2,804 / 6,066] Creating runfiles tree bazel-out/k8-fastbuild/bin/tests/core/go_download_sdk/go_download_sdk_test_/go_download_sdk_test.runfiles; 1934s local ... (18 actions, 17 running)
[2,805 / 6,072] Creating runfiles tree bazel-out/k8-fastbuild/bin/tests/core/go_download_sdk/go_download_sdk_test_/go_download_sdk_test.runfiles; 1939s local ... (18 actions, 16 running)
[2,810 / 6,082] Creating runfiles tree bazel-out/k8-fastbuild/bin/tests/core/go_download_sdk/go_download_sdk_test_/go_download_sdk_test.runfiles; 1940s local ... (18 actions, 17 running)
[2,814 / 6,091] Creating runfiles tree bazel-out/k8-fastbuild/bin/tests/core/go_download_sdk/go_download_sdk_test_/go_download_sdk_test.runfiles; 1941s local ... (18 actions, 17 running)
[2,815 / 6,096] Creating runfiles tree bazel-out/k8-fastbuild/bin/tests/core/go_download_sdk/go_download_sdk_test_/go_download_sdk_test.runfiles; 1942s local ... (18 actions, 16 running)
[2,821 / 6,098] Creating runfiles tree bazel-out/k8-fastbuild/bin/tests/core/go_download_sdk/go_download_sdk_test_/go_download_sdk_test.runfiles; 1944s local ... (17 actions, 16 running)
[2,822 / 6,098] Creating runfiles tree bazel-out/k8-fastbuild/bin/tests/core/go_download_sdk/go_download_sdk_test_/go_download_sdk_test.runfiles; 1947s local ... (16 actions, 15 running)
[2,823 / 6,098] Creating runfiles tree bazel-out/k8-fastbuild/bin/tests/core/go_download_sdk/go_download_sdk_test_/go_download_sdk_test.runfiles; 1948s local ... (18 actions, 15 running)
[2,825 / 6,098] Creating runfiles tree bazel-out/k8-fastbuild/bin/tests/core/go_download_sdk/go_download_sdk_test_/go_download_sdk_test.runfiles; 1950s local ... (16 actions, 15 running)
[2,826 / 6,099] Creating runfiles tree bazel-out/k8-fastbuild/bin/tests/core/go_download_sdk/go_download_sdk_test_/go_download_sdk_test.runfiles; 1954s local ... (16 actions, 14 running)
[2,829 / 6,099] Creating runfiles tree bazel-out/k8-fastbuild/bin/tests/core/go_download_sdk/go_download_sdk_test_/go_download_sdk_test.runfiles; 1956s local ... (15 actions, 14 running)
[2,829 / 6,099] Creating runfiles tree bazel-out/k8-fastbuild/bin/tests/core/go_download_sdk/go_download_sdk_test_/go_download_sdk_test.runfiles; 1958s local ... (16 actions, 14 running)
[2,829 / 6,099] Creating runfiles tree bazel-out/k8-fastbuild/bin/tests/core/go_download_sdk/go_download_sdk_test_/go_download_sdk_test.runfiles; 1959s local ... (16 actions, 14 running)
[2,831 / 6,099] Creating runfiles tree bazel-out/k8-fastbuild/bin/tests/core/go_download_sdk/go_download_sdk_test_/go_download_sdk_test.runfiles; 1960s local ... (16 actions, 14 running)
[2,833 / 6,099] Creating runfiles tree bazel-out/k8-fastbuild/bin/tests/core/go_download_sdk/go_download_sdk_test_/go_download_sdk_test.runfiles; 1962s local ... (18 actions, 16 running)
[2,836 / 6,099] Creating runfiles tree bazel-out/k8-fastbuild/bin/tests/core/go_download_sdk/go_download_sdk_test_/go_download_sdk_test.runfiles; 1963s local ... (18 actions, 16 running)
[2,839 / 6,099] Creating runfiles tree bazel-out/k8-fastbuild/bin/tests/core/go_download_sdk/go_download_sdk_test_/go_download_sdk_test.runfiles; 1965s local ... (19 actions, 17 running)
[2,848 / 6,099] Creating runfiles tree bazel-out/k8-fastbuild/bin/tests/core/go_download_sdk/go_download_sdk_test_/go_download_sdk_test.runfiles; 1966s local ... (17 actions, 15 running)
[2,857 / 6,099] Creating runfiles tree bazel-out/k8-fastbuild/bin/tests/core/go_download_sdk/go_download_sdk_test_/go_download_sdk_test.runfiles; 1967s local ... (16 actions, 15 running)
[2,861 / 6,099] Creating runfiles tree bazel-out/k8-fastbuild/bin/tests/core/go_download_sdk/go_download_sdk_test_/go_download_sdk_test.runfiles; 1969s local ... (15 actions, 14 running)
[2,861 / 6,099] Creating runfiles tree bazel-out/k8-fastbuild/bin/tests/core/go_download_sdk/go_download_sdk_test_/go_download_sdk_test.runfiles; 1972s local ... (16 actions, 14 running)
[2,865 / 6,102] Creating runfiles tree bazel-out/k8-fastbuild/bin/tests/core/go_download_sdk/go_download_sdk_test_/go_download_sdk_test.runfiles; 1973s local ... (16 actions, 13 running)
[2,865 / 6,102] Creating runfiles tree bazel-out/k8-fastbuild/bin/tests/core/go_download_sdk/go_download_sdk_test_/go_download_sdk_test.runfiles; 1974s local ... (17 actions, 15 running)
[2,871 / 6,112] Creating runfiles tree bazel-out/k8-fastbuild/bin/tests/core/go_download_sdk/go_download_sdk_test_/go_download_sdk_test.runfiles; 1975s local ... (17 actions, 16 running)
[2,875 / 6,119] Creating runfiles tree bazel-out/k8-fastbuild/bin/tests/core/go_download_sdk/go_download_sdk_test_/go_download_sdk_test.runfiles; 1977s local ... (16 actions, 15 running)
[2,878 / 6,126] Creating runfiles tree bazel-out/k8-fastbuild/bin/tests/core/go_download_sdk/go_download_sdk_test_/go_download_sdk_test.runfiles; 1978s local ... (16 actions, 15 running)
[2,879 / 6,132] Creating runfiles tree bazel-out/k8-fastbuild/bin/tests/core/go_download_sdk/go_download_sdk_test_/go_download_sdk_test.runfiles; 1981s local ... (16 actions, 14 running)
[2,882 / 6,139] Creating runfiles tree bazel-out/k8-fastbuild/bin/tests/core/go_download_sdk/go_download_sdk_test_/go_download_sdk_test.runfiles; 1983s local ... (16 actions, 14 running)
[2,885 / 6,146] Creating runfiles tree bazel-out/k8-fastbuild/bin/tests/core/go_download_sdk/go_download_sdk_test_/go_download_sdk_test.runfiles; 1984s local ... (16 actions, 14 running)
[2,887 / 6,147] Creating runfiles tree bazel-out/k8-fastbuild/bin/tests/core/go_download_sdk/go_download_sdk_test_/go_download_sdk_test.runfiles; 1985s local ... (16 actions, 15 running)
[2,894 / 6,167] Creating runfiles tree bazel-out/k8-fastbuild/bin/tests/core/go_download_sdk/go_download_sdk_test_/go_download_sdk_test.runfiles; 1986s local ... (16 actions, 14 running)
[2,896 / 6,168] Creating runfiles tree bazel-out/k8-fastbuild/bin/tests/core/go_download_sdk/go_download_sdk_test_/go_download_sdk_test.runfiles; 1988s local ... (16 actions, 15 running)
[2,897 / 6,174] Creating runfiles tree bazel-out/k8-fastbuild/bin/tests/core/go_download_sdk/go_download_sdk_test_/go_download_sdk_test.runfiles; 1989s local ... (16 actions, 14 running)
[2,900 / 6,181] Creating runfiles tree bazel-out/k8-fastbuild/bin/tests/core/go_download_sdk/go_download_sdk_test_/go_download_sdk_test.runfiles; 1990s local ... (16 actions, 14 running)
[2,909 / 6,202] Creating runfiles tree bazel-out/k8-fastbuild/bin/tests/core/go_download_sdk/go_download_sdk_test_/go_download_sdk_test.runfiles; 1991s local ... (16 actions, 14 running)
[2,912 / 6,209] Creating runfiles tree bazel-out/k8-fastbuild/bin/tests/core/go_download_sdk/go_download_sdk_test_/go_download_sdk_test.runfiles; 1992s local ... (16 actions, 14 running)
[2,914 / 6,210] Creating runfiles tree bazel-out/k8-fastbuild/bin/tests/core/go_download_sdk/go_download_sdk_test_/go_download_sdk_test.runfiles; 1994s local ... (16 actions, 15 running)
[2,915 / 6,210] Creating runfiles tree bazel-out/k8-fastbuild/bin/tests/core/go_download_sdk/go_download_sdk_test_/go_download_sdk_test.runfiles; 1996s local ... (16 actions, 14 running)
[2,915 / 6,210] Creating runfiles tree bazel-out/k8-fastbuild/bin/tests/core/go_download_sdk/go_download_sdk_test_/go_download_sdk_test.runfiles; 1997s local ... (16 actions, 15 running)
[2,915 / 6,210] Creating runfiles tree bazel-out/k8-fastbuild/bin/tests/core/go_download_sdk/go_download_sdk_test_/go_download_sdk_test.runfiles; 1999s local ... (16 actions running)
[2,917 / 6,210] Creating runfiles tree bazel-out/k8-fastbuild/bin/tests/core/go_download_sdk/go_download_sdk_test_/go_download_sdk_test.runfiles; 2000s local ... (16 actions, 15 running)
[2,918 / 6,210] Creating runfiles tree bazel-out/k8-fastbuild/bin/tests/core/go_download_sdk/go_download_sdk_test_/go_download_sdk_test.runfiles; 2002s local ... (16 actions, 15 running)
[2,919 / 6,210] Creating runfiles tree bazel-out/k8-fastbuild/bin/tests/core/go_download_sdk/go_download_sdk_test_/go_download_sdk_test.runfiles; 2005s local ... (16 actions, 14 running)
[2,920 / 6,210] Creating runfiles tree bazel-out/k8-fastbuild/bin/tests/core/go_download_sdk/go_download_sdk_test_/go_download_sdk_test.runfiles; 2006s local ... (16 actions, 14 running)
[2,925 / 6,221] Creating runfiles tree bazel-out/k8-fastbuild/bin/tests/core/go_download_sdk/go_download_sdk_test_/go_download_sdk_test.runfiles; 2008s local ... (16 actions, 14 running)
[2,932 / 6,221] Creating runfiles tree bazel-out/k8-fastbuild/bin/tests/core/go_download_sdk/go_download_sdk_test_/go_download_sdk_test.runfiles; 2009s local ... (16 actions, 15 running)
[2,940 / 6,224] Creating runfiles tree bazel-out/k8-fastbuild/bin/tests/core/go_download_sdk/go_download_sdk_test_/go_download_sdk_test.runfiles; 2010s local ... (16 actions, 15 running)
[2,942 / 6,224] Creating runfiles tree bazel-out/k8-fastbuild/bin/tests/core/go_download_sdk/go_download_sdk_test_/go_download_sdk_test.runfiles; 2011s local ... (17 actions, 15 running)
[2,945 / 6,224] Creating runfiles tree bazel-out/k8-fastbuild/bin/tests/core/go_download_sdk/go_download_sdk_test_/go_download_sdk_test.runfiles; 2012s local ... (17 actions, 15 running)
[2,946 / 6,224] Creating runfiles tree bazel-out/k8-fastbuild/bin/tests/core/go_download_sdk/go_download_sdk_test_/go_download_sdk_test.runfiles; 2014s local ... (16 actions, 15 running)
[2,946 / 6,224] Creating runfiles tree bazel-out/k8-fastbuild/bin/tests/core/go_download_sdk/go_download_sdk_test_/go_download_sdk_test.runfiles; 2015s local ... (17 actions, 15 running)
[2,950 / 6,224] Creating runfiles tree bazel-out/k8-fastbuild/bin/tests/core/go_download_sdk/go_download_sdk_test_/go_download_sdk_test.runfiles; 2017s local ... (16 actions, 14 running)
[2,951 / 6,224] Creating runfiles tree bazel-out/k8-fastbuild/bin/tests/core/go_download_sdk/go_download_sdk_test_/go_download_sdk_test.runfiles; 2018s local ... (17 actions, 14 running)
[2,953 / 6,224] Creating runfiles tree bazel-out/k8-fastbuild/bin/tests/core/go_download_sdk/go_download_sdk_test_/go_download_sdk_test.runfiles; 2019s local ... (17 actions, 16 running)
[2,956 / 6,224] Creating runfiles tree bazel-out/k8-fastbuild/bin/tests/core/go_download_sdk/go_download_sdk_test_/go_download_sdk_test.runfiles; 2020s local ... (17 actions, 15 running)
[2,957 / 6,224] Creating runfiles tree bazel-out/k8-fastbuild/bin/tests/core/go_download_sdk/go_download_sdk_test_/go_download_sdk_test.runfiles; 2021s local ... (18 actions, 16 running)
[2,981 / 6,231] Creating runfiles tree bazel-out/k8-fastbuild/bin/tests/core/go_download_sdk/go_download_sdk_test_/go_download_sdk_test.runfiles; 2022s local ... (19 actions, 15 running)
[3,001 / 6,231] Creating runfiles tree bazel-out/k8-fastbuild/bin/tests/core/go_download_sdk/go_download_sdk_test_/go_download_sdk_test.runfiles; 2023s local ... (19 actions, 16 running)
[3,014 / 6,231] Creating runfiles tree bazel-out/k8-fastbuild/bin/tests/core/go_download_sdk/go_download_sdk_test_/go_download_sdk_test.runfiles; 2024s local ... (18 actions, 16 running)
[3,017 / 6,231] Creating runfiles tree bazel-out/k8-fastbuild/bin/tests/core/go_download_sdk/go_download_sdk_test_/go_download_sdk_test.runfiles; 2025s local ... (19 actions, 17 running)
[3,041 / 6,231] Creating runfiles tree bazel-out/k8-fastbuild/bin/tests/core/go_download_sdk/go_download_sdk_test_/go_download_sdk_test.runfiles; 2026s local ... (18 actions, 15 running)
[3,062 / 6,231] Creating runfiles tree bazel-out/k8-fastbuild/bin/tests/core/go_download_sdk/go_download_sdk_test_/go_download_sdk_test.runfiles; 2027s local ... (18 actions, 15 running)
[3,086 / 6,231] Creating runfiles tree bazel-out/k8-fastbuild/bin/tests/core/go_download_sdk/go_download_sdk_test_/go_download_sdk_test.runfiles; 2028s local ... (17 actions, 15 running)
[3,101 / 6,231] Creating runfiles tree bazel-out/k8-fastbuild/bin/tests/core/go_download_sdk/go_download_sdk_test_/go_download_sdk_test.runfiles; 2029s local ... (17 actions, 15 running)
[3,116 / 6,231] Creating runfiles tree bazel-out/k8-fastbuild/bin/tests/core/go_download_sdk/go_download_sdk_test_/go_download_sdk_test.runfiles; 2031s local ... (17 actions, 15 running)
[3,137 / 6,231] Creating runfiles tree bazel-out/k8-fastbuild/bin/tests/core/go_download_sdk/go_download_sdk_test_/go_download_sdk_test.runfiles; 2032s local ... (17 actions, 15 running)
[3,140 / 6,231] Creating runfiles tree bazel-out/k8-fastbuild/bin/tests/core/go_download_sdk/go_download_sdk_test_/go_download_sdk_test.runfiles; 2033s local ... (18 actions, 16 running)
[3,155 / 6,231] Creating runfiles tree bazel-out/k8-fastbuild/bin/tests/core/go_download_sdk/go_download_sdk_test_/go_download_sdk_test.runfiles; 2034s local ... (18 actions, 16 running)
[3,183 / 6,237] Creating runfiles tree bazel-out/k8-fastbuild/bin/tests/core/go_download_sdk/go_download_sdk_test_/go_download_sdk_test.runfiles; 2035s local ... (18 actions, 15 running)
[3,207 / 6,238] Creating runfiles tree bazel-out/k8-fastbuild/bin/tests/core/go_download_sdk/go_download_sdk_test_/go_download_sdk_test.runfiles; 2036s local ... (18 actions, 16 running)
[3,214 / 6,238] Creating runfiles tree bazel-out/k8-fastbuild/bin/tests/core/go_download_sdk/go_download_sdk_test_/go_download_sdk_test.runfiles; 2037s local ... (18 actions, 16 running)
[3,242 / 6,238] Creating runfiles tree bazel-out/k8-fastbuild/bin/tests/core/go_download_sdk/go_download_sdk_test_/go_download_sdk_test.runfiles; 2038s local ... (18 actions, 17 running)
[3,259 / 6,238] Creating runfiles tree bazel-out/k8-fastbuild/bin/tests/core/go_download_sdk/go_download_sdk_test_/go_download_sdk_test.runfiles; 2040s local ... (18 actions, 17 running)
[3,271 / 6,238] Creating runfiles tree bazel-out/k8-fastbuild/bin/tests/core/go_download_sdk/go_download_sdk_test_/go_download_sdk_test.runfiles; 2041s local ... (18 actions, 17 running)
[3,285 / 6,238] Creating runfiles tree bazel-out/k8-fastbuild/bin/tests/core/go_download_sdk/go_download_sdk_test_/go_download_sdk_test.runfiles; 2042s local ... (19 actions, 17 running)
[3,288 / 6,238] Creating runfiles tree bazel-out/k8-fastbuild/bin/tests/core/go_download_sdk/go_download_sdk_test_/go_download_sdk_test.runfiles; 2043s local ... (18 actions, 17 running)
[3,301 / 6,238] Creating runfiles tree bazel-out/k8-fastbuild/bin/tests/core/go_download_sdk/go_download_sdk_test_/go_download_sdk_test.runfiles; 2044s local ... (18 actions, 17 running)
[3,318 / 6,238] Creating runfiles tree bazel-out/k8-fastbuild/bin/tests/core/go_download_sdk/go_download_sdk_test_/go_download_sdk_test.runfiles; 2045s local ... (18 actions, 16 running)
[3,335 / 6,238] Creating runfiles tree bazel-out/k8-fastbuild/bin/tests/core/go_download_sdk/go_download_sdk_test_/go_download_sdk_test.runfiles; 2046s local ... (19 actions, 17 running)
[3,357 / 6,238] Creating runfiles tree bazel-out/k8-fastbuild/bin/tests/core/go_download_sdk/go_download_sdk_test_/go_download_sdk_test.runfiles; 2047s local ... (18 actions, 17 running)
[3,372 / 6,238] Creating runfiles tree bazel-out/k8-fastbuild/bin/tests/core/go_download_sdk/go_download_sdk_test_/go_download_sdk_test.runfiles; 2048s local ... (19 actions, 17 running)
[3,392 / 6,238] Creating runfiles tree bazel-out/k8-fastbuild/bin/tests/core/go_download_sdk/go_download_sdk_test_/go_download_sdk_test.runfiles; 2050s local ... (17 actions, 16 running)
[3,392 / 6,238] Creating runfiles tree bazel-out/k8-fastbuild/bin/tests/core/go_download_sdk/go_download_sdk_test_/go_download_sdk_test.runfiles; 2051s local ... (18 actions, 16 running)
[3,397 / 6,238] Creating runfiles tree bazel-out/k8-fastbuild/bin/tests/core/go_download_sdk/go_download_sdk_test_/go_download_sdk_test.runfiles; 2053s local ... (17 actions, 16 running)
[3,397 / 6,238] Creating runfiles tree bazel-out/k8-fastbuild/bin/tests/core/go_download_sdk/go_download_sdk_test_/go_download_sdk_test.runfiles; 2061s local ... (17 actions, 16 running)
[3,397 / 6,238] Creating runfiles tree bazel-out/k8-fastbuild/bin/tests/core/go_download_sdk/go_download_sdk_test_/go_download_sdk_test.runfiles; 2063s local ... (17 actions running)
[3,398 / 6,240] Creating runfiles tree bazel-out/k8-fastbuild/bin/tests/core/go_download_sdk/go_download_sdk_test_/go_download_sdk_test.runfiles; 2064s local ... (17 actions, 16 running)
[3,407 / 6,247] Creating runfiles tree bazel-out/k8-fastbuild/bin/tests/core/go_download_sdk/go_download_sdk_test_/go_download_sdk_test.runfiles; 2066s local ... (17 actions running)
[3,410 / 6,254] Creating runfiles tree bazel-out/k8-fastbuild/bin/tests/core/go_download_sdk/go_download_sdk_test_/go_download_sdk_test.runfiles; 2067s local ... (17 actions running)
[3,413 / 6,261] Creating runfiles tree bazel-out/k8-fastbuild/bin/tests/core/go_download_sdk/go_download_sdk_test_/go_download_sdk_test.runfiles; 2069s local ... (17 actions running)
[3,413 / 6,261] Creating runfiles tree bazel-out/k8-fastbuild/bin/tests/core/go_download_sdk/go_download_sdk_test_/go_download_sdk_test.runfiles; 2078s local ... (18 actions, 17 running)
[3,415 / 6,263] Creating runfiles tree bazel-out/k8-fastbuild/bin/tests/core/go_download_sdk/go_download_sdk_test_/go_download_sdk_test.runfiles; 2079s local ... (17 actions running)
[3,415 / 6,263] Creating runfiles tree bazel-out/k8-fastbuild/bin/tests/core/go_download_sdk/go_download_sdk_test_/go_download_sdk_test.runfiles; 2090s local ... (17 actions running)
[3,415 / 6,263] Creating runfiles tree bazel-out/k8-fastbuild/bin/tests/core/go_download_sdk/go_download_sdk_test_/go_download_sdk_test.runfiles; 2096s local ... (18 actions, 17 running)
[3,417 / 6,263] Creating runfiles tree bazel-out/k8-fastbuild/bin/tests/core/go_download_sdk/go_download_sdk_test_/go_download_sdk_test.runfiles; 2097s local ... (17 actions running)
[3,418 / 6,269] Creating runfiles tree bazel-out/k8-fastbuild/bin/tests/core/go_download_sdk/go_download_sdk_test_/go_download_sdk_test.runfiles; 2098s local ... (18 actions, 17 running)
[3,421 / 6,277] Creating runfiles tree bazel-out/k8-fastbuild/bin/tests/core/go_download_sdk/go_download_sdk_test_/go_download_sdk_test.runfiles; 2099s local ... (18 actions, 17 running)
[3,422 / 6,283] Creating runfiles tree bazel-out/k8-fastbuild/bin/tests/core/nogo/go_version/go_version_test_/go_version_test.runfiles; 2099s local ... (18 actions, 17 running)
[3,427 / 6,290] Creating runfiles tree bazel-out/k8-fastbuild/bin/tests/core/nogo/go_version/go_version_test_/go_version_test.runfiles; 2100s local ... (18 actions running)
[3,429 / 6,291] Creating runfiles tree bazel-out/k8-fastbuild/bin/tests/core/nogo/go_version/go_version_test_/go_version_test.runfiles; 2102s local ... (18 actions running)
[3,430 / 6,294] Creating runfiles tree bazel-out/k8-fastbuild/bin/tests/core/nogo/go_version/go_version_test_/go_version_test.runfiles; 2103s local ... (18 actions, 17 running)
[3,433 / 6,294] Creating runfiles tree bazel-out/k8-fastbuild/bin/tests/core/nogo/go_version/go_version_test_/go_version_test.runfiles; 2105s local ... (18 actions, 17 running)
[3,442 / 6,294] Creating runfiles tree bazel-out/k8-fastbuild/bin/tests/core/nogo/go_version/go_version_test_/go_version_test.runfiles; 2106s local ... (17 actions running)
[3,442 / 6,294] Creating runfiles tree bazel-out/k8-fastbuild/bin/tests/core/nogo/go_version/go_version_test_/go_version_test.runfiles; 2116s local ... (17 actions running)
[3,442 / 6,294] Creating runfiles tree bazel-out/k8-fastbuild/bin/tests/core/nogo/go_version/go_version_test_/go_version_test.runfiles; 2136s local ... (18 actions, 17 running)
[3,443 / 6,294] Creating runfiles tree bazel-out/k8-fastbuild/bin/tests/core/nogo/go_version/go_version_test_/go_version_test.runfiles; 2138s local ... (17 actions running)
[3,443 / 6,294] Creating runfiles tree bazel-out/k8-fastbuild/bin/tests/core/nogo/go_version/go_version_test_/go_version_test.runfiles; 2141s local ... (18 actions, 17 running)
[3,445 / 6,294] Creating runfiles tree bazel-out/k8-fastbuild/bin/tests/core/nogo/go_version/go_version_test_/go_version_test.runfiles; 2143s local ... (17 actions running)
[3,448 / 6,294] Creating runfiles tree bazel-out/k8-fastbuild/bin/tests/core/nogo/go_version/go_version_test_/go_version_test.runfiles; 2144s local ... (18 actions, 17 running)
[3,449 / 6,294] Creating runfiles tree bazel-out/k8-fastbuild/bin/tests/core/nogo/go_version/go_version_test_/go_version_test.runfiles; 2145s local ... (18 actions, 17 running)
[3,454 / 6,294] Creating runfiles tree bazel-out/k8-fastbuild/bin/tests/core/nogo/go_version/go_version_test_/go_version_test.runfiles; 2147s local ... (18 actions, 17 running)
[3,457 / 6,296] Creating runfiles tree bazel-out/k8-fastbuild/bin/tests/core/nogo/go_version/go_version_test_/go_version_test.runfiles; 2148s local ... (17 actions running)
[3,457 / 6,296] Creating runfiles tree bazel-out/k8-fastbuild/bin/tests/core/nogo/go_version/go_version_test_/go_version_test.runfiles; 2151s local ... (18 actions, 17 running)
[3,462 / 6,296] Creating runfiles tree bazel-out/k8-fastbuild/bin/tests/core/nogo/go_version/go_version_test_/go_version_test.runfiles; 2152s local ... (17 actions running)
[3,462 / 6,296] Creating runfiles tree bazel-out/k8-fastbuild/bin/tests/core/nogo/go_version/go_version_test_/go_version_test.runfiles; 2156s local ... (18 actions, 17 running)
[3,465 / 6,302] Creating runfiles tree bazel-out/k8-fastbuild/bin/tests/core/nogo/go_version/go_version_test_/go_version_test.runfiles; 2158s local ... (18 actions, 17 running)
[3,470 / 6,370] Creating runfiles tree bazel-out/k8-fastbuild/bin/tests/core/nogo/go_version/go_version_test_/go_version_test.runfiles; 2160s local ... (18 actions running)
[3,471 / 6,370] Creating runfiles tree bazel-out/k8-fastbuild/bin/tests/core/nogo/go_version/go_version_test_/go_version_test.runfiles; 2169s local ... (18 actions, 17 running)
[3,477 / 6,373] Creating runfiles tree bazel-out/k8-fastbuild/bin/tests/core/nogo/go_version/go_version_test_/go_version_test.runfiles; 2170s local ... (18 actions running)
[3,480 / 6,373] Creating runfiles tree bazel-out/k8-fastbuild/bin/tests/core/nogo/go_version/go_version_test_/go_version_test.runfiles; 2171s local ... (17 actions running)
[3,480 / 6,373] Creating runfiles tree bazel-out/k8-fastbuild/bin/tests/core/nogo/go_version/go_version_test_/go_version_test.runfiles; 2182s local ... (17 actions running)
[3,480 / 6,379] Creating runfiles tree bazel-out/k8-fastbuild/bin/tests/core/nogo/go_version/go_version_test_/go_version_test.runfiles; 2183s local ... (18 actions, 17 running)
[3,482 / 6,380] Creating runfiles tree bazel-out/k8-fastbuild/bin/tests/core/nogo/go_version/go_version_test_/go_version_test.runfiles; 2184s local ... (19 actions, 18 running)
[3,482 / 6,380] Creating runfiles tree bazel-out/k8-fastbuild/bin/tests/core/nogo/go_version/go_version_test_/go_version_test.runfiles; 2186s local ... (19 actions running)
[3,483 / 6,380] Creating runfiles tree bazel-out/k8-fastbuild/bin/tests/core/nogo/go_version/go_version_test_/go_version_test.runfiles; 2190s local ... (19 actions, 18 running)
[3,488 / 6,380] Creating runfiles tree bazel-out/k8-fastbuild/bin/tests/core/nogo/go_version/go_version_test_/go_version_test.runfiles; 2191s local ... (19 actions, 18 running)
[3,489 / 6,380] Creating runfiles tree bazel-out/k8-fastbuild/bin/tests/core/nogo/go_version/go_version_test_/go_version_test.runfiles; 2193s local ... (19 actions, 18 running)
[3,495 / 6,380] Creating runfiles tree bazel-out/k8-fastbuild/bin/tests/core/nogo/go_version/go_version_test_/go_version_test.runfiles; 2194s local ... (19 actions, 18 running)
[3,496 / 6,380] Creating runfiles tree bazel-out/k8-fastbuild/bin/tests/core/nogo/go_version/go_version_test_/go_version_test.runfiles; 2195s local ... (19 actions, 18 running)
[3,497 / 6,380] Creating runfiles tree bazel-out/k8-fastbuild/bin/tests/core/nogo/go_version/go_version_test_/go_version_test.runfiles; 2197s local ... (18 actions running)
[3,497 / 6,380] Creating runfiles tree bazel-out/k8-fastbuild/bin/tests/core/nogo/go_version/go_version_test_/go_version_test.runfiles; 2200s local ... (19 actions, 18 running)
[3,499 / 6,380] Creating runfiles tree bazel-out/k8-fastbuild/bin/tests/core/nogo/go_version/go_version_test_/go_version_test.runfiles; 2201s local ... (18 actions running)
[3,499 / 6,380] Creating runfiles tree bazel-out/k8-fastbuild/bin/tests/core/nogo/go_version/go_version_test_/go_version_test.runfiles; 2204s local ... (19 actions, 18 running)
[3,500 / 6,380] Creating runfiles tree bazel-out/k8-fastbuild/bin/tests/core/nogo/go_version/go_version_test_/go_version_test.runfiles; 2205s local ... (19 actions, 18 running)
[3,505 / 6,380] Creating runfiles tree bazel-out/k8-fastbuild/bin/tests/core/nogo/go_version/go_version_test_/go_version_test.runfiles; 2206s local ... (19 actions, 18 running)
[3,506 / 6,380] Creating runfiles tree bazel-out/k8-fastbuild/bin/tests/core/nogo/go_version/go_version_test_/go_version_test.runfiles; 2208s local ... (18 actions running)
[3,511 / 6,380] Creating runfiles tree bazel-out/k8-fastbuild/bin/tests/core/nogo/go_version/go_version_test_/go_version_test.runfiles; 2210s local ... (18 actions running)
[3,511 / 6,380] Creating runfiles tree bazel-out/k8-fastbuild/bin/tests/core/nogo/go_version/go_version_test_/go_version_test.runfiles; 2211s local ... (19 actions, 18 running)
[3,513 / 6,380] Creating runfiles tree bazel-out/k8-fastbuild/bin/tests/core/nogo/go_version/go_version_test_/go_version_test.runfiles; 2213s local ... (19 actions, 18 running)
[3,515 / 6,380] Creating runfiles tree bazel-out/k8-fastbuild/bin/tests/core/nogo/go_version/go_version_test_/go_version_test.runfiles; 2214s local ... (19 actions running)
[3,516 / 6,380] Creating runfiles tree bazel-out/k8-fastbuild/bin/tests/core/nogo/go_version/go_version_test_/go_version_test.runfiles; 2216s local ... (18 actions running)
[3,516 / 6,380] Creating runfiles tree bazel-out/k8-fastbuild/bin/tests/core/nogo/go_version/go_version_test_/go_version_test.runfiles; 2218s local ... (19 actions, 18 running)
[3,517 / 6,380] Creating runfiles tree bazel-out/k8-fastbuild/bin/tests/core/nogo/go_version/go_version_test_/go_version_test.runfiles; 2220s local ... (18 actions running)
[3,517 / 6,380] Creating runfiles tree bazel-out/k8-fastbuild/bin/tests/core/nogo/go_version/go_version_test_/go_version_test.runfiles; 2224s local ... (19 actions, 18 running)
[3,525 / 6,380] Creating runfiles tree bazel-out/k8-fastbuild/bin/tests/core/nogo/go_version/go_version_test_/go_version_test.runfiles; 2225s local ... (18 actions running)
[3,529 / 6,380] Creating runfiles tree bazel-out/k8-fastbuild/bin/tests/core/nogo/go_version/go_version_test_/go_version_test.runfiles; 2226s local ... (18 actions running)
[3,531 / 6,380] Creating runfiles tree bazel-out/k8-fastbuild/bin/tests/core/nogo/go_version/go_version_test_/go_version_test.runfiles; 2227s local ... (19 actions, 18 running)
[3,533 / 6,380] Creating runfiles tree bazel-out/k8-fastbuild/bin/tests/core/nogo/go_version/go_version_test_/go_version_test.runfiles; 2229s local ... (19 actions, 18 running)
[3,535 / 6,380] Creating runfiles tree bazel-out/k8-fastbuild/bin/tests/core/nogo/go_version/go_version_test_/go_version_test.runfiles; 2230s local ... (19 actions, 18 running)
[3,541 / 6,380] Creating runfiles tree bazel-out/k8-fastbuild/bin/tests/core/nogo/go_version/go_version_test_/go_version_test.runfiles; 2232s local ... (19 actions, 18 running)
[3,542 / 6,380] Creating runfiles tree bazel-out/k8-fastbuild/bin/tests/core/nogo/go_version/go_version_test_/go_version_test.runfiles; 2233s local ... (18 actions running)
[3,546 / 6,380] Creating runfiles tree bazel-out/k8-fastbuild/bin/tests/core/nogo/go_version/go_version_test_/go_version_test.runfiles; 2235s local ... (19 actions, 18 running)
[3,547 / 6,380] Creating runfiles tree bazel-out/k8-fastbuild/bin/tests/core/nogo/go_version/go_version_test_/go_version_test.runfiles; 2236s local ... (19 actions, 18 running)
[3,548 / 6,380] Creating runfiles tree bazel-out/k8-fastbuild/bin/tests/core/nogo/go_version/go_version_test_/go_version_test.runfiles; 2237s local ... (18 actions running)
[3,548 / 6,380] Creating runfiles tree bazel-out/k8-fastbuild/bin/tests/core/nogo/go_version/go_version_test_/go_version_test.runfiles; 2238s local ... (19 actions, 18 running)
[3,552 / 6,380] Creating runfiles tree bazel-out/k8-fastbuild/bin/tests/core/nogo/go_version/go_version_test_/go_version_test.runfiles; 2240s local ... (18 actions running)
[3,552 / 6,380] Creating runfiles tree bazel-out/k8-fastbuild/bin/tests/core/nogo/go_version/go_version_test_/go_version_test.runfiles; 2242s local ... (19 actions, 18 running)
[3,554 / 6,380] Creating runfiles tree bazel-out/k8-fastbuild/bin/tests/core/nogo/go_version/go_version_test_/go_version_test.runfiles; 2244s local ... (18 actions running)
[3,555 / 6,380] Creating runfiles tree bazel-out/k8-fastbuild/bin/tests/core/nogo/go_version/go_version_test_/go_version_test.runfiles; 2245s local ... (19 actions, 18 running)
[3,556 / 6,380] Creating runfiles tree bazel-out/k8-fastbuild/bin/tests/core/nogo/go_version/go_version_test_/go_version_test.runfiles; 2247s local ... (18 actions running)
[3,556 / 6,380] Creating runfiles tree bazel-out/k8-fastbuild/bin/tests/core/nogo/go_version/go_version_test_/go_version_test.runfiles; 2248s local ... (19 actions, 18 running)
[3,556 / 6,380] Creating runfiles tree bazel-out/k8-fastbuild/bin/tests/core/nogo/go_version/go_version_test_/go_version_test.runfiles; 2250s local ... (20 actions, 19 running)
[3,559 / 6,386] Creating runfiles tree bazel-out/k8-fastbuild/bin/tests/core/nogo/go_version/go_version_test_/go_version_test.runfiles; 2251s local ... (18 actions running)
[3,561 / 6,387] Creating runfiles tree bazel-out/k8-fastbuild/bin/tests/core/nogo/go_version/go_version_test_/go_version_test.runfiles; 2252s local ... (18 actions running)
[3,564 / 6,390] Creating runfiles tree bazel-out/k8-fastbuild/bin/tests/core/nogo/go_version/go_version_test_/go_version_test.runfiles; 2254s local ... (18 actions running)
[3,564 / 6,390] Creating runfiles tree bazel-out/k8-fastbuild/bin/tests/core/nogo/go_version/go_version_test_/go_version_test.runfiles; 2255s local ... (19 actions, 18 running)
[3,565 / 6,390] Creating runfiles tree bazel-out/k8-fastbuild/bin/tests/core/nogo/go_version/go_version_test_/go_version_test.runfiles; 2257s local ... (18 actions running)
[3,565 / 6,390] Creating runfiles tree bazel-out/k8-fastbuild/bin/tests/core/nogo/go_version/go_version_test_/go_version_test.runfiles; 2260s local ... (19 actions, 18 running)
[3,566 / 6,390] Creating runfiles tree bazel-out/k8-fastbuild/bin/tests/core/nogo/go_version/go_version_test_/go_version_test.runfiles; 2261s local ... (19 actions, 18 running)
[3,570 / 6,390] Creating runfiles tree bazel-out/k8-fastbuild/bin/tests/core/nogo/go_version/go_version_test_/go_version_test.runfiles; 2263s local ... (18 actions running)
[3,570 / 6,390] Creating runfiles tree bazel-out/k8-fastbuild/bin/tests/core/nogo/go_version/go_version_test_/go_version_test.runfiles; 2267s local ... (19 actions, 18 running)
[3,576 / 6,390] Creating runfiles tree bazel-out/k8-fastbuild/bin/tests/core/nogo/go_version/go_version_test_/go_version_test.runfiles; 2268s local ... (18 actions running)
[3,577 / 6,390] Creating runfiles tree bazel-out/k8-fastbuild/bin/tests/core/nogo/go_version/go_version_test_/go_version_test.runfiles; 2269s local ... (19 actions, 18 running)
[3,578 / 6,392] Creating runfiles tree bazel-out/k8-fastbuild/bin/tests/core/nogo/go_version/go_version_test_/go_version_test.runfiles; 2270s local ... (19 actions, 18 running)
[3,585 / 6,402] Creating runfiles tree bazel-out/k8-fastbuild/bin/tests/core/nogo/go_version/go_version_test_/go_version_test.runfiles; 2272s local ... (19 actions, 18 running)
[3,585 / 6,402] Creating runfiles tree bazel-out/k8-fastbuild/bin/tests/core/nogo/go_version/go_version_test_/go_version_test.runfiles; 2274s local ... (19 actions running)
[3,586 / 6,402] Creating runfiles tree bazel-out/k8-fastbuild/bin/tests/core/nogo/go_version/go_version_test_/go_version_test.runfiles; 2276s local ... (19 actions, 18 running)
[3,586 / 6,402] Creating runfiles tree bazel-out/k8-fastbuild/bin/tests/core/nogo/go_version/go_version_test_/go_version_test.runfiles; 2277s local ... (20 actions, 19 running)
[3,589 / 6,402] Creating runfiles tree bazel-out/k8-fastbuild/bin/tests/core/nogo/go_version/go_version_test_/go_version_test.runfiles; 2279s local ... (19 actions running)
[3,590 / 6,402] Creating runfiles tree bazel-out/k8-fastbuild/bin/tests/core/nogo/go_version/go_version_test_/go_version_test.runfiles; 2280s local ... (20 actions, 19 running)
[3,592 / 6,404] Creating runfiles tree bazel-out/k8-fastbuild/bin/tests/core/nogo/go_version/go_version_test_/go_version_test.runfiles; 2282s local ... (20 actions running)
[3,593 / 6,404] Creating runfiles tree bazel-out/k8-fastbuild/bin/tests/core/nogo/go_version/go_version_test_/go_version_test.runfiles; 2283s local ... (20 actions running)
[3,598 / 6,405] Creating runfiles tree bazel-out/k8-fastbuild/bin/tests/core/nogo/go_version/go_version_test_/go_version_test.runfiles; 2285s local ... (20 actions, 19 running)
[3,601 / 6,410] Creating runfiles tree bazel-out/k8-fastbuild/bin/tests/core/nogo/go_version/go_version_test_/go_version_test.runfiles; 2286s local ... (20 actions running)
[3,605 / 6,423] Creating runfiles tree bazel-out/k8-fastbuild/bin/tests/core/nogo/go_version/go_version_test_/go_version_test.runfiles; 2287s local ... (20 actions running)
[3,616 / 6,432] Creating runfiles tree bazel-out/k8-fastbuild/bin/tests/core/nogo/go_version/go_version_test_/go_version_test.runfiles; 2288s local ... (20 actions running)
[3,617 / 6,434] Creating runfiles tree bazel-out/k8-fastbuild/bin/tests/core/nogo/go_version/go_version_test_/go_version_test.runfiles; 2290s local ... (20 actions, 19 running)
[3,624 / 6,440] Creating runfiles tree bazel-out/k8-fastbuild/bin/tests/core/nogo/go_version/go_version_test_/go_version_test.runfiles; 2291s local ... (20 actions, 19 running)
[3,634 / 6,451] Creating runfiles tree bazel-out/k8-fastbuild/bin/tests/core/nogo/go_version/go_version_test_/go_version_test.runfiles; 2293s local ... (20 actions running)
[3,639 / 6,455] Creating runfiles tree bazel-out/k8-fastbuild/bin/tests/core/nogo/go_version/go_version_test_/go_version_test.runfiles; 2294s local ... (20 actions, 19 running)
[3,641 / 6,455] Creating runfiles tree bazel-out/k8-fastbuild/bin/tests/core/nogo/go_version/go_version_test_/go_version_test.runfiles; 2296s local ... (20 actions running)
[3,643 / 6,456] Creating runfiles tree bazel-out/k8-fastbuild/bin/tests/core/nogo/go_version/go_version_test_/go_version_test.runfiles; 2298s local ... (20 actions, 19 running)
[3,651 / 6,459] Creating runfiles tree bazel-out/k8-fastbuild/bin/tests/core/nogo/go_version/go_version_test_/go_version_test.runfiles; 2299s local ... (20 actions, 19 running)
[3,662 / 6,469] Creating runfiles tree bazel-out/k8-fastbuild/bin/tests/core/nogo/go_version/go_version_test_/go_version_test.runfiles; 2301s local ... (20 actions, 19 running)
[3,662 / 6,469] Creating runfiles tree bazel-out/k8-fastbuild/bin/tests/core/nogo/go_version/go_version_test_/go_version_test.runfiles; 2302s local ... (20 actions running)
[3,663 / 6,469] Creating runfiles tree bazel-out/k8-fastbuild/bin/tests/core/nogo/go_version/go_version_test_/go_version_test.runfiles; 2304s local ... (20 actions, 19 running)
[3,663 / 6,469] Creating runfiles tree bazel-out/k8-fastbuild/bin/tests/core/nogo/go_version/go_version_test_/go_version_test.runfiles; 2305s local ... (20 actions running)
[3,664 / 6,469] Creating runfiles tree bazel-out/k8-fastbuild/bin/tests/core/nogo/go_version/go_version_test_/go_version_test.runfiles; 2308s local ... (20 actions, 19 running)
[3,671 / 6,475] Creating runfiles tree bazel-out/k8-fastbuild/bin/tests/core/nogo/go_version/go_version_test_/go_version_test.runfiles; 2310s local ... (20 actions, 19 running)
[3,672 / 6,475] Creating runfiles tree bazel-out/k8-fastbuild/bin/tests/core/nogo/go_version/go_version_test_/go_version_test.runfiles; 2311s local ... (20 actions, 19 running)
[3,673 / 6,476] Creating runfiles tree bazel-out/k8-fastbuild/bin/tests/core/nogo/go_version/go_version_test_/go_version_test.runfiles; 2312s local ... (20 actions running)
[3,676 / 6,479] Creating runfiles tree bazel-out/k8-fastbuild/bin/tests/core/nogo/go_version/go_version_test_/go_version_test.runfiles; 2313s local ... (20 actions running)
[3,681 / 6,487] Creating runfiles tree bazel-out/k8-fastbuild/bin/tests/core/nogo/go_version/go_version_test_/go_version_test.runfiles; 2314s local ... (20 actions running)
[3,682 / 6,493] Creating runfiles tree bazel-out/k8-fastbuild/bin/tests/core/nogo/go_version/go_version_test_/go_version_test.runfiles; 2315s local ... (20 actions, 19 running)
[3,685 / 6,500] Creating runfiles tree bazel-out/k8-fastbuild/bin/tests/core/nogo/go_version/go_version_test_/go_version_test.runfiles; 2317s local ... (20 actions, 19 running)
[3,689 / 6,508] Creating runfiles tree bazel-out/k8-fastbuild/bin/tests/core/nogo/go_version/go_version_test_/go_version_test.runfiles; 2318s local ... (20 actions, 19 running)
[3,693 / 6,515] Creating runfiles tree bazel-out/k8-fastbuild/bin/tests/core/nogo/go_version/go_version_test_/go_version_test.runfiles; 2319s local ... (20 actions running)
[3,697 / 6,520] Creating runfiles tree bazel-out/k8-fastbuild/bin/tests/core/nogo/go_version/go_version_test_/go_version_test.runfiles; 2321s local ... (20 actions, 19 running)
[3,706 / 6,530] Creating runfiles tree bazel-out/k8-fastbuild/bin/tests/core/nogo/go_version/go_version_test_/go_version_test.runfiles; 2322s local ... (20 actions running)
[3,710 / 6,543] Creating runfiles tree bazel-out/k8-fastbuild/bin/tests/core/nogo/go_version/go_version_test_/go_version_test.runfiles; 2323s local ... (20 actions, 19 running)
[3,712 / 6,544] Creating runfiles tree bazel-out/k8-fastbuild/bin/tests/core/nogo/go_version/go_version_test_/go_version_test.runfiles; 2325s local ... (20 actions running)
[3,715 / 6,551] Creating runfiles tree bazel-out/k8-fastbuild/bin/tests/core/nogo/go_version/go_version_test_/go_version_test.runfiles; 2326s local ... (20 actions running)
[3,717 / 6,558] Creating runfiles tree bazel-out/k8-fastbuild/bin/tests/core/nogo/go_version/go_version_test_/go_version_test.runfiles; 2327s local ... (20 actions, 19 running)
[3,720 / 6,565] Creating runfiles tree bazel-out/k8-fastbuild/bin/tests/core/nogo/go_version/go_version_test_/go_version_test.runfiles; 2328s local ... (20 actions, 19 running)
[3,726 / 6,583] Creating runfiles tree bazel-out/k8-fastbuild/bin/tests/core/nogo/go_version/go_version_test_/go_version_test.runfiles; 2329s local ... (20 actions, 19 running)
[3,730 / 6,586] Creating runfiles tree bazel-out/k8-fastbuild/bin/tests/core/nogo/go_version/go_version_test_/go_version_test.runfiles; 2331s local ... (20 actions running)
[3,732 / 6,586] Creating runfiles tree bazel-out/k8-fastbuild/bin/tests/core/nogo/go_version/go_version_test_/go_version_test.runfiles; 2332s local ... (20 actions, 19 running)
[3,735 / 6,586] Creating runfiles tree bazel-out/k8-fastbuild/bin/tests/core/nogo/go_version/go_version_test_/go_version_test.runfiles; 2334s local ... (19 actions running)
[3,739 / 6,586] Creating runfiles tree bazel-out/k8-fastbuild/bin/tests/core/nogo/go_version/go_version_test_/go_version_test.runfiles; 2335s local ... (19 actions running)
[3,740 / 6,586] Creating runfiles tree bazel-out/k8-fastbuild/bin/tests/core/nogo/go_version/go_version_test_/go_version_test.runfiles; 2336s local ... (20 actions, 19 running)
[3,741 / 6,586] Creating runfiles tree bazel-out/k8-fastbuild/bin/tests/core/nogo/go_version/go_version_test_/go_version_test.runfiles; 2338s local ... (19 actions running)
[3,743 / 6,592] Creating runfiles tree bazel-out/k8-fastbuild/bin/tests/core/nogo/go_version/go_version_test_/go_version_test.runfiles; 2339s local ... (20 actions running)
[3,744 / 6,593] Creating runfiles tree bazel-out/k8-fastbuild/bin/tests/core/nogo/go_version/go_version_test_/go_version_test.runfiles; 2341s local ... (20 actions, 19 running)
[3,748 / 6,600] Creating runfiles tree bazel-out/k8-fastbuild/bin/tests/core/nogo/go_version/go_version_test_/go_version_test.runfiles; 2342s local ... (20 actions running)
[3,752 / 6,603] Creating runfiles tree bazel-out/k8-fastbuild/bin/tests/core/nogo/go_version/go_version_test_/go_version_test.runfiles; 2343s local ... (20 actions running)
[3,753 / 6,603] Creating runfiles tree bazel-out/k8-fastbuild/bin/tests/core/nogo/go_version/go_version_test_/go_version_test.runfiles; 2344s local ... (20 actions, 19 running)
[3,753 / 6,603] Creating runfiles tree bazel-out/k8-fastbuild/bin/tests/core/nogo/go_version/go_version_test_/go_version_test.runfiles; 2346s local ... (20 actions running)
[3,753 / 6,603] Creating runfiles tree bazel-out/k8-fastbuild/bin/tests/core/nogo/go_version/go_version_test_/go_version_test.runfiles; 2354s local ... (20 actions running)
[3,753 / 6,603] Creating runfiles tree bazel-out/k8-fastbuild/bin/tests/core/nogo/go_version/go_version_test_/go_version_test.runfiles; 2384s local ... (20 actions running)
[3,754 / 6,603] Creating runfiles tree bazel-out/k8-fastbuild/bin/tests/core/nogo/go_version/go_version_test_/go_version_test.runfiles; 2430s local ... (20 actions, 19 running)
[3,762 / 6,612] Creating runfiles tree bazel-out/k8-fastbuild/bin/tests/core/nogo/go_version/go_version_test_/go_version_test.runfiles; 2432s local ... (18 actions running)
[3,762 / 6,612] Creating runfiles tree bazel-out/k8-fastbuild/bin/tests/core/nogo/go_version/go_version_test_/go_version_test.runfiles; 2433s local ... (19 actions, 18 running)
[3,764 / 6,612] Creating runfiles tree bazel-out/k8-fastbuild/bin/tests/core/nogo/go_version/go_version_test_/go_version_test.runfiles; 2434s local ... (20 actions, 18 running)
[3,767 / 6,612] Creating runfiles tree bazel-out/k8-fastbuild/bin/tests/core/nogo/go_version/go_version_test_/go_version_test.runfiles; 2436s local ... (19 actions, 18 running)
[3,773 / 6,612] Creating runfiles tree bazel-out/k8-fastbuild/bin/tests/core/nogo/go_version/go_version_test_/go_version_test.runfiles; 2437s local ... (18 actions running)
[3,773 / 6,612] Creating runfiles tree bazel-out/k8-fastbuild/bin/tests/core/nogo/go_version/go_version_test_/go_version_test.runfiles; 2438s local ... (19 actions, 18 running)
[3,781 / 6,612] Creating runfiles tree bazel-out/k8-fastbuild/bin/tests/core/nogo/go_version/go_version_test_/go_version_test.runfiles; 2439s local ... (19 actions, 18 running)
[3,782 / 6,612] Creating runfiles tree bazel-out/k8-fastbuild/bin/tests/core/nogo/go_version/go_version_test_/go_version_test.runfiles; 2440s local ... (20 actions, 18 running)
[3,790 / 6,612] Creating runfiles tree bazel-out/k8-fastbuild/bin/tests/core/nogo/go_version/go_version_test_/go_version_test.runfiles; 2441s local ... (19 actions, 18 running)
[3,791 / 6,612] Creating runfiles tree bazel-out/k8-fastbuild/bin/tests/core/nogo/go_version/go_version_test_/go_version_test.runfiles; 2442s local ... (19 actions, 18 running)
[3,797 / 6,612] Creating runfiles tree bazel-out/k8-fastbuild/bin/tests/core/nogo/go_version/go_version_test_/go_version_test.runfiles; 2444s local ... (19 actions, 18 running)
[3,797 / 6,612] Creating runfiles tree bazel-out/k8-fastbuild/bin/tests/core/nogo/go_version/go_version_test_/go_version_test.runfiles; 2445s local ... (20 actions, 18 running)
[3,804 / 6,612] Creating runfiles tree bazel-out/k8-fastbuild/bin/tests/core/nogo/go_version/go_version_test_/go_version_test.runfiles; 2447s local ... (18 actions running)
[3,804 / 6,612] Creating runfiles tree bazel-out/k8-fastbuild/bin/tests/core/nogo/go_version/go_version_test_/go_version_test.runfiles; 2452s local ... (19 actions, 18 running)
[3,804 / 6,612] Creating runfiles tree bazel-out/k8-fastbuild/bin/tests/core/nogo/go_version/go_version_test_/go_version_test.runfiles; 2454s local ... (19 actions running)
[3,805 / 6,612] Creating runfiles tree bazel-out/k8-fastbuild/bin/tests/core/nogo/go_version/go_version_test_/go_version_test.runfiles; 2456s local ... (18 actions running)
[3,805 / 6,618] Creating runfiles tree bazel-out/k8-fastbuild/bin/tests/core/nogo/go_version/go_version_test_/go_version_test.runfiles; 2461s local ... (19 actions, 18 running)
[3,807 / 6,619] Creating runfiles tree bazel-out/k8-fastbuild/bin/tests/core/nogo/go_version/go_version_test_/go_version_test.runfiles; 2462s local ... (19 actions running)
[3,807 / 6,619] Creating runfiles tree bazel-out/k8-fastbuild/bin/tests/core/nogo/go_version/go_version_test_/go_version_test.runfiles; 2465s local ... (20 actions, 19 running)
[3,808 / 6,619] Creating runfiles tree bazel-out/k8-fastbuild/bin/tests/core/nogo/go_version/go_version_test_/go_version_test.runfiles; 2466s local ... (19 actions running)
[3,811 / 6,619] Creating runfiles tree bazel-out/k8-fastbuild/bin/tests/core/nogo/go_version/go_version_test_/go_version_test.runfiles; 2468s local ... (18 actions running)
[3,811 / 6,619] Creating runfiles tree bazel-out/k8-fastbuild/bin/tests/core/nogo/go_version/go_version_test_/go_version_test.runfiles; 2469s local ... (19 actions, 18 running)
[3,817 / 6,619] Creating runfiles tree bazel-out/k8-fastbuild/bin/tests/core/nogo/go_version/go_version_test_/go_version_test.runfiles; 2471s local ... (19 actions, 18 running)
[3,820 / 6,619] Creating runfiles tree bazel-out/k8-fastbuild/bin/tests/core/nogo/go_version/go_version_test_/go_version_test.runfiles; 2472s local ... (18 actions running)
[3,820 / 6,619] Creating runfiles tree bazel-out/k8-fastbuild/bin/tests/core/nogo/go_version/go_version_test_/go_version_test.runfiles; 2474s local ... (19 actions, 18 running)
[3,820 / 6,619] Creating runfiles tree bazel-out/k8-fastbuild/bin/tests/core/nogo/go_version/go_version_test_/go_version_test.runfiles; 2475s local ... (19 actions running)
[3,821 / 6,619] Creating runfiles tree bazel-out/k8-fastbuild/bin/tests/core/nogo/go_version/go_version_test_/go_version_test.runfiles; 2476s local ... (19 actions, 18 running)
[3,821 / 6,619] Creating runfiles tree bazel-out/k8-fastbuild/bin/tests/core/nogo/go_version/go_version_test_/go_version_test.runfiles; 2478s local ... (19 actions, 18 running)
[3,826 / 6,619] Creating runfiles tree bazel-out/k8-fastbuild/bin/tests/core/nogo/go_version/go_version_test_/go_version_test.runfiles; 2480s local ... (19 actions running)
[3,828 / 6,619] Creating runfiles tree bazel-out/k8-fastbuild/bin/tests/core/nogo/go_version/go_version_test_/go_version_test.runfiles; 2481s local ... (18 actions running)
[3,830 / 6,619] Creating runfiles tree bazel-out/k8-fastbuild/bin/tests/core/nogo/go_version/go_version_test_/go_version_test.runfiles; 2483s local ... (18 actions running)
[3,830 / 6,619] Creating runfiles tree bazel-out/k8-fastbuild/bin/tests/core/nogo/go_version/go_version_test_/go_version_test.runfiles; 2485s local ... (19 actions, 18 running)
[3,831 / 6,619] Creating runfiles tree bazel-out/k8-fastbuild/bin/tests/core/nogo/go_version/go_version_test_/go_version_test.runfiles; 2486s local ... (18 actions running)
[3,831 / 6,619] Creating runfiles tree bazel-out/k8-fastbuild/bin/tests/core/nogo/go_version/go_version_test_/go_version_test.runfiles; 2487s local ... (19 actions running)
[3,832 / 6,619] Creating runfiles tree bazel-out/k8-fastbuild/bin/tests/core/nogo/go_version/go_version_test_/go_version_test.runfiles; 2490s local ... (18 actions running)
[3,832 / 6,619] Creating runfiles tree bazel-out/k8-fastbuild/bin/tests/core/nogo/go_version/go_version_test_/go_version_test.runfiles; 2501s local ... (19 actions, 18 running)
[3,834 / 6,619] Creating runfiles tree bazel-out/k8-fastbuild/bin/tests/core/nogo/go_version/go_version_test_/go_version_test.runfiles; 2503s local ... (18 actions running)
[3,839 / 6,619] Creating runfiles tree bazel-out/k8-fastbuild/bin/tests/core/nogo/go_version/go_version_test_/go_version_test.runfiles; 2505s local ... (18 actions running)
[3,843 / 6,619] Creating runfiles tree bazel-out/k8-fastbuild/bin/tests/core/nogo/go_version/go_version_test_/go_version_test.runfiles; 2506s local ... (19 actions running)
[3,845 / 6,619] Creating runfiles tree bazel-out/k8-fastbuild/bin/tests/core/nogo/go_version/go_version_test_/go_version_test.runfiles; 2508s local ... (18 actions running)
[3,845 / 6,619] Creating runfiles tree bazel-out/k8-fastbuild/bin/tests/core/nogo/go_version/go_version_test_/go_version_test.runfiles; 2509s local ... (19 actions, 18 running)
[3,846 / 6,619] Creating runfiles tree bazel-out/k8-fastbuild/bin/tests/core/nogo/go_version/go_version_test_/go_version_test.runfiles; 2511s local ... (18 actions running)
[3,846 / 6,619] Creating runfiles tree bazel-out/k8-fastbuild/bin/tests/core/nogo/go_version/go_version_test_/go_version_test.runfiles; 2515s local ... (19 actions, 18 running)
[3,847 / 6,619] Creating runfiles tree bazel-out/k8-fastbuild/bin/tests/core/nogo/go_version/go_version_test_/go_version_test.runfiles; 2516s local ... (19 actions running)
[3,848 / 6,619] Creating runfiles tree bazel-out/k8-fastbuild/bin/tests/core/nogo/go_version/go_version_test_/go_version_test.runfiles; 2519s local ... (19 actions, 18 running)
[3,850 / 6,619] Creating runfiles tree bazel-out/k8-fastbuild/bin/tests/core/nogo/go_version/go_version_test_/go_version_test.runfiles; 2520s local ... (19 actions, 18 running)
[3,851 / 6,619] Creating runfiles tree bazel-out/k8-fastbuild/bin/tests/core/nogo/go_version/go_version_test_/go_version_test.runfiles; 2521s local ... (19 actions, 18 running)
[3,852 / 6,619] Creating runfiles tree bazel-out/k8-fastbuild/bin/tests/core/nogo/go_version/go_version_test_/go_version_test.runfiles; 2522s local ... (18 actions running)
[3,852 / 6,619] Creating runfiles tree bazel-out/k8-fastbuild/bin/tests/core/nogo/go_version/go_version_test_/go_version_test.runfiles; 2524s local ... (19 actions, 18 running)
[3,853 / 6,619] Creating runfiles tree bazel-out/k8-fastbuild/bin/tests/core/nogo/go_version/go_version_test_/go_version_test.runfiles; 2525s local ... (18 actions running)
[3,854 / 6,619] Creating runfiles tree bazel-out/k8-fastbuild/bin/tests/core/nogo/go_version/go_version_test_/go_version_test.runfiles; 2526s local ... (20 actions, 18 running)
[3,860 / 6,619] Creating runfiles tree bazel-out/k8-fastbuild/bin/tests/core/nogo/go_version/go_version_test_/go_version_test.runfiles; 2528s local ... (18 actions running)
[3,860 / 6,619] Creating runfiles tree bazel-out/k8-fastbuild/bin/tests/core/nogo/go_version/go_version_test_/go_version_test.runfiles; 2538s local ... (18 actions running)
[3,860 / 6,619] Creating runfiles tree bazel-out/k8-fastbuild/bin/tests/core/nogo/go_version/go_version_test_/go_version_test.runfiles; 2542s local ... (19 actions, 18 running)
[3,863 / 6,619] Creating runfiles tree bazel-out/k8-fastbuild/bin/tests/core/nogo/go_version/go_version_test_/go_version_test.runfiles; 2544s local ... (19 actions, 18 running)
[3,868 / 6,619] Creating runfiles tree bazel-out/k8-fastbuild/bin/tests/core/nogo/go_version/go_version_test_/go_version_test.runfiles; 2545s local ... (18 actions running)
[3,868 / 6,620] Creating runfiles tree bazel-out/k8-fastbuild/bin/tests/core/nogo/go_version/go_version_test_/go_version_test.runfiles; 2551s local ... (19 actions, 18 running)
[3,871 / 6,627] Creating runfiles tree bazel-out/k8-fastbuild/bin/tests/core/nogo/go_version/go_version_test_/go_version_test.runfiles; 2552s local ... (19 actions running)
[3,873 / 6,634] Creating runfiles tree bazel-out/k8-fastbuild/bin/tests/core/nogo/go_version/go_version_test_/go_version_test.runfiles; 2553s local ... (20 actions running)
[3,874 / 6,640] Creating runfiles tree bazel-out/k8-fastbuild/bin/tests/core/nogo/go_version/go_version_test_/go_version_test.runfiles; 2554s local ... (20 actions, 19 running)
[3,876 / 6,641] Creating runfiles tree bazel-out/k8-fastbuild/bin/tests/core/nogo/go_version/go_version_test_/go_version_test.runfiles; 2556s local ... (20 actions running)
[3,877 / 6,648] Creating runfiles tree bazel-out/k8-fastbuild/bin/tests/core/nogo/go_version/go_version_test_/go_version_test.runfiles; 2557s local ... (20 actions, 19 running)
[3,879 / 6,649] Creating runfiles tree bazel-out/k8-fastbuild/bin/tests/core/nogo/go_version/go_version_test_/go_version_test.runfiles; 2559s local ... (20 actions running)
[3,882 / 6,660] Creating runfiles tree bazel-out/k8-fastbuild/bin/tests/core/nogo/go_version/go_version_test_/go_version_test.runfiles; 2561s local ... (20 actions running)
[3,883 / 6,666] Creating runfiles tree bazel-out/k8-fastbuild/bin/tests/core/nogo/go_version/go_version_test_/go_version_test.runfiles; 2562s local ... (20 actions, 19 running)
[3,885 / 6,667] Creating runfiles tree bazel-out/k8-fastbuild/bin/tests/core/nogo/go_version/go_version_test_/go_version_test.runfiles; 2563s local ... (20 actions running)
[3,888 / 6,677] Creating runfiles tree bazel-out/k8-fastbuild/bin/tests/core/nogo/go_version/go_version_test_/go_version_test.runfiles; 2565s local ... (20 actions running)
[3,889 / 6,683] Creating runfiles tree bazel-out/k8-fastbuild/bin/tests/core/nogo/go_version/go_version_test_/go_version_test.runfiles; 2566s local ... (20 actions, 19 running)
[3,891 / 6,684] Creating runfiles tree bazel-out/k8-fastbuild/bin/tests/core/nogo/go_version/go_version_test_/go_version_test.runfiles; 2568s local ... (20 actions running)
[3,894 / 6,691] Creating runfiles tree bazel-out/k8-fastbuild/bin/tests/core/nogo/go_version/go_version_test_/go_version_test.runfiles; 2569s local ... (20 actions running)
[3,895 / 6,698] Creating runfiles tree bazel-out/k8-fastbuild/bin/tests/core/nogo/go_version/go_version_test_/go_version_test.runfiles; 2571s local ... (20 actions running)
[3,900 / 6,708] Creating runfiles tree bazel-out/k8-fastbuild/bin/tests/core/nogo/go_version/go_version_test_/go_version_test.runfiles; 2572s local ... (20 actions running)
[3,909 / 6,728] Creating runfiles tree bazel-out/k8-fastbuild/bin/tests/core/nogo/go_version/go_version_test_/go_version_test.runfiles; 2573s local ... (20 actions, 19 running)
[3,915 / 6,740] Creating runfiles tree bazel-out/k8-fastbuild/bin/tests/core/nogo/go_version/go_version_test_/go_version_test.runfiles; 2574s local ... (20 actions running)
[3,918 / 6,747] Creating runfiles tree bazel-out/k8-fastbuild/bin/tests/core/nogo/go_version/go_version_test_/go_version_test.runfiles; 2576s local ... (20 actions, 19 running)
[3,932 / 6,757] Creating runfiles tree bazel-out/k8-fastbuild/bin/tests/core/nogo/go_version/go_version_test_/go_version_test.runfiles; 2577s local ... (19 actions running)
[3,933 / 6,757] Creating runfiles tree bazel-out/k8-fastbuild/bin/tests/core/nogo/custom/flags/flags_test_/flags_test.runfiles; 2576s local ... (18 actions running)
[3,934 / 6,757] Creating runfiles tree bazel-out/k8-fastbuild/bin/tests/core/nogo/custom/flags/flags_test_/flags_test.runfiles; 2577s local ... (18 actions running)
[3,934 / 6,757] Creating runfiles tree bazel-out/k8-fastbuild/bin/tests/core/nogo/custom/flags/flags_test_/flags_test.runfiles; 2587s local ... (18 actions running)
[3,934 / 6,757] Creating runfiles tree bazel-out/k8-fastbuild/bin/tests/core/nogo/custom/flags/flags_test_/flags_test.runfiles; 2617s local ... (18 actions running)
[3,934 / 6,757] Creating runfiles tree bazel-out/k8-fastbuild/bin/tests/core/nogo/custom/flags/flags_test_/flags_test.runfiles; 2663s local ... (19 actions, 18 running)
[3,934 / 6,757] Creating runfiles tree bazel-out/k8-fastbuild/bin/tests/core/nogo/custom/flags/flags_test_/flags_test.runfiles; 2664s local ... (19 actions, 18 running)
[3,935 / 6,757] Creating runfiles tree bazel-out/k8-fastbuild/bin/tests/core/nogo/custom/flags/flags_test_/flags_test.runfiles; 2666s local ... (18 actions running)
[3,935 / 6,757] Creating runfiles tree bazel-out/k8-fastbuild/bin/tests/core/nogo/custom/flags/flags_test_/flags_test.runfiles; 2667s local ... (19 actions, 18 running)
[3,940 / 6,757] Creating runfiles tree bazel-out/k8-fastbuild/bin/tests/core/nogo/custom/flags/flags_test_/flags_test.runfiles; 2669s local ... (18 actions running)
[3,940 / 6,757] Creating runfiles tree bazel-out/k8-fastbuild/bin/tests/core/nogo/custom/flags/flags_test_/flags_test.runfiles; 2673s local ... (19 actions, 18 running)
[3,942 / 6,757] Creating runfiles tree bazel-out/k8-fastbuild/bin/tests/core/nogo/custom/flags/flags_test_/flags_test.runfiles; 2675s local ... (18 actions running)
[3,947 / 6,757] Creating runfiles tree bazel-out/k8-fastbuild/bin/tests/core/nogo/custom/flags/flags_test_/flags_test.runfiles; 2677s local ... (18 actions running)
[3,947 / 6,757] Creating runfiles tree bazel-out/k8-fastbuild/bin/tests/core/nogo/custom/flags/flags_test_/flags_test.runfiles; 2683s local ... (19 actions, 18 running)
[3,952 / 6,757] Creating runfiles tree bazel-out/k8-fastbuild/bin/tests/core/nogo/custom/flags/flags_test_/flags_test.runfiles; 2685s local ... (18 actions running)
[3,952 / 6,757] Creating runfiles tree bazel-out/k8-fastbuild/bin/tests/core/nogo/custom/flags/flags_test_/flags_test.runfiles; 2686s local ... (19 actions running)
[3,958 / 6,757] Creating runfiles tree bazel-out/k8-fastbuild/bin/tests/core/nogo/custom/flags/flags_test_/flags_test.runfiles; 2687s local ... (18 actions running)
[3,963 / 6,757] Creating runfiles tree bazel-out/k8-fastbuild/bin/tests/core/nogo/custom/flags/flags_test_/flags_test.runfiles; 2688s local ... (19 actions, 18 running)
[3,964 / 6,757] Creating runfiles tree bazel-out/k8-fastbuild/bin/tests/core/nogo/custom/flags/flags_test_/flags_test.runfiles; 2689s local ... (19 actions, 18 running)
[3,971 / 6,757] Creating runfiles tree bazel-out/k8-fastbuild/bin/tests/core/nogo/custom/flags/flags_test_/flags_test.runfiles; 2691s local ... (18 actions running)
[3,971 / 6,757] Creating runfiles tree bazel-out/k8-fastbuild/bin/tests/core/nogo/custom/flags/flags_test_/flags_test.runfiles; 2701s local ... (18 actions running)
[3,971 / 6,757] Creating runfiles tree bazel-out/k8-fastbuild/bin/tests/core/nogo/custom/flags/flags_test_/flags_test.runfiles; 2706s local ... (19 actions, 18 running)
[3,973 / 6,757] Creating runfiles tree bazel-out/k8-fastbuild/bin/tests/core/nogo/custom/flags/flags_test_/flags_test.runfiles; 2708s local ... (18 actions running)
[3,973 / 6,757] Creating runfiles tree bazel-out/k8-fastbuild/bin/tests/core/nogo/custom/flags/flags_test_/flags_test.runfiles; 2710s local ... (19 actions, 18 running)
[3,975 / 6,757] Creating runfiles tree bazel-out/k8-fastbuild/bin/tests/core/nogo/custom/flags/flags_test_/flags_test.runfiles; 2712s local ... (18 actions running)
[3,975 / 6,757] Creating runfiles tree bazel-out/k8-fastbuild/bin/tests/core/nogo/custom/flags/flags_test_/flags_test.runfiles; 2713s local ... (19 actions, 18 running)
[3,979 / 6,757] Creating runfiles tree bazel-out/k8-fastbuild/bin/tests/core/nogo/custom/flags/flags_test_/flags_test.runfiles; 2715s local ... (18 actions running)
[3,979 / 6,757] Creating runfiles tree bazel-out/k8-fastbuild/bin/tests/core/nogo/custom/flags/flags_test_/flags_test.runfiles; 2716s local ... (19 actions, 18 running)
[3,979 / 6,757] Creating runfiles tree bazel-out/k8-fastbuild/bin/tests/core/nogo/custom/flags/flags_test_/flags_test.runfiles; 2718s local ... (19 actions running)
[3,983 / 6,757] Creating runfiles tree bazel-out/k8-fastbuild/bin/tests/core/nogo/custom/flags/flags_test_/flags_test.runfiles; 2719s local ... (19 actions, 18 running)
[3,987 / 6,757] Creating runfiles tree bazel-out/k8-fastbuild/bin/tests/core/nogo/custom/flags/flags_test_/flags_test.runfiles; 2720s local ... (19 actions, 18 running)
[3,989 / 6,757] Creating runfiles tree bazel-out/k8-fastbuild/bin/tests/core/nogo/custom/flags/flags_test_/flags_test.runfiles; 2722s local ... (18 actions running)
[3,989 / 6,757] Creating runfiles tree bazel-out/k8-fastbuild/bin/tests/core/nogo/custom/flags/flags_test_/flags_test.runfiles; 2723s local ... (19 actions, 18 running)
[3,992 / 6,757] Creating runfiles tree bazel-out/k8-fastbuild/bin/tests/core/nogo/custom/flags/flags_test_/flags_test.runfiles; 2725s local ... (18 actions running)
[3,994 / 6,764] Creating runfiles tree bazel-out/k8-fastbuild/bin/tests/core/nogo/custom/flags/flags_test_/flags_test.runfiles; 2726s local ... (19 actions running)
[3,994 / 6,764] Creating runfiles tree bazel-out/k8-fastbuild/bin/tests/core/nogo/custom/flags/flags_test_/flags_test.runfiles; 2728s local ... (20 actions running)
[3,995 / 6,764] Creating runfiles tree bazel-out/k8-fastbuild/bin/tests/core/nogo/custom/flags/flags_test_/flags_test.runfiles; 2730s local ... (19 actions running)
[3,998 / 6,764] Creating runfiles tree bazel-out/k8-fastbuild/bin/tests/core/nogo/custom/flags/flags_test_/flags_test.runfiles; 2731s local ... (20 actions, 19 running)
[4,000 / 6,764] Creating runfiles tree bazel-out/k8-fastbuild/bin/tests/core/nogo/custom/flags/flags_test_/flags_test.runfiles; 2732s local ... (20 actions, 19 running)
[4,001 / 6,764] Creating runfiles tree bazel-out/k8-fastbuild/bin/tests/core/nogo/custom/flags/flags_test_/flags_test.runfiles; 2734s local ... (19 actions running)
[4,001 / 6,764] Creating runfiles tree bazel-out/k8-fastbuild/bin/tests/core/nogo/custom/flags/flags_test_/flags_test.runfiles; 2735s local ... (20 actions, 19 running)
[4,001 / 6,764] Creating runfiles tree bazel-out/k8-fastbuild/bin/tests/core/nogo/custom/flags/flags_test_/flags_test.runfiles; 2736s local ... (20 actions, 19 running)
[4,006 / 6,764] Creating runfiles tree bazel-out/k8-fastbuild/bin/tests/core/nogo/custom/flags/flags_test_/flags_test.runfiles; 2737s local ... (20 actions, 19 running)
[4,012 / 6,764] Creating runfiles tree bazel-out/k8-fastbuild/bin/tests/core/nogo/custom/flags/flags_test_/flags_test.runfiles; 2739s local ... (20 actions running)
[4,013 / 6,764] Creating runfiles tree bazel-out/k8-fastbuild/bin/tests/core/nogo/custom/flags/flags_test_/flags_test.runfiles; 2740s local ... (19 actions running)
[4,013 / 6,764] Creating runfiles tree bazel-out/k8-fastbuild/bin/tests/core/nogo/custom/flags/flags_test_/flags_test.runfiles; 2741s local ... (20 actions, 19 running)
[4,019 / 6,764] Creating runfiles tree bazel-out/k8-fastbuild/bin/tests/core/nogo/custom/flags/flags_test_/flags_test.runfiles; 2743s local ... (20 actions, 19 running)
[4,020 / 6,764] Creating runfiles tree bazel-out/k8-fastbuild/bin/tests/core/nogo/custom/flags/flags_test_/flags_test.runfiles; 2745s local ... (19 actions running)
[4,020 / 6,764] Creating runfiles tree bazel-out/k8-fastbuild/bin/tests/core/nogo/custom/flags/flags_test_/flags_test.runfiles; 2751s local ... (20 actions, 19 running)
[4,022 / 6,764] Creating runfiles tree bazel-out/k8-fastbuild/bin/tests/core/nogo/custom/flags/flags_test_/flags_test.runfiles; 2753s local ... (19 actions running)
[4,024 / 6,764] Creating runfiles tree bazel-out/k8-fastbuild/bin/tests/core/nogo/custom/flags/flags_test_/flags_test.runfiles; 2755s local ... (19 actions running)
[4,026 / 6,764] Creating runfiles tree bazel-out/k8-fastbuild/bin/tests/core/nogo/custom/flags/flags_test_/flags_test.runfiles; 2756s local ... (20 actions, 19 running)
[4,032 / 6,764] Creating runfiles tree bazel-out/k8-fastbuild/bin/tests/core/nogo/custom/flags/flags_test_/flags_test.runfiles; 2757s local ... (20 actions, 19 running)
[4,034 / 6,764] Creating runfiles tree bazel-out/k8-fastbuild/bin/tests/core/nogo/custom/flags/flags_test_/flags_test.runfiles; 2759s local ... (20 actions, 19 running)
[4,044 / 6,764] Creating runfiles tree bazel-out/k8-fastbuild/bin/tests/core/nogo/custom/flags/flags_test_/flags_test.runfiles; 2760s local ... (20 actions, 19 running)
[4,045 / 6,764] Creating runfiles tree bazel-out/k8-fastbuild/bin/tests/core/nogo/custom/flags/flags_test_/flags_test.runfiles; 2761s local ... (20 actions, 19 running)
[4,045 / 6,764] Creating runfiles tree bazel-out/k8-fastbuild/bin/tests/core/nogo/custom/flags/flags_test_/flags_test.runfiles; 2763s local ... (20 actions running)
[4,046 / 6,764] Creating runfiles tree bazel-out/k8-fastbuild/bin/tests/core/nogo/custom/flags/flags_test_/flags_test.runfiles; 2765s local ... (20 actions, 19 running)
[4,051 / 6,764] Creating runfiles tree bazel-out/k8-fastbuild/bin/tests/core/nogo/custom/flags/flags_test_/flags_test.runfiles; 2767s local ... (19 actions running)
[4,055 / 6,764] Creating runfiles tree bazel-out/k8-fastbuild/bin/tests/core/nogo/custom/flags/flags_test_/flags_test.runfiles; 2769s local ... (19 actions running)
[4,061 / 6,764] Creating runfiles tree bazel-out/k8-fastbuild/bin/tests/core/nogo/custom/flags/flags_test_/flags_test.runfiles; 2770s local ... (20 actions, 19 running)
[4,066 / 6,764] Creating runfiles tree bazel-out/k8-fastbuild/bin/tests/core/nogo/custom/flags/flags_test_/flags_test.runfiles; 2771s local ... (20 actions, 19 running)
[4,070 / 6,764] Creating runfiles tree bazel-out/k8-fastbuild/bin/tests/core/nogo/custom/flags/flags_test_/flags_test.runfiles; 2772s local ... (20 actions, 19 running)
[4,074 / 6,764] Creating runfiles tree bazel-out/k8-fastbuild/bin/tests/core/nogo/custom/flags/flags_test_/flags_test.runfiles; 2774s local ... (19 actions running)
[4,074 / 6,764] Creating runfiles tree bazel-out/k8-fastbuild/bin/tests/core/nogo/custom/flags/flags_test_/flags_test.runfiles; 2775s local ... (20 actions, 19 running)
[4,080 / 6,764] Creating runfiles tree bazel-out/k8-fastbuild/bin/tests/core/nogo/custom/flags/flags_test_/flags_test.runfiles; 2777s local ... (19 actions running)
[4,080 / 6,764] Creating runfiles tree bazel-out/k8-fastbuild/bin/tests/core/nogo/custom/flags/flags_test_/flags_test.runfiles; 2778s local ... (20 actions, 19 running)
[4,082 / 6,764] Creating runfiles tree bazel-out/k8-fastbuild/bin/tests/core/nogo/custom/flags/flags_test_/flags_test.runfiles; 2780s local ... (19 actions running)
[4,082 / 6,764] Creating runfiles tree bazel-out/k8-fastbuild/bin/tests/core/nogo/custom/flags/flags_test_/flags_test.runfiles; 2783s local ... (20 actions, 19 running)
[4,082 / 6,764] Creating runfiles tree bazel-out/k8-fastbuild/bin/tests/core/nogo/custom/flags/flags_test_/flags_test.runfiles; 2785s local ... (20 actions, 19 running)
[4,083 / 6,764] Creating runfiles tree bazel-out/k8-fastbuild/bin/tests/core/nogo/custom/flags/flags_test_/flags_test.runfiles; 2786s local ... (20 actions running)
[4,084 / 6,764] Creating runfiles tree bazel-out/k8-fastbuild/bin/tests/core/nogo/custom/flags/flags_test_/flags_test.runfiles; 2787s local ... (19 actions running)
[4,084 / 6,764] Creating runfiles tree bazel-out/k8-fastbuild/bin/tests/core/nogo/custom/flags/flags_test_/flags_test.runfiles; 2789s local ... (20 actions, 19 running)
[4,085 / 6,764] Creating runfiles tree bazel-out/k8-fastbuild/bin/tests/core/nogo/custom/flags/flags_test_/flags_test.runfiles; 2791s local ... (19 actions running)
[4,085 / 6,764] Creating runfiles tree bazel-out/k8-fastbuild/bin/tests/core/nogo/custom/flags/flags_test_/flags_test.runfiles; 2801s local ... (19 actions running)
[4,085 / 6,764] Creating runfiles tree bazel-out/k8-fastbuild/bin/tests/core/nogo/custom/flags/flags_test_/flags_test.runfiles; 2831s local ... (19 actions running)
[4,085 / 6,764] Creating runfiles tree bazel-out/k8-fastbuild/bin/tests/core/nogo/custom/flags/flags_test_/flags_test.runfiles; 2862s local ... (20 actions, 19 running)
[4,087 / 6,764] Creating runfiles tree bazel-out/k8-fastbuild/bin/tests/core/nogo/custom/flags/flags_test_/flags_test.runfiles; 2864s local ... (20 actions, 19 running)
[4,089 / 6,764] Creating runfiles tree bazel-out/k8-fastbuild/bin/tests/core/nogo/custom/flags/flags_test_/flags_test.runfiles; 2865s local ... (19 actions running)
[4,089 / 6,764] Creating runfiles tree bazel-out/k8-fastbuild/bin/tests/core/nogo/custom/flags/flags_test_/flags_test.runfiles; 2869s local ... (20 actions, 19 running)
[4,091 / 6,764] Creating runfiles tree bazel-out/k8-fastbuild/bin/tests/core/nogo/custom/flags/flags_test_/flags_test.runfiles; 2871s local ... (19 actions running)
[4,092 / 6,770] Creating runfiles tree bazel-out/k8-fastbuild/bin/tests/core/nogo/includes_excludes/includes_exclude_test_/includes_exclude_test.runfiles; 2067s local ... (19 actions, 18 running)
[4,094 / 6,771] Creating runfiles tree bazel-out/k8-fastbuild/bin/tests/core/nogo/includes_excludes/includes_exclude_test_/includes_exclude_test.runfiles; 2069s local ... (19 actions running)
[4,094 / 6,771] Creating runfiles tree bazel-out/k8-fastbuild/bin/tests/core/nogo/includes_excludes/includes_exclude_test_/includes_exclude_test.runfiles; 2077s local ... (20 actions, 19 running)
[4,097 / 6,771] Creating runfiles tree bazel-out/k8-fastbuild/bin/tests/core/nogo/includes_excludes/includes_exclude_test_/includes_exclude_test.runfiles; 2079s local ... (20 actions, 19 running)
[4,098 / 6,771] Creating runfiles tree bazel-out/k8-fastbuild/bin/tests/core/nogo/includes_excludes/includes_exclude_test_/includes_exclude_test.runfiles; 2080s local ... (20 actions running)
[4,098 / 6,771] Creating runfiles tree bazel-out/k8-fastbuild/bin/tests/core/nogo/includes_excludes/includes_exclude_test_/includes_exclude_test.runfiles; 2091s local ... (20 actions running)
[4,098 / 6,771] Creating runfiles tree bazel-out/k8-fastbuild/bin/tests/core/nogo/includes_excludes/includes_exclude_test_/includes_exclude_test.runfiles; 2121s local ... (20 actions running)
[4,099 / 6,771] Creating runfiles tree bazel-out/k8-fastbuild/bin/tests/core/nogo/includes_excludes/includes_exclude_test_/includes_exclude_test.runfiles; 2160s local ... (20 actions, 19 running)
[4,104 / 6,771] Creating runfiles tree bazel-out/k8-fastbuild/bin/tests/core/nogo/includes_excludes/includes_exclude_test_/includes_exclude_test.runfiles; 2162s local ... (20 actions running)
[4,106 / 6,771] Creating runfiles tree bazel-out/k8-fastbuild/bin/tests/core/nogo/includes_excludes/includes_exclude_test_/includes_exclude_test.runfiles; 2164s local ... (19 actions running)
[4,115 / 6,771] Creating runfiles tree bazel-out/k8-fastbuild/bin/tests/core/nogo/includes_excludes/includes_exclude_test_/includes_exclude_test.runfiles; 2165s local ... (19 actions running)
[4,115 / 6,771] Creating runfiles tree bazel-out/k8-fastbuild/bin/tests/core/nogo/includes_excludes/includes_exclude_test_/includes_exclude_test.runfiles; 2167s local ... (20 actions, 19 running)
[4,121 / 6,771] Creating runfiles tree bazel-out/k8-fastbuild/bin/tests/core/nogo/includes_excludes/includes_exclude_test_/includes_exclude_test.runfiles; 2169s local ... (20 actions, 19 running)
[4,121 / 6,771] Creating runfiles tree bazel-out/k8-fastbuild/bin/tests/core/nogo/includes_excludes/includes_exclude_test_/includes_exclude_test.runfiles; 2170s local ... (20 actions running)
[4,124 / 6,771] Creating runfiles tree bazel-out/k8-fastbuild/bin/tests/core/nogo/includes_excludes/includes_exclude_test_/includes_exclude_test.runfiles; 2172s local ... (19 actions running)
[4,134 / 6,771] Creating runfiles tree bazel-out/k8-fastbuild/bin/tests/core/nogo/includes_excludes/includes_exclude_test_/includes_exclude_test.runfiles; 2173s local ... (19 actions running)
[4,134 / 6,771] Creating runfiles tree bazel-out/k8-fastbuild/bin/tests/core/nogo/includes_excludes/includes_exclude_test_/includes_exclude_test.runfiles; 2179s local ... (20 actions, 19 running)
[4,136 / 6,771] Creating runfiles tree bazel-out/k8-fastbuild/bin/tests/core/nogo/includes_excludes/includes_exclude_test_/includes_exclude_test.runfiles; 2181s local ... (19 actions running)
[4,136 / 6,771] Creating runfiles tree bazel-out/k8-fastbuild/bin/tests/core/nogo/includes_excludes/includes_exclude_test_/includes_exclude_test.runfiles; 2191s local ... (19 actions running)
[4,136 / 6,771] Creating runfiles tree bazel-out/k8-fastbuild/bin/tests/core/nogo/includes_excludes/includes_exclude_test_/includes_exclude_test.runfiles; 2221s local ... (19 actions running)
[4,137 / 6,771] Creating runfiles tree bazel-out/k8-fastbuild/bin/tests/core/nogo/includes_excludes/includes_exclude_test_/includes_exclude_test.runfiles; 2226s local ... (19 actions, 18 running)
[4,138 / 6,771] Creating runfiles tree bazel-out/k8-fastbuild/bin/tests/core/nogo/includes_excludes/includes_exclude_test_/includes_exclude_test.runfiles; 2228s local ... (19 actions, 18 running)
[4,138 / 6,771] Creating runfiles tree bazel-out/k8-fastbuild/bin/tests/core/nogo/includes_excludes/includes_exclude_test_/includes_exclude_test.runfiles; 2234s local ... (20 actions, 18 running)
[4,143 / 6,771] Creating runfiles tree bazel-out/k8-fastbuild/bin/tests/core/nogo/includes_excludes/includes_exclude_test_/includes_exclude_test.runfiles; 2236s local ... (19 actions, 18 running)
[4,143 / 6,771] Creating runfiles tree bazel-out/k8-fastbuild/bin/tests/core/nogo/includes_excludes/includes_exclude_test_/includes_exclude_test.runfiles; 2237s local ... (20 actions, 18 running)
[4,144 / 6,771] Creating runfiles tree bazel-out/k8-fastbuild/bin/tests/core/nogo/includes_excludes/includes_exclude_test_/includes_exclude_test.runfiles; 2239s local ... (19 actions, 18 running)
[4,149 / 6,771] Creating runfiles tree bazel-out/k8-fastbuild/bin/tests/core/nogo/includes_excludes/includes_exclude_test_/includes_exclude_test.runfiles; 2241s local ... (19 actions, 18 running)
[4,149 / 6,771] Creating runfiles tree bazel-out/k8-fastbuild/bin/tests/core/nogo/includes_excludes/includes_exclude_test_/includes_exclude_test.runfiles; 2242s local ... (20 actions, 18 running)
[4,150 / 6,771] Creating runfiles tree bazel-out/k8-fastbuild/bin/tests/core/nogo/includes_excludes/includes_exclude_test_/includes_exclude_test.runfiles; 2244s local ... (19 actions, 18 running)
[4,151 / 6,771] Creating runfiles tree bazel-out/k8-fastbuild/bin/tests/core/nogo/includes_excludes/includes_exclude_test_/includes_exclude_test.runfiles; 2245s local ... (20 actions, 18 running)
[4,157 / 6,771] Creating runfiles tree bazel-out/k8-fastbuild/bin/tests/core/nogo/includes_excludes/includes_exclude_test_/includes_exclude_test.runfiles; 2247s local ... (19 actions, 18 running)
[4,163 / 6,771] Creating runfiles tree bazel-out/k8-fastbuild/bin/tests/core/nogo/includes_excludes/includes_exclude_test_/includes_exclude_test.runfiles; 2248s local ... (19 actions, 18 running)
[4,163 / 6,771] Creating runfiles tree bazel-out/k8-fastbuild/bin/tests/core/nogo/includes_excludes/includes_exclude_test_/includes_exclude_test.runfiles; 2249s local ... (20 actions, 18 running)
[4,173 / 6,771] Creating runfiles tree bazel-out/k8-fastbuild/bin/tests/core/nogo/includes_excludes/includes_exclude_test_/includes_exclude_test.runfiles; 2251s local ... (19 actions, 18 running)
[4,173 / 6,771] Creating runfiles tree bazel-out/k8-fastbuild/bin/tests/core/nogo/includes_excludes/includes_exclude_test_/includes_exclude_test.runfiles; 2258s local ... (20 actions, 18 running)
[4,174 / 6,771] Creating runfiles tree bazel-out/k8-fastbuild/bin/tests/core/nogo/includes_excludes/includes_exclude_test_/includes_exclude_test.runfiles; 2259s local ... (20 actions, 18 running)
[4,176 / 6,771] Creating runfiles tree bazel-out/k8-fastbuild/bin/tests/core/nogo/includes_excludes/includes_exclude_test_/includes_exclude_test.runfiles; 2261s local ... (19 actions, 18 running)
[4,176 / 6,771] Creating runfiles tree bazel-out/k8-fastbuild/bin/tests/core/nogo/includes_excludes/includes_exclude_test_/includes_exclude_test.runfiles; 2264s local ... (20 actions, 18 running)
[4,181 / 6,771] Creating runfiles tree bazel-out/k8-fastbuild/bin/tests/core/nogo/includes_excludes/includes_exclude_test_/includes_exclude_test.runfiles; 2266s local ... (19 actions, 18 running)
[4,181 / 6,771] Creating runfiles tree bazel-out/k8-fastbuild/bin/tests/core/nogo/includes_excludes/includes_exclude_test_/includes_exclude_test.runfiles; 2267s local ... (20 actions, 18 running)
[4,184 / 6,778] Creating runfiles tree bazel-out/k8-fastbuild/bin/tests/core/nogo/includes_excludes/includes_exclude_test_/includes_exclude_test.runfiles; 2269s local ... (20 actions, 19 running)
[4,184 / 6,778] Creating runfiles tree bazel-out/k8-fastbuild/bin/tests/core/nogo/includes_excludes/includes_exclude_test_/includes_exclude_test.runfiles; 2279s local ... (20 actions, 19 running)
[4,184 / 6,778] Creating runfiles tree bazel-out/k8-fastbuild/bin/tests/core/nogo/includes_excludes/includes_exclude_test_/includes_exclude_test.runfiles; 2289s local ... (20 actions, 19 running)
[4,184 / 6,778] Creating runfiles tree bazel-out/k8-fastbuild/bin/tests/core/nogo/includes_excludes/includes_exclude_test_/includes_exclude_test.runfiles; 2291s local ... (20 actions running)
[4,185 / 6,778] Creating runfiles tree bazel-out/k8-fastbuild/bin/tests/core/nogo/includes_excludes/includes_exclude_test_/includes_exclude_test.runfiles; 2295s local ... (20 actions, 19 running)
[4,190 / 6,779] Creating runfiles tree bazel-out/k8-fastbuild/bin/tests/core/nogo/includes_excludes/includes_exclude_test_/includes_exclude_test.runfiles; 2297s local ... (20 actions, 19 running)
[4,191 / 6,779] Creating runfiles tree bazel-out/k8-fastbuild/bin/tests/core/nogo/includes_excludes/includes_exclude_test_/includes_exclude_test.runfiles; 2298s local ... (20 actions, 19 running)
[4,192 / 6,779] Creating runfiles tree bazel-out/k8-fastbuild/bin/tests/core/nogo/includes_excludes/includes_exclude_test_/includes_exclude_test.runfiles; 2299s local ... (20 actions, 19 running)
[4,195 / 6,781] Creating runfiles tree bazel-out/k8-fastbuild/bin/tests/core/nogo/includes_excludes/includes_exclude_test_/includes_exclude_test.runfiles; 2301s local ... (20 actions, 19 running)
[4,198 / 6,784] Creating runfiles tree bazel-out/k8-fastbuild/bin/tests/core/nogo/includes_excludes/includes_exclude_test_/includes_exclude_test.runfiles; 2302s local ... (20 actions running)
[4,199 / 6,807] Creating runfiles tree bazel-out/k8-fastbuild/bin/tests/core/nogo/includes_excludes/includes_exclude_test_/includes_exclude_test.runfiles; 2303s local ... (20 actions, 19 running)
[4,202 / 6,809] Creating runfiles tree bazel-out/k8-fastbuild/bin/tests/core/nogo/includes_excludes/includes_exclude_test_/includes_exclude_test.runfiles; 2304s local ... (20 actions, 19 running)
[4,207 / 6,819] Creating runfiles tree bazel-out/k8-fastbuild/bin/tests/core/nogo/includes_excludes/includes_exclude_test_/includes_exclude_test.runfiles; 2305s local ... (20 actions, 19 running)
[4,208 / 6,819] Creating runfiles tree bazel-out/k8-fastbuild/bin/tests/core/nogo/includes_excludes/includes_exclude_test_/includes_exclude_test.runfiles; 2306s local ... (20 actions, 19 running)
[4,209 / 6,819] Creating runfiles tree bazel-out/k8-fastbuild/bin/tests/core/nogo/includes_excludes/includes_exclude_test_/includes_exclude_test.runfiles; 2308s local ... (20 actions, 19 running)
[4,209 / 6,819] Creating runfiles tree bazel-out/k8-fastbuild/bin/tests/core/nogo/includes_excludes/includes_exclude_test_/includes_exclude_test.runfiles; 2317s local ... (20 actions, 19 running)
[4,209 / 6,819] Creating runfiles tree bazel-out/k8-fastbuild/bin/tests/core/nogo/includes_excludes/includes_exclude_test_/includes_exclude_test.runfiles; 2347s local ... (20 actions, 19 running)
[4,209 / 6,819] Creating runfiles tree bazel-out/k8-fastbuild/bin/tests/core/nogo/includes_excludes/includes_exclude_test_/includes_exclude_test.runfiles; 2362s local ... (20 actions, 19 running)
[4,209 / 6,819] Creating runfiles tree bazel-out/k8-fastbuild/bin/tests/core/nogo/includes_excludes/includes_exclude_test_/includes_exclude_test.runfiles; 2364s local ... (20 actions running)
[4,210 / 6,819] Creating runfiles tree bazel-out/k8-fastbuild/bin/tests/core/nogo/includes_excludes/includes_exclude_test_/includes_exclude_test.runfiles; 2370s local ... (20 actions, 19 running)
[4,212 / 6,819] Creating runfiles tree bazel-out/k8-fastbuild/bin/tests/core/nogo/includes_excludes/includes_exclude_test_/includes_exclude_test.runfiles; 2371s local ... (20 actions, 19 running)
[4,213 / 6,819] Creating runfiles tree bazel-out/k8-fastbuild/bin/tests/core/nogo/includes_excludes/includes_exclude_test_/includes_exclude_test.runfiles; 2373s local ... (20 actions, 19 running)
[4,214 / 6,819] Creating runfiles tree bazel-out/k8-fastbuild/bin/tests/core/nogo/includes_excludes/includes_exclude_test_/includes_exclude_test.runfiles; 2374s local ... (20 actions, 19 running)
[4,215 / 6,819] Creating runfiles tree bazel-out/k8-fastbuild/bin/tests/core/nogo/includes_excludes/includes_exclude_test_/includes_exclude_test.runfiles; 2375s local ... (20 actions, 19 running)
[4,215 / 6,819] Creating runfiles tree bazel-out/k8-fastbuild/bin/tests/core/nogo/includes_excludes/includes_exclude_test_/includes_exclude_test.runfiles; 2376s local ... (20 actions, 19 running)
[4,219 / 6,819] Creating runfiles tree bazel-out/k8-fastbuild/bin/tests/core/nogo/includes_excludes/includes_exclude_test_/includes_exclude_test.runfiles; 2377s local ... (20 actions, 19 running)
[4,222 / 6,821] Creating runfiles tree bazel-out/k8-fastbuild/bin/tests/core/nogo/includes_excludes/includes_exclude_test_/includes_exclude_test.runfiles; 2378s local ... (20 actions, 19 running)
[4,223 / 6,821] Creating runfiles tree bazel-out/k8-fastbuild/bin/tests/core/nogo/includes_excludes/includes_exclude_test_/includes_exclude_test.runfiles; 2380s local ... (20 actions, 19 running)
[4,223 / 6,821] Creating runfiles tree bazel-out/k8-fastbuild/bin/tests/core/nogo/includes_excludes/includes_exclude_test_/includes_exclude_test.runfiles; 2381s local ... (20 actions, 19 running)
[4,225 / 6,821] Creating runfiles tree bazel-out/k8-fastbuild/bin/tests/core/nogo/includes_excludes/includes_exclude_test_/includes_exclude_test.runfiles; 2382s local ... (20 actions, 19 running)
[4,229 / 6,821] Creating runfiles tree bazel-out/k8-fastbuild/bin/tests/core/nogo/includes_excludes/includes_exclude_test_/includes_exclude_test.runfiles; 2383s local ... (20 actions, 19 running)
[4,231 / 6,822] Creating runfiles tree bazel-out/k8-fastbuild/bin/tests/core/nogo/includes_excludes/includes_exclude_test_/includes_exclude_test.runfiles; 2385s local ... (20 actions, 19 running)
[4,235 / 6,822] Creating runfiles tree bazel-out/k8-fastbuild/bin/tests/core/nogo/includes_excludes/includes_exclude_test_/includes_exclude_test.runfiles; 2386s local ... (20 actions, 19 running)
[4,236 / 6,822] Creating runfiles tree bazel-out/k8-fastbuild/bin/tests/core/nogo/includes_excludes/includes_exclude_test_/includes_exclude_test.runfiles; 2387s local ... (20 actions, 19 running)
[4,236 / 6,822] Creating runfiles tree bazel-out/k8-fastbuild/bin/tests/core/nogo/includes_excludes/includes_exclude_test_/includes_exclude_test.runfiles; 2388s local ... (20 actions running)
[4,237 / 6,822] Creating runfiles tree bazel-out/k8-fastbuild/bin/tests/core/nogo/includes_excludes/includes_exclude_test_/includes_exclude_test.runfiles; 2389s local ... (20 actions, 19 running)
[4,237 / 6,823] Creating runfiles tree bazel-out/k8-fastbuild/bin/tests/core/nogo/includes_excludes/includes_exclude_test_/includes_exclude_test.runfiles; 2391s local ... (20 actions, 19 running)
[4,238 / 6,823] Creating runfiles tree bazel-out/k8-fastbuild/bin/tests/core/nogo/includes_excludes/includes_exclude_test_/includes_exclude_test.runfiles; 2393s local ... (20 actions running)
[4,239 / 6,823] Creating runfiles tree bazel-out/k8-fastbuild/bin/tests/core/nogo/includes_excludes/includes_exclude_test_/includes_exclude_test.runfiles; 2394s local ... (20 actions, 19 running)
[4,241 / 6,823] Creating runfiles tree bazel-out/k8-fastbuild/bin/tests/core/nogo/includes_excludes/includes_exclude_test_/includes_exclude_test.runfiles; 2395s local ... (20 actions, 19 running)
[4,243 / 6,823] Creating runfiles tree bazel-out/k8-fastbuild/bin/tests/core/nogo/includes_excludes/includes_exclude_test_/includes_exclude_test.runfiles; 2397s local ... (20 actions, 19 running)
[4,246 / 6,826] Creating runfiles tree bazel-out/k8-fastbuild/bin/tests/core/nogo/includes_excludes/includes_exclude_test_/includes_exclude_test.runfiles; 2398s local ... (20 actions, 19 running)
[4,246 / 6,826] Creating runfiles tree bazel-out/k8-fastbuild/bin/tests/core/nogo/includes_excludes/includes_exclude_test_/includes_exclude_test.runfiles; 2399s local ... (20 actions running)
[4,247 / 6,826] Creating runfiles tree bazel-out/k8-fastbuild/bin/tests/core/nogo/includes_excludes/includes_exclude_test_/includes_exclude_test.runfiles; 2400s local ... (20 actions, 19 running)
[4,247 / 6,826] Creating runfiles tree bazel-out/k8-fastbuild/bin/tests/core/nogo/includes_excludes/includes_exclude_test_/includes_exclude_test.runfiles; 2401s local ... (20 actions, 19 running)
[4,248 / 6,826] Creating runfiles tree bazel-out/k8-fastbuild/bin/tests/core/nogo/includes_excludes/includes_exclude_test_/includes_exclude_test.runfiles; 2403s local ... (20 actions running)
[4,249 / 6,826] Creating runfiles tree bazel-out/k8-fastbuild/bin/tests/core/nogo/includes_excludes/includes_exclude_test_/includes_exclude_test.runfiles; 2404s local ... (20 actions, 19 running)
[4,249 / 6,826] Creating runfiles tree bazel-out/k8-fastbuild/bin/tests/core/nogo/includes_excludes/includes_exclude_test_/includes_exclude_test.runfiles; 2405s local ... (20 actions, 19 running)
[4,250 / 6,826] Creating runfiles tree bazel-out/k8-fastbuild/bin/tests/core/nogo/includes_excludes/includes_exclude_test_/includes_exclude_test.runfiles; 2406s local ... (20 actions, 19 running)
[4,250 / 6,826] Creating runfiles tree bazel-out/k8-fastbuild/bin/tests/core/nogo/includes_excludes/includes_exclude_test_/includes_exclude_test.runfiles; 2408s local ... (20 actions running)
[4,253 / 6,826] Creating runfiles tree bazel-out/k8-fastbuild/bin/tests/core/nogo/includes_excludes/includes_exclude_test_/includes_exclude_test.runfiles; 2409s local ... (20 actions, 19 running)
[4,254 / 6,826] Creating runfiles tree bazel-out/k8-fastbuild/bin/tests/core/nogo/includes_excludes/includes_exclude_test_/includes_exclude_test.runfiles; 2411s local ... (20 actions, 19 running)
[4,256 / 6,826] Creating runfiles tree bazel-out/k8-fastbuild/bin/tests/core/nogo/includes_excludes/includes_exclude_test_/includes_exclude_test.runfiles; 2412s local ... (20 actions, 19 running)
[4,258 / 6,826] Creating runfiles tree bazel-out/k8-fastbuild/bin/tests/core/nogo/includes_excludes/includes_exclude_test_/includes_exclude_test.runfiles; 2414s local ... (20 actions, 19 running)
[4,259 / 6,826] Creating runfiles tree bazel-out/k8-fastbuild/bin/tests/core/nogo/includes_excludes/includes_exclude_test_/includes_exclude_test.runfiles; 2415s local ... (20 actions, 19 running)
[4,261 / 6,826] Creating runfiles tree bazel-out/k8-fastbuild/bin/tests/core/nogo/includes_excludes/includes_exclude_test_/includes_exclude_test.runfiles; 2416s local ... (20 actions, 19 running)
[4,263 / 6,826] Creating runfiles tree bazel-out/k8-fastbuild/bin/tests/core/nogo/includes_excludes/includes_exclude_test_/includes_exclude_test.runfiles; 2417s local ... (20 actions, 19 running)
[4,264 / 6,826] Creating runfiles tree bazel-out/k8-fastbuild/bin/tests/core/nogo/includes_excludes/includes_exclude_test_/includes_exclude_test.runfiles; 2419s local ... (20 actions, 19 running)
[4,265 / 6,826] Creating runfiles tree bazel-out/k8-fastbuild/bin/tests/core/nogo/includes_excludes/includes_exclude_test_/includes_exclude_test.runfiles; 2420s local ... (20 actions, 19 running)
[4,266 / 6,826] Creating runfiles tree bazel-out/k8-fastbuild/bin/tests/core/nogo/includes_excludes/includes_exclude_test_/includes_exclude_test.runfiles; 2421s local ... (20 actions, 19 running)
[4,266 / 6,826] Creating runfiles tree bazel-out/k8-fastbuild/bin/tests/core/nogo/includes_excludes/includes_exclude_test_/includes_exclude_test.runfiles; 2423s local ... (20 actions running)
[4,267 / 6,826] Creating runfiles tree bazel-out/k8-fastbuild/bin/tests/core/nogo/includes_excludes/includes_exclude_test_/includes_exclude_test.runfiles; 2424s local ... (20 actions, 19 running)
[4,268 / 6,826] Creating runfiles tree bazel-out/k8-fastbuild/bin/tests/core/nogo/includes_excludes/includes_exclude_test_/includes_exclude_test.runfiles; 2425s local ... (20 actions, 19 running)
[4,269 / 6,826] Creating runfiles tree bazel-out/k8-fastbuild/bin/tests/core/nogo/includes_excludes/includes_exclude_test_/includes_exclude_test.runfiles; 2426s local ... (20 actions, 19 running)
[4,270 / 6,826] Creating runfiles tree bazel-out/k8-fastbuild/bin/tests/core/nogo/includes_excludes/includes_exclude_test_/includes_exclude_test.runfiles; 2428s local ... (20 actions, 19 running)
[4,274 / 6,832] Creating runfiles tree bazel-out/k8-fastbuild/bin/tests/core/nogo/includes_excludes/includes_exclude_test_/includes_exclude_test.runfiles; 2429s local ... (20 actions, 19 running)
[4,277 / 6,833] Creating runfiles tree bazel-out/k8-fastbuild/bin/tests/core/nogo/includes_excludes/includes_exclude_test_/includes_exclude_test.runfiles; 2430s local ... (20 actions, 19 running)
[4,279 / 6,839] Creating runfiles tree bazel-out/k8-fastbuild/bin/tests/core/nogo/includes_excludes/includes_exclude_test_/includes_exclude_test.runfiles; 2431s local ... (20 actions, 19 running)
[4,280 / 6,839] Creating runfiles tree bazel-out/k8-fastbuild/bin/tests/core/nogo/includes_excludes/includes_exclude_test_/includes_exclude_test.runfiles; 2432s local ... (20 actions running)
[4,289 / 6,847] Creating runfiles tree bazel-out/k8-fastbuild/bin/tests/core/nogo/includes_excludes/includes_exclude_test_/includes_exclude_test.runfiles; 2434s local ... (20 actions running)
[4,296 / 6,855] Creating runfiles tree bazel-out/k8-fastbuild/bin/tests/core/nogo/includes_excludes/includes_exclude_test_/includes_exclude_test.runfiles; 2435s local ... (20 actions, 19 running)
[4,302 / 6,867] Creating runfiles tree bazel-out/k8-fastbuild/bin/tests/core/nogo/includes_excludes/includes_exclude_test_/includes_exclude_test.runfiles; 2436s local ... (20 actions, 19 running)
[4,307 / 6,990] Creating runfiles tree bazel-out/k8-fastbuild/bin/tests/core/nogo/includes_excludes/includes_exclude_test_/includes_exclude_test.runfiles; 2437s local ... (20 actions, 18 running)
[4,315 / 7,000] Creating runfiles tree bazel-out/k8-fastbuild/bin/tests/core/nogo/includes_excludes/includes_exclude_test_/includes_exclude_test.runfiles; 2438s local ... (20 actions, 19 running)
[4,331 / 7,034] Creating runfiles tree bazel-out/k8-fastbuild/bin/tests/core/nogo/includes_excludes/includes_exclude_test_/includes_exclude_test.runfiles; 2439s local ... (20 actions, 19 running)
[4,339 / 7,071] Creating runfiles tree bazel-out/k8-fastbuild/bin/tests/core/nogo/includes_excludes/includes_exclude_test_/includes_exclude_test.runfiles; 2441s local ... (20 actions, 19 running)
[4,344 / 7,075] Creating runfiles tree bazel-out/k8-fastbuild/bin/tests/core/nogo/includes_excludes/includes_exclude_test_/includes_exclude_test.runfiles; 2442s local ... (20 actions running)
[4,352 / 7,089] Creating runfiles tree bazel-out/k8-fastbuild/bin/tests/core/nogo/includes_excludes/includes_exclude_test_/includes_exclude_test.runfiles; 2443s local ... (20 actions, 19 running)
[4,356 / 7,106] Creating runfiles tree bazel-out/k8-fastbuild/bin/tests/core/nogo/includes_excludes/includes_exclude_test_/includes_exclude_test.runfiles; 2445s local ... (20 actions, 19 running)
[4,367 / 7,124] Creating runfiles tree bazel-out/k8-fastbuild/bin/tests/core/nogo/includes_excludes/includes_exclude_test_/includes_exclude_test.runfiles; 2446s local ... (20 actions, 19 running)
[4,376 / 7,166] Creating runfiles tree bazel-out/k8-fastbuild/bin/tests/core/nogo/includes_excludes/includes_exclude_test_/includes_exclude_test.runfiles; 2447s local ... (20 actions, 19 running)
[4,423 / 7,230] Creating runfiles tree bazel-out/k8-fastbuild/bin/tests/core/nogo/includes_excludes/includes_exclude_test_/includes_exclude_test.runfiles; 2449s local ... (20 actions, 19 running)
[4,426 / 7,234] Creating runfiles tree bazel-out/k8-fastbuild/bin/tests/core/nogo/includes_excludes/includes_exclude_test_/includes_exclude_test.runfiles; 2450s local ... (20 actions, 19 running)
[4,432 / 7,243] Creating runfiles tree bazel-out/k8-fastbuild/bin/tests/core/nogo/includes_excludes/includes_exclude_test_/includes_exclude_test.runfiles; 2452s local ... (20 actions, 19 running)
[4,437 / 7,259] Creating runfiles tree bazel-out/k8-fastbuild/bin/tests/core/nogo/includes_excludes/includes_exclude_test_/includes_exclude_test.runfiles; 2453s local ... (20 actions, 19 running)
[4,445 / 7,264] Creating runfiles tree bazel-out/k8-fastbuild/bin/tests/core/nogo/includes_excludes/includes_exclude_test_/includes_exclude_test.runfiles; 2454s local ... (20 actions, 19 running)
[4,450 / 7,271] Creating runfiles tree bazel-out/k8-fastbuild/bin/tests/core/nogo/includes_excludes/includes_exclude_test_/includes_exclude_test.runfiles; 2456s local ... (20 actions, 19 running)
[4,452 / 7,289] Creating runfiles tree bazel-out/k8-fastbuild/bin/tests/core/nogo/includes_excludes/includes_exclude_test_/includes_exclude_test.runfiles; 2457s local ... (20 actions, 19 running)
[4,453 / 7,290] Creating runfiles tree bazel-out/k8-fastbuild/bin/tests/core/nogo/includes_excludes/includes_exclude_test_/includes_exclude_test.runfiles; 2458s local ... (20 actions, 19 running)
[4,455 / 7,293] Creating runfiles tree bazel-out/k8-fastbuild/bin/tests/core/nogo/includes_excludes/includes_exclude_test_/includes_exclude_test.runfiles; 2459s local ... (20 actions, 18 running)
[4,462 / 7,340] Creating runfiles tree bazel-out/k8-fastbuild/bin/tests/core/nogo/includes_excludes/includes_exclude_test_/includes_exclude_test.runfiles; 2461s local ... (20 actions, 19 running)
[4,464 / 7,343] Creating runfiles tree bazel-out/k8-fastbuild/bin/tests/core/nogo/includes_excludes/includes_exclude_test_/includes_exclude_test.runfiles; 2462s local ... (20 actions, 19 running)
[4,465 / 7,343] Creating runfiles tree bazel-out/k8-fastbuild/bin/tests/core/nogo/includes_excludes/includes_exclude_test_/includes_exclude_test.runfiles; 2463s local ... (20 actions, 19 running)
[4,470 / 7,355] Creating runfiles tree bazel-out/k8-fastbuild/bin/tests/core/nogo/includes_excludes/includes_exclude_test_/includes_exclude_test.runfiles; 2465s local ... (20 actions, 19 running)
[4,473 / 7,359] Creating runfiles tree bazel-out/k8-fastbuild/bin/tests/core/nogo/includes_excludes/includes_exclude_test_/includes_exclude_test.runfiles; 2467s local ... (20 actions, 19 running)
[4,476 / 7,378] Creating runfiles tree bazel-out/k8-fastbuild/bin/tests/core/nogo/includes_excludes/includes_exclude_test_/includes_exclude_test.runfiles; 2468s local ... (20 actions, 19 running)
[4,507 / 7,422] Creating runfiles tree bazel-out/k8-fastbuild/bin/tests/core/nogo/includes_excludes/includes_exclude_test_/includes_exclude_test.runfiles; 2469s local ... (20 actions, 19 running)
[4,508 / 7,426] Creating runfiles tree bazel-out/k8-fastbuild/bin/tests/core/nogo/includes_excludes/includes_exclude_test_/includes_exclude_test.runfiles; 2471s local ... (20 actions, 19 running)
[4,509 / 7,426] Creating runfiles tree bazel-out/k8-fastbuild/bin/tests/core/nogo/includes_excludes/includes_exclude_test_/includes_exclude_test.runfiles; 2472s local ... (20 actions, 19 running)
[4,513 / 7,432] Creating runfiles tree bazel-out/k8-fastbuild/bin/tests/core/nogo/includes_excludes/includes_exclude_test_/includes_exclude_test.runfiles; 2474s local ... (20 actions, 19 running)
[4,514 / 7,434] Creating runfiles tree bazel-out/k8-fastbuild/bin/tests/core/nogo/includes_excludes/includes_exclude_test_/includes_exclude_test.runfiles; 2475s local ... (20 actions, 19 running)
[4,515 / 7,434] Creating runfiles tree bazel-out/k8-fastbuild/bin/tests/core/nogo/includes_excludes/includes_exclude_test_/includes_exclude_test.runfiles; 2476s local ... (20 actions, 19 running)
[4,516 / 7,455] Creating runfiles tree bazel-out/k8-fastbuild/bin/tests/core/nogo/includes_excludes/includes_exclude_test_/includes_exclude_test.runfiles; 2478s local ... (20 actions, 19 running)
[4,523 / 7,465] Creating runfiles tree bazel-out/k8-fastbuild/bin/tests/core/nogo/includes_excludes/includes_exclude_test_/includes_exclude_test.runfiles; 2479s local ... (20 actions, 19 running)
[4,524 / 7,465] Creating runfiles tree bazel-out/k8-fastbuild/bin/tests/core/nogo/includes_excludes/includes_exclude_test_/includes_exclude_test.runfiles; 2480s local ... (20 actions, 19 running)
[4,530 / 7,478] Creating runfiles tree bazel-out/k8-fastbuild/bin/tests/core/nogo/includes_excludes/includes_exclude_test_/includes_exclude_test.runfiles; 2482s local ... (20 actions, 19 running)
[4,531 / 7,478] Creating runfiles tree bazel-out/k8-fastbuild/bin/tests/core/nogo/includes_excludes/includes_exclude_test_/includes_exclude_test.runfiles; 2483s local ... (20 actions, 19 running)
[4,532 / 7,480] Creating runfiles tree bazel-out/k8-fastbuild/bin/tests/core/nogo/includes_excludes/includes_exclude_test_/includes_exclude_test.runfiles; 2484s local ... (20 actions, 19 running)
[4,542 / 7,502] Creating runfiles tree bazel-out/k8-fastbuild/bin/tests/core/nogo/includes_excludes/includes_exclude_test_/includes_exclude_test.runfiles; 2486s local ... (20 actions, 19 running)
[4,548 / 7,505] Creating runfiles tree bazel-out/k8-fastbuild/bin/tests/core/nogo/includes_excludes/includes_exclude_test_/includes_exclude_test.runfiles; 2487s local ... (20 actions, 19 running)
[4,549 / 7,510] Creating runfiles tree bazel-out/k8-fastbuild/bin/tests/core/nogo/includes_excludes/includes_exclude_test_/includes_exclude_test.runfiles; 2488s local ... (20 actions, 19 running)
[4,550 / 7,510] Creating runfiles tree bazel-out/k8-fastbuild/bin/tests/core/nogo/includes_excludes/includes_exclude_test_/includes_exclude_test.runfiles; 2490s local ... (20 actions, 19 running)
[4,557 / 7,520] Creating runfiles tree bazel-out/k8-fastbuild/bin/tests/core/nogo/includes_excludes/includes_exclude_test_/includes_exclude_test.runfiles; 2491s local ... (20 actions running)
[4,558 / 7,522] Creating runfiles tree bazel-out/k8-fastbuild/bin/tests/core/nogo/includes_excludes/includes_exclude_test_/includes_exclude_test.runfiles; 2493s local ... (20 actions, 19 running)
[4,560 / 7,529] Creating runfiles tree bazel-out/k8-fastbuild/bin/tests/core/nogo/includes_excludes/includes_exclude_test_/includes_exclude_test.runfiles; 2494s local ... (20 actions, 19 running)
[4,561 / 7,529] Creating runfiles tree bazel-out/k8-fastbuild/bin/tests/core/nogo/includes_excludes/includes_exclude_test_/includes_exclude_test.runfiles; 2495s local ... (20 actions, 19 running)
[4,564 / 7,535] Creating runfiles tree bazel-out/k8-fastbuild/bin/tests/core/nogo/includes_excludes/includes_exclude_test_/includes_exclude_test.runfiles; 2497s local ... (20 actions, 19 running)
[4,570 / 7,549] Creating runfiles tree bazel-out/k8-fastbuild/bin/tests/core/nogo/includes_excludes/includes_exclude_test_/includes_exclude_test.runfiles; 2498s local ... (20 actions, 19 running)
[4,578 / 7,592] Creating runfiles tree bazel-out/k8-fastbuild/bin/tests/core/nogo/includes_excludes/includes_exclude_test_/includes_exclude_test.runfiles; 2500s local ... (20 actions, 19 running)
[4,579 / 7,592] Creating runfiles tree bazel-out/k8-fastbuild/bin/tests/core/nogo/includes_excludes/includes_exclude_test_/includes_exclude_test.runfiles; 2501s local ... (20 actions, 19 running)
[4,589 / 7,619] Creating runfiles tree bazel-out/k8-fastbuild/bin/tests/core/nogo/includes_excludes/includes_exclude_test_/includes_exclude_test.runfiles; 2503s local ... (20 actions running)
[4,590 / 7,619] Creating runfiles tree bazel-out/k8-fastbuild/bin/tests/core/nogo/includes_excludes/includes_exclude_test_/includes_exclude_test.runfiles; 2504s local ... (20 actions, 19 running)
[4,603 / 7,647] Creating runfiles tree bazel-out/k8-fastbuild/bin/tests/core/nogo/includes_excludes/includes_exclude_test_/includes_exclude_test.runfiles; 2505s local ... (20 actions, 19 running)
[4,611 / 7,650] Creating runfiles tree bazel-out/k8-fastbuild/bin/tests/core/nogo/includes_excludes/includes_exclude_test_/includes_exclude_test.runfiles; 2506s local ... (20 actions running)
[4,618 / 7,653] Creating runfiles tree bazel-out/k8-fastbuild/bin/tests/core/nogo/includes_excludes/includes_exclude_test_/includes_exclude_test.runfiles; 2508s local ... (20 actions, 19 running)
[4,624 / 7,659] Creating runfiles tree bazel-out/k8-fastbuild/bin/tests/core/nogo/includes_excludes/includes_exclude_test_/includes_exclude_test.runfiles; 2509s local ... (20 actions, 19 running)
[4,629 / 7,687] Creating runfiles tree bazel-out/k8-fastbuild/bin/tests/core/nogo/includes_excludes/includes_exclude_test_/includes_exclude_test.runfiles; 2511s local ... (20 actions, 19 running)
[4,632 / 7,687] Creating runfiles tree bazel-out/k8-fastbuild/bin/tests/core/nogo/includes_excludes/includes_exclude_test_/includes_exclude_test.runfiles; 2512s local ... (20 actions running)
[4,662 / 7,702] Creating runfiles tree bazel-out/k8-fastbuild/bin/tests/core/nogo/includes_excludes/includes_exclude_test_/includes_exclude_test.runfiles; 2513s local ... (20 actions running)
[4,668 / 7,713] Creating runfiles tree bazel-out/k8-fastbuild/bin/tests/core/nogo/includes_excludes/includes_exclude_test_/includes_exclude_test.runfiles; 2515s local ... (20 actions, 19 running)
[4,677 / 7,718] Creating runfiles tree bazel-out/k8-fastbuild/bin/tests/core/nogo/includes_excludes/includes_exclude_test_/includes_exclude_test.runfiles; 2516s local ... (20 actions running)
[4,680 / 7,725] Creating runfiles tree bazel-out/k8-fastbuild/bin/tests/core/nogo/includes_excludes/includes_exclude_test_/includes_exclude_test.runfiles; 2517s local ... (20 actions running)
[4,684 / 7,738] Creating runfiles tree bazel-out/k8-fastbuild/bin/tests/core/nogo/includes_excludes/includes_exclude_test_/includes_exclude_test.runfiles; 2518s local ... (20 actions running)
[4,690 / 7,752] Creating runfiles tree bazel-out/k8-fastbuild/bin/tests/core/nogo/includes_excludes/includes_exclude_test_/includes_exclude_test.runfiles; 2519s local ... (20 actions running)
[4,695 / 7,761] Creating runfiles tree bazel-out/k8-fastbuild/bin/tests/core/nogo/includes_excludes/includes_exclude_test_/includes_exclude_test.runfiles; 2520s local ... (20 actions running)
[4,699 / 7,769] Creating runfiles tree bazel-out/k8-fastbuild/bin/tests/core/nogo/includes_excludes/includes_exclude_test_/includes_exclude_test.runfiles; 2522s local ... (20 actions running)
[4,702 / 7,769] Creating runfiles tree bazel-out/k8-fastbuild/bin/tests/core/nogo/includes_excludes/includes_exclude_test_/includes_exclude_test.runfiles; 2523s local ... (20 actions running)
[4,702 / 7,769] Creating runfiles tree bazel-out/k8-fastbuild/bin/tests/core/nogo/includes_excludes/includes_exclude_test_/includes_exclude_test.runfiles; 2532s local ... (20 actions running)
[4,702 / 7,769] Creating runfiles tree bazel-out/k8-fastbuild/bin/tests/core/nogo/includes_excludes/includes_exclude_test_/includes_exclude_test.runfiles; 2562s local ... (20 actions running)
[4,702 / 7,769] Creating runfiles tree bazel-out/k8-fastbuild/bin/tests/core/nogo/includes_excludes/includes_exclude_test_/includes_exclude_test.runfiles; 2622s local ... (20 actions running)
[4,703 / 7,769] Creating runfiles tree bazel-out/k8-fastbuild/bin/tests/core/nogo/includes_excludes/includes_exclude_test_/includes_exclude_test.runfiles; 2677s local ... (20 actions, 19 running)
[4,712 / 7,777] Creating runfiles tree bazel-out/k8-fastbuild/bin/tests/core/nogo/includes_excludes/includes_exclude_test_/includes_exclude_test.runfiles; 2679s local ... (20 actions running)
[4,714 / 7,779] Creating runfiles tree bazel-out/k8-fastbuild/bin/tests/core/nogo/includes_excludes/includes_exclude_test_/includes_exclude_test.runfiles; 2680s local ... (20 actions running)
[4,717 / 7,780] Creating runfiles tree bazel-out/k8-fastbuild/bin/tests/core/nogo/includes_excludes/includes_exclude_test_/includes_exclude_test.runfiles; 2682s local ... (20 actions running)
[4,717 / 7,780] Creating runfiles tree bazel-out/k8-fastbuild/bin/tests/core/nogo/includes_excludes/includes_exclude_test_/includes_exclude_test.runfiles; 2691s local ... (20 actions running)
[4,717 / 7,780] Creating runfiles tree bazel-out/k8-fastbuild/bin/tests/core/nogo/includes_excludes/includes_exclude_test_/includes_exclude_test.runfiles; 2721s local ... (20 actions running)
[4,718 / 7,780] Creating runfiles tree bazel-out/k8-fastbuild/bin/tests/core/nogo/includes_excludes/includes_exclude_test_/includes_exclude_test.runfiles; 2724s local ... (20 actions, 19 running)
[4,719 / 7,780] Creating runfiles tree bazel-out/k8-fastbuild/bin/tests/core/nogo/includes_excludes/includes_exclude_test_/includes_exclude_test.runfiles; 2726s local ... (19 actions running)
[4,722 / 7,780] Creating runfiles tree bazel-out/k8-fastbuild/bin/tests/core/nogo/includes_excludes/includes_exclude_test_/includes_exclude_test.runfiles; 2727s local ... (19 actions running)
[4,722 / 7,780] Creating runfiles tree bazel-out/k8-fastbuild/bin/tests/core/nogo/includes_excludes/includes_exclude_test_/includes_exclude_test.runfiles; 2729s local ... (20 actions, 19 running)
[4,723 / 7,780] Creating runfiles tree bazel-out/k8-fastbuild/bin/tests/core/nogo/includes_excludes/includes_exclude_test_/includes_exclude_test.runfiles; 2730s local ... (20 actions, 19 running)
[4,724 / 7,780] Creating runfiles tree bazel-out/k8-fastbuild/bin/tests/core/nogo/includes_excludes/includes_exclude_test_/includes_exclude_test.runfiles; 2731s local ... (20 actions, 19 running)
[4,727 / 7,780] Creating runfiles tree bazel-out/k8-fastbuild/bin/tests/core/nogo/includes_excludes/includes_exclude_test_/includes_exclude_test.runfiles; 2733s local ... (19 actions running)
[4,727 / 7,780] Creating runfiles tree bazel-out/k8-fastbuild/bin/tests/core/nogo/includes_excludes/includes_exclude_test_/includes_exclude_test.runfiles; 2734s local ... (20 actions, 19 running)
[4,728 / 7,780] Creating runfiles tree bazel-out/k8-fastbuild/bin/tests/core/nogo/includes_excludes/includes_exclude_test_/includes_exclude_test.runfiles; 2736s local ... (20 actions running)
[4,729 / 7,780] Creating runfiles tree bazel-out/k8-fastbuild/bin/tests/core/nogo/includes_excludes/includes_exclude_test_/includes_exclude_test.runfiles; 2737s local ... (20 actions, 19 running)
[4,730 / 7,780] Creating runfiles tree bazel-out/k8-fastbuild/bin/tests/core/nogo/includes_excludes/includes_exclude_test_/includes_exclude_test.runfiles; 2738s local ... (20 actions, 19 running)
[4,734 / 7,780] Creating runfiles tree bazel-out/k8-fastbuild/bin/tests/core/nogo/includes_excludes/includes_exclude_test_/includes_exclude_test.runfiles; 2739s local ... (20 actions, 19 running)
[4,735 / 7,780] Creating runfiles tree bazel-out/k8-fastbuild/bin/tests/core/nogo/includes_excludes/includes_exclude_test_/includes_exclude_test.runfiles; 2741s local ... (20 actions running)
[4,735 / 7,780] Creating runfiles tree bazel-out/k8-fastbuild/bin/tests/core/nogo/includes_excludes/includes_exclude_test_/includes_exclude_test.runfiles; 2751s local ... (20 actions running)
[4,736 / 7,780] Creating runfiles tree bazel-out/k8-fastbuild/bin/tests/core/nogo/includes_excludes/includes_exclude_test_/includes_exclude_test.runfiles; 2765s local ... (20 actions, 19 running)
[4,739 / 7,780] Creating runfiles tree bazel-out/k8-fastbuild/bin/tests/core/nogo/includes_excludes/includes_exclude_test_/includes_exclude_test.runfiles; 2766s local ... (19 actions running)
[4,742 / 7,780] Creating runfiles tree bazel-out/k8-fastbuild/bin/tests/core/nogo/includes_excludes/includes_exclude_test_/includes_exclude_test.runfiles; 2768s local ... (20 actions, 19 running)
[4,746 / 7,780] Creating runfiles tree bazel-out/k8-fastbuild/bin/tests/core/nogo/includes_excludes/includes_exclude_test_/includes_exclude_test.runfiles; 2769s local ... (19 actions running)
[4,746 / 7,786] Creating runfiles tree bazel-out/k8-fastbuild/bin/tests/core/nogo/includes_excludes/includes_exclude_test_/includes_exclude_test.runfiles; 2770s local ... (20 actions, 19 running)
[4,748 / 7,787] Creating runfiles tree bazel-out/k8-fastbuild/bin/tests/core/nogo/includes_excludes/includes_exclude_test_/includes_exclude_test.runfiles; 2772s local ... (20 actions running)
[4,749 / 7,793] Creating runfiles tree bazel-out/k8-fastbuild/bin/tests/core/nogo/includes_excludes/includes_exclude_test_/includes_exclude_test.runfiles; 2780s local ... (20 actions, 19 running)
[4,759 / 7,807] Creating runfiles tree bazel-out/k8-fastbuild/bin/tests/core/nogo/includes_excludes/includes_exclude_test_/includes_exclude_test.runfiles; 2782s local ... (20 actions, 19 running)
[4,762 / 7,807] Creating runfiles tree bazel-out/k8-fastbuild/bin/tests/core/nogo/includes_excludes/includes_exclude_test_/includes_exclude_test.runfiles; 2783s local ... (20 actions, 19 running)
[4,767 / 7,807] Creating runfiles tree bazel-out/k8-fastbuild/bin/tests/core/nogo/includes_excludes/includes_exclude_test_/includes_exclude_test.runfiles; 2784s local ... (19 actions running)
[4,767 / 7,807] Creating runfiles tree bazel-out/k8-fastbuild/bin/tests/core/nogo/includes_excludes/includes_exclude_test_/includes_exclude_test.runfiles; 2786s local ... (20 actions, 19 running)
[4,768 / 7,807] Creating runfiles tree bazel-out/k8-fastbuild/bin/tests/core/nogo/includes_excludes/includes_exclude_test_/includes_exclude_test.runfiles; 2787s local ... (20 actions, 19 running)
[4,770 / 7,807] Creating runfiles tree bazel-out/k8-fastbuild/bin/tests/core/nogo/includes_excludes/includes_exclude_test_/includes_exclude_test.runfiles; 2789s local ... (19 actions running)
[4,770 / 7,807] Creating runfiles tree bazel-out/k8-fastbuild/bin/tests/core/nogo/includes_excludes/includes_exclude_test_/includes_exclude_test.runfiles; 2790s local ... (20 actions, 19 running)
[4,785 / 7,807] Creating runfiles tree bazel-out/k8-fastbuild/bin/tests/core/nogo/includes_excludes/includes_exclude_test_/includes_exclude_test.runfiles; 2792s local ... (20 actions, 19 running)
[4,786 / 7,807] Creating runfiles tree bazel-out/k8-fastbuild/bin/tests/core/nogo/includes_excludes/includes_exclude_test_/includes_exclude_test.runfiles; 2793s local ... (20 actions, 19 running)
[4,786 / 7,807] Creating runfiles tree bazel-out/k8-fastbuild/bin/tests/core/nogo/includes_excludes/includes_exclude_test_/includes_exclude_test.runfiles; 2795s local ... (20 actions running)
[4,787 / 7,807] Creating runfiles tree bazel-out/k8-fastbuild/bin/tests/core/nogo/includes_excludes/includes_exclude_test_/includes_exclude_test.runfiles; 2797s local ... (20 actions, 19 running)
[4,787 / 7,807] Creating runfiles tree bazel-out/k8-fastbuild/bin/tests/core/nogo/includes_excludes/includes_exclude_test_/includes_exclude_test.runfiles; 2799s local ... (20 actions running)
[4,788 / 7,807] Creating runfiles tree bazel-out/k8-fastbuild/bin/tests/core/nogo/includes_excludes/includes_exclude_test_/includes_exclude_test.runfiles; 2801s local ... (20 actions running)
[4,789 / 7,807] Creating runfiles tree bazel-out/k8-fastbuild/bin/tests/core/nogo/includes_excludes/includes_exclude_test_/includes_exclude_test.runfiles; 2803s local ... (20 actions running)
[4,790 / 7,807] Creating runfiles tree bazel-out/k8-fastbuild/bin/tests/core/nogo/includes_excludes/includes_exclude_test_/includes_exclude_test.runfiles; 2805s local ... (19 actions running)
[4,792 / 7,807] Creating runfiles tree bazel-out/k8-fastbuild/bin/tests/core/nogo/includes_excludes/includes_exclude_test_/includes_exclude_test.runfiles; 2806s local ... (18 actions running)
[4,800 / 7,814] Creating runfiles tree bazel-out/k8-fastbuild/bin/tests/core/nogo/includes_excludes/includes_exclude_test_/includes_exclude_test.runfiles; 2807s local ... (20 actions, 19 running)
[4,801 / 7,814] Creating runfiles tree bazel-out/k8-fastbuild/bin/tests/core/nogo/includes_excludes/includes_exclude_test_/includes_exclude_test.runfiles; 2809s local ... (19 actions running)
[4,801 / 7,814] Creating runfiles tree bazel-out/k8-fastbuild/bin/tests/core/nogo/includes_excludes/includes_exclude_test_/includes_exclude_test.runfiles; 2810s local ... (20 actions, 19 running)
[4,803 / 7,814] Creating runfiles tree bazel-out/k8-fastbuild/bin/tests/core/nogo/includes_excludes/includes_exclude_test_/includes_exclude_test.runfiles; 2812s local ... (19 actions running)
[4,803 / 7,814] Creating runfiles tree bazel-out/k8-fastbuild/bin/tests/core/nogo/includes_excludes/includes_exclude_test_/includes_exclude_test.runfiles; 2815s local ... (20 actions, 19 running)
[4,804 / 7,814] Creating runfiles tree bazel-out/k8-fastbuild/bin/tests/core/nogo/includes_excludes/includes_exclude_test_/includes_exclude_test.runfiles; 2817s local ... (19 actions running)
[4,804 / 7,814] Creating runfiles tree bazel-out/k8-fastbuild/bin/tests/core/nogo/includes_excludes/includes_exclude_test_/includes_exclude_test.runfiles; 2827s local ... (19 actions running)
[4,804 / 7,814] Creating runfiles tree bazel-out/k8-fastbuild/bin/tests/core/nogo/includes_excludes/includes_exclude_test_/includes_exclude_test.runfiles; 2828s local ... (20 actions, 19 running)
[4,805 / 7,814] Creating runfiles tree bazel-out/k8-fastbuild/bin/tests/core/nogo/includes_excludes/includes_exclude_test_/includes_exclude_test.runfiles; 2830s local ... (19 actions running)
[4,805 / 7,814] Creating runfiles tree bazel-out/k8-fastbuild/bin/tests/core/nogo/includes_excludes/includes_exclude_test_/includes_exclude_test.runfiles; 2840s local ... (19 actions running)
[4,805 / 7,814] Creating runfiles tree bazel-out/k8-fastbuild/bin/tests/core/nogo/includes_excludes/includes_exclude_test_/includes_exclude_test.runfiles; 2855s local ... (20 actions, 19 running)
[4,807 / 7,814] Creating runfiles tree bazel-out/k8-fastbuild/bin/tests/core/nogo/includes_excludes/includes_exclude_test_/includes_exclude_test.runfiles; 2857s local ... (19 actions running)
[4,807 / 7,814] Creating runfiles tree bazel-out/k8-fastbuild/bin/tests/core/nogo/includes_excludes/includes_exclude_test_/includes_exclude_test.runfiles; 2858s local ... (20 actions, 19 running)
[4,807 / 7,814] Creating runfiles tree bazel-out/k8-fastbuild/bin/tests/core/nogo/includes_excludes/includes_exclude_test_/includes_exclude_test.runfiles; 2860s local ... (20 actions running)
[4,809 / 7,814] Creating runfiles tree bazel-out/k8-fastbuild/bin/tests/core/nogo/includes_excludes/includes_exclude_test_/includes_exclude_test.runfiles; 2861s local ... (20 actions, 19 running)
[4,809 / 7,814] Creating runfiles tree bazel-out/k8-fastbuild/bin/tests/core/nogo/includes_excludes/includes_exclude_test_/includes_exclude_test.runfiles; 2863s local ... (20 actions, 19 running)
[4,810 / 7,814] Creating runfiles tree bazel-out/k8-fastbuild/bin/tests/core/nogo/includes_excludes/includes_exclude_test_/includes_exclude_test.runfiles; 2864s local ... (20 actions, 19 running)
[4,813 / 7,814] Creating runfiles tree bazel-out/k8-fastbuild/bin/tests/core/nogo/includes_excludes/includes_exclude_test_/includes_exclude_test.runfiles; 2866s local ... (20 actions running)
[4,813 / 7,814] Creating runfiles tree bazel-out/k8-fastbuild/bin/tests/core/nogo/includes_excludes/includes_exclude_test_/includes_exclude_test.runfiles; 2876s local ... (20 actions running)
[4,813 / 7,814] Creating runfiles tree bazel-out/k8-fastbuild/bin/tests/core/nogo/includes_excludes/includes_exclude_test_/includes_exclude_test.runfiles; 2906s local ... (20 actions running)
[4,814 / 7,814] Creating runfiles tree bazel-out/k8-fastbuild/bin/tests/core/nogo/includes_excludes/includes_exclude_test_/includes_exclude_test.runfiles; 2954s local ... (19 actions running)
[4,814 / 7,814] Creating runfiles tree bazel-out/k8-fastbuild/bin/tests/core/nogo/includes_excludes/includes_exclude_test_/includes_exclude_test.runfiles; 2963s local ... (20 actions, 19 running)
[4,818 / 7,814] Creating runfiles tree bazel-out/k8-fastbuild/bin/tests/core/nogo/includes_excludes/includes_exclude_test_/includes_exclude_test.runfiles; 2965s local ... (19 actions running)
[4,823 / 7,814] Creating runfiles tree bazel-out/k8-fastbuild/bin/tests/core/nogo/includes_excludes/includes_exclude_test_/includes_exclude_test.runfiles; 2966s local ... (19 actions, 18 running)
[4,824 / 7,814] Creating runfiles tree bazel-out/k8-fastbuild/bin/tests/core/nogo/includes_excludes/includes_exclude_test_/includes_exclude_test.runfiles; 2968s local ... (19 actions, 18 running)
[4,830 / 7,814] Creating runfiles tree bazel-out/k8-fastbuild/bin/tests/core/nogo/includes_excludes/includes_exclude_test_/includes_exclude_test.runfiles; 2969s local ... (20 actions, 18 running)
[4,832 / 7,814] Creating runfiles tree bazel-out/k8-fastbuild/bin/tests/core/nogo/includes_excludes/includes_exclude_test_/includes_exclude_test.runfiles; 2970s local ... (18 actions running)
[4,832 / 7,814] Creating runfiles tree bazel-out/k8-fastbuild/bin/tests/core/nogo/includes_excludes/includes_exclude_test_/includes_exclude_test.runfiles; 2973s local ... (19 actions, 18 running)
[4,833 / 7,814] Creating runfiles tree bazel-out/k8-fastbuild/bin/tests/core/nogo/includes_excludes/includes_exclude_test_/includes_exclude_test.runfiles; 2975s local ... (19 actions, 18 running)
[4,836 / 7,814] Creating runfiles tree bazel-out/k8-fastbuild/bin/tests/core/nogo/includes_excludes/includes_exclude_test_/includes_exclude_test.runfiles; 2976s local ... (19 actions, 18 running)
[4,837 / 7,814] Creating runfiles tree bazel-out/k8-fastbuild/bin/tests/core/nogo/includes_excludes/includes_exclude_test_/includes_exclude_test.runfiles; 2978s local ... (18 actions running)
[4,839 / 7,814] Creating runfiles tree bazel-out/k8-fastbuild/bin/tests/core/nogo/includes_excludes/includes_exclude_test_/includes_exclude_test.runfiles; 2979s local ... (18 actions running)
[4,844 / 7,814] Creating runfiles tree bazel-out/k8-fastbuild/bin/tests/core/nogo/includes_excludes/includes_exclude_test_/includes_exclude_test.runfiles; 2981s local ... (18 actions running)
[4,845 / 7,814] Creating runfiles tree bazel-out/k8-fastbuild/bin/tests/core/nogo/includes_excludes/includes_exclude_test_/includes_exclude_test.runfiles; 2983s local ... (18 actions running)
[4,845 / 7,814] Creating runfiles tree bazel-out/k8-fastbuild/bin/tests/core/nogo/includes_excludes/includes_exclude_test_/includes_exclude_test.runfiles; 2986s local ... (19 actions, 18 running)
[4,846 / 7,814] Creating runfiles tree bazel-out/k8-fastbuild/bin/tests/core/nogo/includes_excludes/includes_exclude_test_/includes_exclude_test.runfiles; 2987s local ... (18 actions running)
[4,846 / 7,814] Creating runfiles tree bazel-out/k8-fastbuild/bin/tests/core/nogo/includes_excludes/includes_exclude_test_/includes_exclude_test.runfiles; 2988s local ... (19 actions, 18 running)
[4,848 / 7,814] Creating runfiles tree bazel-out/k8-fastbuild/bin/tests/core/nogo/includes_excludes/includes_exclude_test_/includes_exclude_test.runfiles; 2990s local ... (18 actions running)
[4,849 / 7,816] Creating runfiles tree bazel-out/k8-fastbuild/bin/tests/core/nogo/includes_excludes/includes_exclude_test_/includes_exclude_test.runfiles; 2991s local ... (20 actions, 18 running)
[4,857 / 7,816] Creating runfiles tree bazel-out/k8-fastbuild/bin/tests/core/nogo/includes_excludes/includes_exclude_test_/includes_exclude_test.runfiles; 2993s local ... (20 actions running)
[4,860 / 7,816] Creating runfiles tree bazel-out/k8-fastbuild/bin/tests/core/nogo/includes_excludes/includes_exclude_test_/includes_exclude_test.runfiles; 2994s local ... (20 actions running)
[4,861 / 7,816] Creating runfiles tree bazel-out/k8-fastbuild/bin/tests/core/nogo/includes_excludes/includes_exclude_test_/includes_exclude_test.runfiles; 2996s local ... (20 actions, 19 running)
[4,864 / 7,816] Creating runfiles tree bazel-out/k8-fastbuild/bin/tests/core/nogo/includes_excludes/includes_exclude_test_/includes_exclude_test.runfiles; 2997s local ... (19 actions running)
[4,864 / 7,816] Creating runfiles tree bazel-out/k8-fastbuild/bin/tests/core/nogo/includes_excludes/includes_exclude_test_/includes_exclude_test.runfiles; 2998s local ... (20 actions, 19 running)
[4,874 / 7,823] Creating runfiles tree bazel-out/k8-fastbuild/bin/tests/core/nogo/includes_excludes/includes_exclude_test_/includes_exclude_test.runfiles; 3000s local ... (18 actions running)
[4,875 / 7,823] Creating runfiles tree bazel-out/k8-fastbuild/bin/tests/core/nogo/includes_excludes/includes_exclude_test_/includes_exclude_test.runfiles; 3001s local ... (19 actions running)
[4,875 / 7,823] Creating runfiles tree bazel-out/k8-fastbuild/bin/tests/core/nogo/includes_excludes/includes_exclude_test_/includes_exclude_test.runfiles; 3002s local ... (20 actions, 19 running)
[4,878 / 7,823] Creating runfiles tree bazel-out/k8-fastbuild/bin/tests/core/nogo/includes_excludes/includes_exclude_test_/includes_exclude_test.runfiles; 3003s local ... (19 actions, 18 running)
[4,885 / 7,843] Creating runfiles tree bazel-out/k8-fastbuild/bin/tests/core/nogo/includes_excludes/includes_exclude_test_/includes_exclude_test.runfiles; 3004s local ... (20 actions, 19 running)
[4,888 / 7,850] Creating runfiles tree bazel-out/k8-fastbuild/bin/tests/core/nogo/includes_excludes/includes_exclude_test_/includes_exclude_test.runfiles; 3006s local ... (20 actions, 19 running)
[4,891 / 7,851] Creating runfiles tree bazel-out/k8-fastbuild/bin/tests/core/nogo/includes_excludes/includes_exclude_test_/includes_exclude_test.runfiles; 3007s local ... (20 actions running)
[4,893 / 7,856] Creating runfiles tree bazel-out/k8-fastbuild/bin/tests/core/nogo/includes_excludes/includes_exclude_test_/includes_exclude_test.runfiles; 3008s local ... (20 actions, 19 running)
[4,900 / 7,858] Creating runfiles tree bazel-out/k8-fastbuild/bin/tests/core/nogo/includes_excludes/includes_exclude_test_/includes_exclude_test.runfiles; 3010s local ... (19 actions running)
[4,904 / 7,858] Creating runfiles tree bazel-out/k8-fastbuild/bin/tests/core/nogo/includes_excludes/includes_exclude_test_/includes_exclude_test.runfiles; 3011s local ... (19 actions running)
[4,906 / 7,858] Creating runfiles tree bazel-out/k8-fastbuild/bin/tests/core/nogo/includes_excludes/includes_exclude_test_/includes_exclude_test.runfiles; 3012s local ... (19 actions, 18 running)
[4,912 / 7,858] Creating runfiles tree bazel-out/k8-fastbuild/bin/tests/core/nogo/includes_excludes/includes_exclude_test_/includes_exclude_test.runfiles; 3014s local ... (19 actions, 18 running)
[4,914 / 7,858] Creating runfiles tree bazel-out/k8-fastbuild/bin/tests/core/nogo/includes_excludes/includes_exclude_test_/includes_exclude_test.runfiles; 3015s local ... (19 actions, 18 running)
[4,916 / 7,858] Creating runfiles tree bazel-out/k8-fastbuild/bin/tests/core/nogo/includes_excludes/includes_exclude_test_/includes_exclude_test.runfiles; 3016s local ... (19 actions, 18 running)
[4,919 / 7,858] Creating runfiles tree bazel-out/k8-fastbuild/bin/tests/core/nogo/includes_excludes/includes_exclude_test_/includes_exclude_test.runfiles; 3017s local ... (19 actions, 18 running)
[4,923 / 7,858] Creating runfiles tree bazel-out/k8-fastbuild/bin/tests/core/nogo/includes_excludes/includes_exclude_test_/includes_exclude_test.runfiles; 3018s local ... (19 actions, 18 running)
[4,926 / 7,858] Creating runfiles tree bazel-out/k8-fastbuild/bin/tests/core/nogo/includes_excludes/includes_exclude_test_/includes_exclude_test.runfiles; 3019s local ... (19 actions, 18 running)
[4,929 / 7,858] Creating runfiles tree bazel-out/k8-fastbuild/bin/tests/core/nogo/includes_excludes/includes_exclude_test_/includes_exclude_test.runfiles; 3020s local ... (19 actions, 18 running)
[4,931 / 7,858] Creating runfiles tree bazel-out/k8-fastbuild/bin/tests/core/nogo/includes_excludes/includes_exclude_test_/includes_exclude_test.runfiles; 3022s local ... (19 actions, 18 running)
[4,936 / 7,858] Creating runfiles tree bazel-out/k8-fastbuild/bin/tests/core/nogo/includes_excludes/includes_exclude_test_/includes_exclude_test.runfiles; 3023s local ... (19 actions, 18 running)
[4,938 / 7,858] Creating runfiles tree bazel-out/k8-fastbuild/bin/tests/core/nogo/includes_excludes/includes_exclude_test_/includes_exclude_test.runfiles; 3024s local ... (18 actions running)
[4,938 / 7,858] Creating runfiles tree bazel-out/k8-fastbuild/bin/tests/core/nogo/includes_excludes/includes_exclude_test_/includes_exclude_test.runfiles; 3034s local ... (18 actions running)
[4,938 / 7,858] Creating runfiles tree bazel-out/k8-fastbuild/bin/tests/core/nogo/includes_excludes/includes_exclude_test_/includes_exclude_test.runfiles; 3056s local ... (19 actions, 18 running)
[4,942 / 7,858] Creating runfiles tree bazel-out/k8-fastbuild/bin/tests/core/nogo/includes_excludes/includes_exclude_test_/includes_exclude_test.runfiles; 3057s local ... (19 actions running)
[4,943 / 7,858] Creating runfiles tree bazel-out/k8-fastbuild/bin/tests/core/nogo/includes_excludes/includes_exclude_test_/includes_exclude_test.runfiles; 3058s local ... (19 actions, 18 running)
[4,944 / 7,858] Creating runfiles tree bazel-out/k8-fastbuild/bin/tests/core/nogo/includes_excludes/includes_exclude_test_/includes_exclude_test.runfiles; 3060s local ... (19 actions running)
[4,948 / 7,861] Creating runfiles tree bazel-out/k8-fastbuild/bin/tests/core/nogo/includes_excludes/includes_exclude_test_/includes_exclude_test.runfiles; 3061s local ... (19 actions running)
[4,949 / 7,861] Creating runfiles tree bazel-out/k8-fastbuild/bin/tests/core/nogo/includes_excludes/includes_exclude_test_/includes_exclude_test.runfiles; 3063s local ... (18 actions running)
[4,950 / 7,861] Creating runfiles tree bazel-out/k8-fastbuild/bin/tests/core/nogo/includes_excludes/includes_exclude_test_/includes_exclude_test.runfiles; 3068s local ... (17 actions running)
[4,951 / 7,861] Creating runfiles tree bazel-out/k8-fastbuild/bin/tests/core/nogo/includes_excludes/includes_exclude_test_/includes_exclude_test.runfiles; 3070s local ... (18 actions running)
[4,953 / 7,861] Creating runfiles tree bazel-out/k8-fastbuild/bin/tests/core/nogo/includes_excludes/includes_exclude_test_/includes_exclude_test.runfiles; 3071s local ... (17 actions running)
[4,958 / 7,861] Creating runfiles tree bazel-out/k8-fastbuild/bin/tests/core/nogo/includes_excludes/includes_exclude_test_/includes_exclude_test.runfiles; 3073s local ... (19 actions, 18 running)
[4,964 / 7,868] Creating runfiles tree bazel-out/k8-fastbuild/bin/tests/core/nogo/includes_excludes/includes_exclude_test_/includes_exclude_test.runfiles; 3074s local ... (20 actions, 19 running)
[4,964 / 7,868] Creating runfiles tree bazel-out/k8-fastbuild/bin/tests/core/nogo/includes_excludes/includes_exclude_test_/includes_exclude_test.runfiles; 3075s local ... (20 actions running)
[4,965 / 7,868] Creating runfiles tree bazel-out/k8-fastbuild/bin/tests/core/nogo/includes_excludes/includes_exclude_test_/includes_exclude_test.runfiles; 3077s local ... (19 actions running)
[4,965 / 7,868] Creating runfiles tree bazel-out/k8-fastbuild/bin/tests/core/nogo/includes_excludes/includes_exclude_test_/includes_exclude_test.runfiles; 3087s local ... (19 actions running)
[4,965 / 7,868] Creating runfiles tree bazel-out/k8-fastbuild/bin/tests/core/nogo/includes_excludes/includes_exclude_test_/includes_exclude_test.runfiles; 3090s local ... (20 actions, 19 running)
[4,966 / 7,868] Creating runfiles tree bazel-out/k8-fastbuild/bin/tests/core/nogo/includes_excludes/includes_exclude_test_/includes_exclude_test.runfiles; 3091s local ... (19 actions running)
[4,967 / 7,874] Creating runfiles tree bazel-out/k8-fastbuild/bin/tests/core/nogo/includes_excludes/includes_exclude_test_/includes_exclude_test.runfiles; 3092s local ... (20 actions, 18 running)
[4,970 / 7,881] Creating runfiles tree bazel-out/k8-fastbuild/bin/tests/core/nogo/includes_excludes/includes_exclude_test_/includes_exclude_test.runfiles; 3093s local ... (20 actions, 19 running)
[4,974 / 7,882] Creating runfiles tree bazel-out/k8-fastbuild/bin/tests/core/nogo/includes_excludes/includes_exclude_test_/includes_exclude_test.runfiles; 3095s local ... (19 actions running)
[4,974 / 7,888] Creating runfiles tree bazel-out/k8-fastbuild/bin/tests/core/nogo/includes_excludes/includes_exclude_test_/includes_exclude_test.runfiles; 3096s local ... (20 actions, 19 running)
[4,976 / 7,889] Creating runfiles tree bazel-out/k8-fastbuild/bin/tests/core/nogo/includes_excludes/includes_exclude_test_/includes_exclude_test.runfiles; 3098s local ... (20 actions running)
[4,976 / 7,889] Creating runfiles tree bazel-out/k8-fastbuild/bin/tests/core/nogo/includes_excludes/includes_exclude_test_/includes_exclude_test.runfiles; 3109s local ... (20 actions running)
[4,976 / 7,889] Creating runfiles tree bazel-out/k8-fastbuild/bin/tests/core/nogo/includes_excludes/includes_exclude_test_/includes_exclude_test.runfiles; 3139s local ... (20 actions running)
[4,977 / 7,889] Creating runfiles tree bazel-out/k8-fastbuild/bin/tests/core/nogo/includes_excludes/includes_exclude_test_/includes_exclude_test.runfiles; 3149s local ... (20 actions, 19 running)
[4,979 / 7,889] Creating runfiles tree bazel-out/k8-fastbuild/bin/tests/core/nogo/includes_excludes/includes_exclude_test_/includes_exclude_test.runfiles; 3150s local ... (19 actions running)
[4,982 / 7,889] Creating runfiles tree bazel-out/k8-fastbuild/bin/tests/core/nogo/includes_excludes/includes_exclude_test_/includes_exclude_test.runfiles; 3151s local ... (19 actions, 18 running)
[4,986 / 7,893] Creating runfiles tree bazel-out/k8-fastbuild/bin/tests/core/nogo/includes_excludes/includes_exclude_test_/includes_exclude_test.runfiles; 3153s local ... (19 actions running)
[4,991 / 7,893] Creating runfiles tree bazel-out/k8-fastbuild/bin/tests/core/nogo/includes_excludes/includes_exclude_test_/includes_exclude_test.runfiles; 3154s local ... (19 actions, 18 running)
[4,996 / 7,896] Creating runfiles tree bazel-out/k8-fastbuild/bin/tests/core/nogo/includes_excludes/includes_exclude_test_/includes_exclude_test.runfiles; 3155s local ... (19 actions, 18 running)
[4,997 / 7,896] Creating runfiles tree bazel-out/k8-fastbuild/bin/tests/core/nogo/includes_excludes/includes_exclude_test_/includes_exclude_test.runfiles; 3157s local ... (19 actions, 18 running)
[4,997 / 7,896] Creating runfiles tree bazel-out/k8-fastbuild/bin/tests/core/nogo/includes_excludes/includes_exclude_test_/includes_exclude_test.runfiles; 3158s local ... (19 actions, 18 running)
[5,002 / 7,902] Creating runfiles tree bazel-out/k8-fastbuild/bin/tests/core/nogo/includes_excludes/includes_exclude_test_/includes_exclude_test.runfiles; 3159s local ... (19 actions, 18 running)
[5,004 / 7,903] Creating runfiles tree bazel-out/k8-fastbuild/bin/tests/core/nogo/includes_excludes/includes_exclude_test_/includes_exclude_test.runfiles; 3160s local ... (19 actions running)
[5,009 / 7,917] Creating runfiles tree bazel-out/k8-fastbuild/bin/tests/core/nogo/includes_excludes/includes_exclude_test_/includes_exclude_test.runfiles; 3161s local ... (19 actions, 18 running)
[5,012 / 7,920] Creating runfiles tree bazel-out/k8-fastbuild/bin/tests/core/nogo/includes_excludes/includes_exclude_test_/includes_exclude_test.runfiles; 3163s local ... (19 actions running)
[5,013 / 7,926] Creating runfiles tree bazel-out/k8-fastbuild/bin/tests/core/nogo/includes_excludes/includes_exclude_test_/includes_exclude_test.runfiles; 3164s local ... (19 actions, 18 running)
[5,017 / 7,936] Creating runfiles tree bazel-out/k8-fastbuild/bin/tests/core/go_download_sdk/bootstrap_determinism_test_/bootstrap_determinism_test.runfiles; 1916s local ... (19 actions, 18 running)
[5,021 / 7,938] Creating runfiles tree bazel-out/k8-fastbuild/bin/tests/core/go_download_sdk/bootstrap_determinism_test_/bootstrap_determinism_test.runfiles; 1918s local ... (18 actions, 17 running)
[5,032 / 7,950] Creating runfiles tree bazel-out/k8-fastbuild/bin/tests/core/go_download_sdk/bootstrap_determinism_test_/bootstrap_determinism_test.runfiles; 1919s local ... (18 actions, 17 running)
[5,051 / 7,953] Creating runfiles tree bazel-out/k8-fastbuild/bin/tests/core/go_download_sdk/bootstrap_determinism_test_/bootstrap_determinism_test.runfiles; 1920s local ... (19 actions, 18 running)
[5,065 / 7,975] Creating runfiles tree bazel-out/k8-fastbuild/bin/tests/core/go_download_sdk/bootstrap_determinism_test_/bootstrap_determinism_test.runfiles; 1921s local ... (19 actions, 17 running)
[5,071 / 7,976] Creating runfiles tree bazel-out/k8-fastbuild/bin/tests/core/go_download_sdk/bootstrap_determinism_test_/bootstrap_determinism_test.runfiles; 1922s local ... (20 actions, 18 running)
[5,082 / 7,987] Creating runfiles tree bazel-out/k8-fastbuild/bin/tests/core/go_download_sdk/bootstrap_determinism_test_/bootstrap_determinism_test.runfiles; 1924s local ... (19 actions, 18 running)
[5,095 / 7,996] Creating runfiles tree bazel-out/k8-fastbuild/bin/tests/core/go_download_sdk/bootstrap_determinism_test_/bootstrap_determinism_test.runfiles; 1925s local ... (20 actions, 18 running)
[5,102 / 7,997] Creating runfiles tree bazel-out/k8-fastbuild/bin/tests/core/go_download_sdk/bootstrap_determinism_test_/bootstrap_determinism_test.runfiles; 1926s local ... (19 actions running)
[5,102 / 7,997] Creating runfiles tree bazel-out/k8-fastbuild/bin/tests/core/go_download_sdk/bootstrap_determinism_test_/bootstrap_determinism_test.runfiles; 1927s local ... (20 actions, 19 running)
[5,111 / 8,009] Creating runfiles tree bazel-out/k8-fastbuild/bin/tests/core/go_download_sdk/bootstrap_determinism_test_/bootstrap_determinism_test.runfiles; 1928s local ... (19 actions, 18 running)
[5,114 / 8,009] Creating runfiles tree bazel-out/k8-fastbuild/bin/tests/core/go_download_sdk/bootstrap_determinism_test_/bootstrap_determinism_test.runfiles; 1930s local ... (18 actions, 17 running)
[5,130 / 8,011] Creating runfiles tree bazel-out/k8-fastbuild/bin/tests/core/go_download_sdk/bootstrap_determinism_test_/bootstrap_determinism_test.runfiles; 1931s local ... (19 actions, 18 running)
[5,133 / 8,016] Creating runfiles tree bazel-out/k8-fastbuild/bin/tests/core/go_download_sdk/bootstrap_determinism_test_/bootstrap_determinism_test.runfiles; 1932s local ... (19 actions, 18 running)
[5,143 / 8,025] Creating runfiles tree bazel-out/k8-fastbuild/bin/tests/core/go_download_sdk/bootstrap_determinism_test_/bootstrap_determinism_test.runfiles; 1933s local ... (19 actions, 18 running)
[5,146 / 8,026] Creating runfiles tree bazel-out/k8-fastbuild/bin/tests/core/go_download_sdk/bootstrap_determinism_test_/bootstrap_determinism_test.runfiles; 1934s local ... (20 actions, 19 running)
[5,152 / 8,032] Creating runfiles tree bazel-out/k8-fastbuild/bin/tests/core/go_download_sdk/bootstrap_determinism_test_/bootstrap_determinism_test.runfiles; 1935s local ... (19 actions running)
[5,155 / 8,039] Creating runfiles tree bazel-out/k8-fastbuild/bin/tests/core/go_download_sdk/bootstrap_determinism_test_/bootstrap_determinism_test.runfiles; 1936s local ... (19 actions, 18 running)
[5,157 / 8,040] Creating runfiles tree bazel-out/k8-fastbuild/bin/tests/core/go_download_sdk/bootstrap_determinism_test_/bootstrap_determinism_test.runfiles; 1938s local ... (19 actions running)
[5,161 / 8,053] Creating runfiles tree bazel-out/k8-fastbuild/bin/tests/core/go_download_sdk/bootstrap_determinism_test_/bootstrap_determinism_test.runfiles; 1939s local ... (19 actions running)
[5,164 / 8,062] Creating runfiles tree bazel-out/k8-fastbuild/bin/tests/core/go_download_sdk/bootstrap_determinism_test_/bootstrap_determinism_test.runfiles; 1941s local ... (19 actions, 18 running)
[5,166 / 8,063] Creating runfiles tree bazel-out/k8-fastbuild/bin/tests/core/go_download_sdk/bootstrap_determinism_test_/bootstrap_determinism_test.runfiles; 1942s local ... (19 actions running)
[5,167 / 8,069] Creating runfiles tree bazel-out/k8-fastbuild/bin/tests/core/go_download_sdk/bootstrap_determinism_test_/bootstrap_determinism_test.runfiles; 1943s local ... (19 actions running)
[5,174 / 8,078] Creating runfiles tree bazel-out/k8-fastbuild/bin/tests/core/go_download_sdk/bootstrap_determinism_test_/bootstrap_determinism_test.runfiles; 1944s local ... (19 actions running)
[5,180 / 8,086] Creating runfiles tree bazel-out/k8-fastbuild/bin/tests/core/go_download_sdk/bootstrap_determinism_test_/bootstrap_determinism_test.runfiles; 1946s local ... (19 actions, 18 running)
[5,185 / 8,086] Creating runfiles tree bazel-out/k8-fastbuild/bin/tests/core/go_download_sdk/bootstrap_determinism_test_/bootstrap_determinism_test.runfiles; 1947s local ... (19 actions running)
[5,186 / 8,086] Creating runfiles tree bazel-out/k8-fastbuild/bin/tests/core/go_download_sdk/bootstrap_determinism_test_/bootstrap_determinism_test.runfiles; 1949s local ... (19 actions running)
[5,187 / 8,086] Creating runfiles tree bazel-out/k8-fastbuild/bin/tests/core/go_download_sdk/bootstrap_determinism_test_/bootstrap_determinism_test.runfiles; 1950s local ... (19 actions, 18 running)
[5,188 / 8,086] Creating runfiles tree bazel-out/k8-fastbuild/bin/tests/core/go_download_sdk/bootstrap_determinism_test_/bootstrap_determinism_test.runfiles; 1952s local ... (19 actions running)
[5,194 / 8,086] Creating runfiles tree bazel-out/k8-fastbuild/bin/tests/core/go_download_sdk/bootstrap_determinism_test_/bootstrap_determinism_test.runfiles; 1953s local ... (19 actions, 18 running)
[5,204 / 8,089] Creating runfiles tree bazel-out/k8-fastbuild/bin/tests/core/go_download_sdk/bootstrap_determinism_test_/bootstrap_determinism_test.runfiles; 1954s local ... (19 actions, 18 running)
[5,207 / 8,213] Creating runfiles tree bazel-out/k8-fastbuild/bin/tests/core/go_download_sdk/bootstrap_determinism_test_/bootstrap_determinism_test.runfiles; 1955s local ... (19 actions running)
[5,217 / 8,229] Creating runfiles tree bazel-out/k8-fastbuild/bin/tests/core/go_download_sdk/bootstrap_determinism_test_/bootstrap_determinism_test.runfiles; 1956s local ... (19 actions, 18 running)
[5,220 / 8,229] Creating runfiles tree bazel-out/k8-fastbuild/bin/tests/core/go_download_sdk/bootstrap_determinism_test_/bootstrap_determinism_test.runfiles; 1957s local ... (19 actions, 18 running)
[5,234 / 8,274] Creating runfiles tree bazel-out/k8-fastbuild/bin/tests/core/go_download_sdk/bootstrap_determinism_test_/bootstrap_determinism_test.runfiles; 1958s local ... (19 actions running)
[5,276 / 8,391] Creating runfiles tree bazel-out/k8-fastbuild/bin/tests/core/go_download_sdk/bootstrap_determinism_test_/bootstrap_determinism_test.runfiles; 1960s local ... (19 actions, 18 running)
[5,306 / 8,434] Creating runfiles tree bazel-out/k8-fastbuild/bin/tests/core/go_download_sdk/bootstrap_determinism_test_/bootstrap_determinism_test.runfiles; 1961s local ... (19 actions, 18 running)
[5,467 / 8,714] Creating runfiles tree bazel-out/k8-fastbuild/bin/tests/core/go_download_sdk/bootstrap_determinism_test_/bootstrap_determinism_test.runfiles; 1962s local ... (19 actions, 18 running)
[5,481 / 8,745] Creating runfiles tree bazel-out/k8-fastbuild/bin/tests/core/go_download_sdk/bootstrap_determinism_test_/bootstrap_determinism_test.runfiles; 1963s local ... (19 actions, 18 running)
[5,560 / 8,883] Creating runfiles tree bazel-out/k8-fastbuild/bin/tests/core/go_download_sdk/bootstrap_determinism_test_/bootstrap_determinism_test.runfiles; 1964s local ... (19 actions running)
[5,563 / 8,890] Creating runfiles tree bazel-out/k8-fastbuild/bin/tests/core/go_download_sdk/bootstrap_determinism_test_/bootstrap_determinism_test.runfiles; 1965s local ... (19 actions running)
[5,565 / 8,891] Creating runfiles tree bazel-out/k8-fastbuild/bin/tests/core/go_download_sdk/bootstrap_determinism_test_/bootstrap_determinism_test.runfiles; 1967s local ... (19 actions running)
[5,569 / 8,903] Creating runfiles tree bazel-out/k8-fastbuild/bin/tests/core/go_download_sdk/bootstrap_determinism_test_/bootstrap_determinism_test.runfiles; 1968s local ... (19 actions, 18 running)
[5,575 / 8,907] Creating runfiles tree bazel-out/k8-fastbuild/bin/tests/core/go_download_sdk/bootstrap_determinism_test_/bootstrap_determinism_test.runfiles; 1970s local ... (19 actions running)
[5,577 / 8,911] Creating runfiles tree bazel-out/k8-fastbuild/bin/tests/core/go_download_sdk/bootstrap_determinism_test_/bootstrap_determinism_test.runfiles; 1972s local ... (19 actions running)
[5,577 / 8,911] Creating runfiles tree bazel-out/k8-fastbuild/bin/tests/core/go_download_sdk/bootstrap_determinism_test_/bootstrap_determinism_test.runfiles; 1981s local ... (19 actions running)
[5,578 / 8,911] Creating runfiles tree bazel-out/k8-fastbuild/bin/tests/core/go_download_sdk/bootstrap_determinism_test_/bootstrap_determinism_test.runfiles; 1995s local ... (19 actions, 18 running)
[5,580 / 8,911] Creating runfiles tree bazel-out/k8-fastbuild/bin/tests/core/go_download_sdk/bootstrap_determinism_test_/bootstrap_determinism_test.runfiles; 1996s local ... (18 actions running)
[5,580 / 8,911] Creating runfiles tree bazel-out/k8-fastbuild/bin/tests/core/go_download_sdk/bootstrap_determinism_test_/bootstrap_determinism_test.runfiles; 2000s local ... (19 actions, 18 running)
[5,581 / 8,911] Creating runfiles tree bazel-out/k8-fastbuild/bin/tests/core/go_download_sdk/bootstrap_determinism_test_/bootstrap_determinism_test.runfiles; 2001s local ... (19 actions, 18 running)
[5,581 / 8,911] Creating runfiles tree bazel-out/k8-fastbuild/bin/tests/core/go_download_sdk/bootstrap_determinism_test_/bootstrap_determinism_test.runfiles; 2002s local ... (19 actions running)
[5,582 / 8,911] Creating runfiles tree bazel-out/k8-fastbuild/bin/tests/core/go_download_sdk/bootstrap_determinism_test_/bootstrap_determinism_test.runfiles; 2003s local ... (18 actions running)
[5,583 / 8,911] Creating runfiles tree bazel-out/k8-fastbuild/bin/tests/core/go_download_sdk/bootstrap_determinism_test_/bootstrap_determinism_test.runfiles; 2004s local ... (18 actions, 17 running)
[5,585 / 8,911] Creating runfiles tree bazel-out/k8-fastbuild/bin/tests/core/go_download_sdk/bootstrap_determinism_test_/bootstrap_determinism_test.runfiles; 2006s local ... (17 actions running)
[5,585 / 8,911] Creating runfiles tree bazel-out/k8-fastbuild/bin/tests/core/go_download_sdk/bootstrap_determinism_test_/bootstrap_determinism_test.runfiles; 2007s local ... (18 actions running)
[5,591 / 8,911] Creating runfiles tree bazel-out/k8-fastbuild/bin/tests/core/go_download_sdk/bootstrap_determinism_test_/bootstrap_determinism_test.runfiles; 2008s local ... (18 actions, 17 running)
[5,596 / 8,911] Creating runfiles tree bazel-out/k8-fastbuild/bin/tests/core/go_download_sdk/bootstrap_determinism_test_/bootstrap_determinism_test.runfiles; 2010s local ... (18 actions running)
[5,598 / 8,911] Creating runfiles tree bazel-out/k8-fastbuild/bin/tests/core/go_download_sdk/bootstrap_determinism_test_/bootstrap_determinism_test.runfiles; 2011s local ... (17 actions running)
[5,600 / 8,911] Creating runfiles tree bazel-out/k8-fastbuild/bin/tests/core/go_download_sdk/bootstrap_determinism_test_/bootstrap_determinism_test.runfiles; 2012s local ... (18 actions, 17 running)
[5,602 / 8,911] Creating runfiles tree bazel-out/k8-fastbuild/bin/tests/core/go_download_sdk/bootstrap_determinism_test_/bootstrap_determinism_test.runfiles; 2014s local ... (17 actions running)
[5,602 / 8,911] Creating runfiles tree bazel-out/k8-fastbuild/bin/tests/core/go_download_sdk/bootstrap_determinism_test_/bootstrap_determinism_test.runfiles; 2016s local ... (18 actions, 17 running)
[5,602 / 8,911] Creating runfiles tree bazel-out/k8-fastbuild/bin/tests/core/go_download_sdk/bootstrap_determinism_test_/bootstrap_determinism_test.runfiles; 2018s local ... (18 actions running)
[5,603 / 8,911] Creating runfiles tree bazel-out/k8-fastbuild/bin/tests/core/go_download_sdk/bootstrap_determinism_test_/bootstrap_determinism_test.runfiles; 2019s local ... (18 actions, 17 running)
[5,604 / 8,911] Creating runfiles tree bazel-out/k8-fastbuild/bin/tests/core/go_download_sdk/bootstrap_determinism_test_/bootstrap_determinism_test.runfiles; 2021s local ... (17 actions running)
[5,604 / 8,911] Creating runfiles tree bazel-out/k8-fastbuild/bin/tests/core/go_download_sdk/bootstrap_determinism_test_/bootstrap_determinism_test.runfiles; 2030s local ... (18 actions, 17 running)
[5,605 / 8,911] Creating runfiles tree bazel-out/k8-fastbuild/bin/tests/core/go_download_sdk/bootstrap_determinism_test_/bootstrap_determinism_test.runfiles; 2032s local ... (18 actions, 17 running)
[5,610 / 8,911] Creating runfiles tree bazel-out/k8-fastbuild/bin/tests/core/go_download_sdk/bootstrap_determinism_test_/bootstrap_determinism_test.runfiles; 2033s local ... (18 actions running)
[5,611 / 8,911] Creating runfiles tree bazel-out/k8-fastbuild/bin/tests/core/go_download_sdk/bootstrap_determinism_test_/bootstrap_determinism_test.runfiles; 2036s local ... (17 actions running)
[5,611 / 8,911] Creating runfiles tree bazel-out/k8-fastbuild/bin/tests/core/go_download_sdk/bootstrap_determinism_test_/bootstrap_determinism_test.runfiles; 2038s local ... (18 actions, 17 running)
[5,612 / 8,911] Creating runfiles tree bazel-out/k8-fastbuild/bin/tests/core/go_download_sdk/bootstrap_determinism_test_/bootstrap_determinism_test.runfiles; 2039s local ... (17 actions running)
[5,613 / 8,911] Creating runfiles tree bazel-out/k8-fastbuild/bin/tests/core/go_download_sdk/bootstrap_determinism_test_/bootstrap_determinism_test.runfiles; 2041s local ... (18 actions, 17 running)
[5,613 / 8,911] Creating runfiles tree bazel-out/k8-fastbuild/bin/tests/core/go_download_sdk/bootstrap_determinism_test_/bootstrap_determinism_test.runfiles; 2042s local ... (18 actions running)
[5,614 / 8,911] Creating runfiles tree bazel-out/k8-fastbuild/bin/tests/core/go_download_sdk/bootstrap_determinism_test_/bootstrap_determinism_test.runfiles; 2043s local ... (18 actions, 17 running)
[5,620 / 8,911] Creating runfiles tree bazel-out/k8-fastbuild/bin/tests/core/go_download_sdk/bootstrap_determinism_test_/bootstrap_determinism_test.runfiles; 2044s local ... (18 actions, 17 running)
[5,632 / 8,911] Creating runfiles tree bazel-out/k8-fastbuild/bin/tests/core/go_download_sdk/bootstrap_determinism_test_/bootstrap_determinism_test.runfiles; 2045s local ... (19 actions, 18 running)
[5,634 / 8,911] Creating runfiles tree bazel-out/k8-fastbuild/bin/tests/core/go_download_sdk/bootstrap_determinism_test_/bootstrap_determinism_test.runfiles; 2047s local ... (19 actions running)
[5,634 / 8,911] Creating runfiles tree bazel-out/k8-fastbuild/bin/tests/core/go_download_sdk/bootstrap_determinism_test_/bootstrap_determinism_test.runfiles; 2057s local ... (19 actions running)
[5,634 / 8,911] Creating runfiles tree bazel-out/k8-fastbuild/bin/tests/core/go_download_sdk/bootstrap_determinism_test_/bootstrap_determinism_test.runfiles; 2069s local ... (20 actions, 19 running)
[5,642 / 8,911] Creating runfiles tree bazel-out/k8-fastbuild/bin/tests/core/go_download_sdk/bootstrap_determinism_test_/bootstrap_determinism_test.runfiles; 2070s local ... (20 actions, 19 running)
[5,644 / 8,911] Creating runfiles tree bazel-out/k8-fastbuild/bin/tests/core/go_download_sdk/bootstrap_determinism_test_/bootstrap_determinism_test.runfiles; 2072s local ... (20 actions running)
[5,645 / 8,911] Creating runfiles tree bazel-out/k8-fastbuild/bin/tests/core/go_download_sdk/bootstrap_determinism_test_/bootstrap_determinism_test.runfiles; 2073s local ... (20 actions, 19 running)
[5,651 / 8,911] Creating runfiles tree bazel-out/k8-fastbuild/bin/tests/core/go_download_sdk/bootstrap_determinism_test_/bootstrap_determinism_test.runfiles; 2075s local ... (19 actions running)
[5,651 / 8,911] Creating runfiles tree bazel-out/k8-fastbuild/bin/tests/core/go_download_sdk/bootstrap_determinism_test_/bootstrap_determinism_test.runfiles; 2082s local ... (20 actions, 19 running)
[5,656 / 8,911] Creating runfiles tree bazel-out/k8-fastbuild/bin/tests/core/go_download_sdk/bootstrap_determinism_test_/bootstrap_determinism_test.runfiles; 2083s local ... (20 actions running)
[5,657 / 8,911] Creating runfiles tree bazel-out/k8-fastbuild/bin/tests/core/go_download_sdk/bootstrap_determinism_test_/bootstrap_determinism_test.runfiles; 2084s local ... (20 actions, 19 running)
[5,664 / 8,911] Creating runfiles tree bazel-out/k8-fastbuild/bin/tests/core/go_download_sdk/bootstrap_determinism_test_/bootstrap_determinism_test.runfiles; 2085s local ... (20 actions, 19 running)
[5,668 / 8,911] Creating runfiles tree bazel-out/k8-fastbuild/bin/tests/core/go_download_sdk/bootstrap_determinism_test_/bootstrap_determinism_test.runfiles; 2087s local ... (20 actions running)
[5,670 / 8,911] Creating runfiles tree bazel-out/k8-fastbuild/bin/tests/core/go_download_sdk/bootstrap_determinism_test_/bootstrap_determinism_test.runfiles; 2088s local ... (19 actions running)
[5,670 / 8,911] Creating runfiles tree bazel-out/k8-fastbuild/bin/tests/core/go_download_sdk/bootstrap_determinism_test_/bootstrap_determinism_test.runfiles; 2089s local ... (20 actions, 19 running)
[5,675 / 8,911] Creating runfiles tree bazel-out/k8-fastbuild/bin/tests/core/go_download_sdk/bootstrap_determinism_test_/bootstrap_determinism_test.runfiles; 2090s local ... (20 actions, 19 running)
[5,676 / 8,911] Creating runfiles tree bazel-out/k8-fastbuild/bin/tests/core/go_download_sdk/bootstrap_determinism_test_/bootstrap_determinism_test.runfiles; 2092s local ... (19 actions running)
[5,678 / 8,911] Creating runfiles tree bazel-out/k8-fastbuild/bin/tests/core/go_download_sdk/bootstrap_determinism_test_/bootstrap_determinism_test.runfiles; 2094s local ... (18 actions, 17 running)
[5,682 / 8,911] Creating runfiles tree bazel-out/k8-fastbuild/bin/tests/core/go_download_sdk/bootstrap_determinism_test_/bootstrap_determinism_test.runfiles; 2095s local ... (18 actions, 17 running)
[5,682 / 8,911] Creating runfiles tree bazel-out/k8-fastbuild/bin/tests/core/go_download_sdk/bootstrap_determinism_test_/bootstrap_determinism_test.runfiles; 2097s local ... (18 actions running)
[5,683 / 8,911] Creating runfiles tree bazel-out/k8-fastbuild/bin/tests/core/go_download_sdk/bootstrap_determinism_test_/bootstrap_determinism_test.runfiles; 2098s local ... (18 actions running)
[5,684 / 8,911] Creating runfiles tree bazel-out/k8-fastbuild/bin/tests/core/go_download_sdk/bootstrap_determinism_test_/bootstrap_determinism_test.runfiles; 2099s local ... (18 actions, 17 running)
[5,684 / 8,911] Creating runfiles tree bazel-out/k8-fastbuild/bin/tests/core/go_download_sdk/bootstrap_determinism_test_/bootstrap_determinism_test.runfiles; 2101s local ... (18 actions running)
[5,684 / 8,911] Creating runfiles tree bazel-out/k8-fastbuild/bin/tests/core/go_download_sdk/bootstrap_determinism_test_/bootstrap_determinism_test.runfiles; 2109s local ... (19 actions, 18 running)
[5,684 / 8,911] Creating runfiles tree bazel-out/k8-fastbuild/bin/tests/core/go_download_sdk/bootstrap_determinism_test_/bootstrap_determinism_test.runfiles; 2111s local ... (19 actions running)
[5,685 / 8,911] Creating runfiles tree bazel-out/k8-fastbuild/bin/tests/core/go_download_sdk/bootstrap_determinism_test_/bootstrap_determinism_test.runfiles; 2112s local ... (19 actions, 18 running)
[5,685 / 8,911] Creating runfiles tree bazel-out/k8-fastbuild/bin/tests/core/go_download_sdk/bootstrap_determinism_test_/bootstrap_determinism_test.runfiles; 2113s local ... (19 actions running)
[5,686 / 8,911] Creating runfiles tree bazel-out/k8-fastbuild/bin/tests/core/go_download_sdk/bootstrap_determinism_test_/bootstrap_determinism_test.runfiles; 2116s local ... (18 actions running)
[5,686 / 8,911] Creating runfiles tree bazel-out/k8-fastbuild/bin/tests/core/go_download_sdk/bootstrap_determinism_test_/bootstrap_determinism_test.runfiles; 2118s local ... (19 actions, 18 running)
[5,687 / 8,911] Creating runfiles tree bazel-out/k8-fastbuild/bin/tests/core/go_download_sdk/bootstrap_determinism_test_/bootstrap_determinism_test.runfiles; 2119s local ... (18 actions running)
[5,687 / 8,911] Creating runfiles tree bazel-out/k8-fastbuild/bin/tests/core/go_download_sdk/bootstrap_determinism_test_/bootstrap_determinism_test.runfiles; 2120s local ... (19 actions, 18 running)
[5,688 / 8,911] Creating runfiles tree bazel-out/k8-fastbuild/bin/tests/core/go_download_sdk/bootstrap_determinism_test_/bootstrap_determinism_test.runfiles; 2121s local ... (19 actions, 18 running)
[5,692 / 8,911] Creating runfiles tree bazel-out/k8-fastbuild/bin/tests/core/go_download_sdk/bootstrap_determinism_test_/bootstrap_determinism_test.runfiles; 2123s local ... (18 actions running)
[5,692 / 8,911] Creating runfiles tree bazel-out/k8-fastbuild/bin/tests/core/go_download_sdk/bootstrap_determinism_test_/bootstrap_determinism_test.runfiles; 2124s local ... (19 actions, 18 running)
[5,703 / 8,911] Creating runfiles tree bazel-out/k8-fastbuild/bin/tests/core/go_download_sdk/bootstrap_determinism_test_/bootstrap_determinism_test.runfiles; 2125s local ... (20 actions, 18 running)
[5,704 / 8,911] Creating runfiles tree bazel-out/k8-fastbuild/bin/tests/core/go_download_sdk/bootstrap_determinism_test_/bootstrap_determinism_test.runfiles; 2127s local ... (20 actions running)
[5,715 / 8,911] Creating runfiles tree bazel-out/k8-fastbuild/bin/tests/core/go_download_sdk/bootstrap_determinism_test_/bootstrap_determinism_test.runfiles; 2128s local ... (19 actions running)
[5,715 / 8,911] Creating runfiles tree bazel-out/k8-fastbuild/bin/tests/core/go_download_sdk/bootstrap_determinism_test_/bootstrap_determinism_test.runfiles; 2129s local ... (20 actions, 19 running)
[5,721 / 8,911] Creating runfiles tree bazel-out/k8-fastbuild/bin/tests/core/go_download_sdk/bootstrap_determinism_test_/bootstrap_determinism_test.runfiles; 2130s local ... (20 actions, 18 running)
[5,743 / 8,911] Creating runfiles tree bazel-out/k8-fastbuild/bin/tests/core/go_download_sdk/bootstrap_determinism_test_/bootstrap_determinism_test.runfiles; 2131s local ... (19 actions, 18 running)
[5,753 / 8,911] Creating runfiles tree bazel-out/k8-fastbuild/bin/tests/core/go_download_sdk/bootstrap_determinism_test_/bootstrap_determinism_test.runfiles; 2132s local ... (19 actions, 18 running)
[5,762 / 8,911] Creating runfiles tree bazel-out/k8-fastbuild/bin/tests/core/go_download_sdk/bootstrap_determinism_test_/bootstrap_determinism_test.runfiles; 2134s local ... (19 actions running)
[5,762 / 8,911] Creating runfiles tree bazel-out/k8-fastbuild/bin/tests/core/go_download_sdk/bootstrap_determinism_test_/bootstrap_determinism_test.runfiles; 2135s local ... (20 actions, 19 running)
[5,790 / 8,911] Creating runfiles tree bazel-out/k8-fastbuild/bin/tests/core/go_download_sdk/bootstrap_determinism_test_/bootstrap_determinism_test.runfiles; 2136s local ... (19 actions, 17 running)
[5,834 / 8,917] Creating runfiles tree bazel-out/k8-fastbuild/bin/tests/core/go_download_sdk/bootstrap_determinism_test_/bootstrap_determinism_test.runfiles; 2137s local ... (20 actions, 18 running)
[5,864 / 8,921] Creating runfiles tree bazel-out/k8-fastbuild/bin/tests/core/go_download_sdk/bootstrap_determinism_test_/bootstrap_determinism_test.runfiles; 2139s local ... (19 actions, 18 running)
[5,868 / 8,921] Creating runfiles tree bazel-out/k8-fastbuild/bin/tests/core/go_download_sdk/bootstrap_determinism_test_/bootstrap_determinism_test.runfiles; 2140s local ... (20 actions, 19 running)
[5,876 / 8,921] Creating runfiles tree bazel-out/k8-fastbuild/bin/tests/core/go_download_sdk/bootstrap_determinism_test_/bootstrap_determinism_test.runfiles; 2141s local ... (20 actions running)
[5,879 / 8,921] Creating runfiles tree bazel-out/k8-fastbuild/bin/tests/core/go_download_sdk/bootstrap_determinism_test_/bootstrap_determinism_test.runfiles; 2142s local ... (20 actions, 19 running)
[5,893 / 8,921] Creating runfiles tree bazel-out/k8-fastbuild/bin/tests/core/go_download_sdk/bootstrap_determinism_test_/bootstrap_determinism_test.runfiles; 2143s local ... (20 actions, 19 running)
[5,901 / 8,921] Creating runfiles tree bazel-out/k8-fastbuild/bin/tests/core/go_download_sdk/bootstrap_determinism_test_/bootstrap_determinism_test.runfiles; 2145s local ... (19 actions running)
[5,919 / 8,921] Creating runfiles tree bazel-out/k8-fastbuild/bin/tests/core/go_download_sdk/bootstrap_determinism_test_/bootstrap_determinism_test.runfiles; 2146s local ... (19 actions, 17 running)
[5,924 / 8,921] Creating runfiles tree bazel-out/k8-fastbuild/bin/tests/core/go_download_sdk/bootstrap_determinism_test_/bootstrap_determinism_test.runfiles; 2148s local ... (19 actions, 17 running)
[5,932 / 8,921] Creating runfiles tree bazel-out/k8-fastbuild/bin/tests/core/go_download_sdk/bootstrap_determinism_test_/bootstrap_determinism_test.runfiles; 2149s local ... (19 actions running)
[5,945 / 8,921] Creating runfiles tree bazel-out/k8-fastbuild/bin/tests/core/go_download_sdk/bootstrap_determinism_test_/bootstrap_determinism_test.runfiles; 2150s local ... (19 actions, 17 running)
[5,956 / 8,928] Creating runfiles tree bazel-out/k8-fastbuild/bin/tests/core/go_download_sdk/bootstrap_determinism_test_/bootstrap_determinism_test.runfiles; 2151s local ... (19 actions, 18 running)
[5,958 / 8,928] Creating runfiles tree bazel-out/k8-fastbuild/bin/tests/core/go_download_sdk/bootstrap_determinism_test_/bootstrap_determinism_test.runfiles; 2153s local ... (19 actions, 18 running)
[5,971 / 8,928] Creating runfiles tree bazel-out/k8-fastbuild/bin/tests/core/go_download_sdk/bootstrap_determinism_test_/bootstrap_determinism_test.runfiles; 2154s local ... (18 actions running)
[5,973 / 8,928] Creating runfiles tree bazel-out/k8-fastbuild/bin/tests/core/go_download_sdk/bootstrap_determinism_test_/bootstrap_determinism_test.runfiles; 2155s local ... (19 actions, 17 running)
[5,991 / 8,928] Creating runfiles tree bazel-out/k8-fastbuild/bin/tests/core/go_download_sdk/bootstrap_determinism_test_/bootstrap_determinism_test.runfiles; 2156s local ... (20 actions, 19 running)
[5,992 / 8,928] Creating runfiles tree bazel-out/k8-fastbuild/bin/tests/core/go_download_sdk/bootstrap_determinism_test_/bootstrap_determinism_test.runfiles; 2157s local ... (20 actions, 18 running)
[5,995 / 8,928] Creating runfiles tree bazel-out/k8-fastbuild/bin/tests/core/go_download_sdk/bootstrap_determinism_test_/bootstrap_determinism_test.runfiles; 2158s local ... (20 actions, 19 running)
[5,999 / 8,928] Creating runfiles tree bazel-out/k8-fastbuild/bin/tests/core/go_download_sdk/bootstrap_determinism_test_/bootstrap_determinism_test.runfiles; 2160s local ... (20 actions running)
[6,015 / 8,934] Creating runfiles tree bazel-out/k8-fastbuild/bin/tests/core/go_download_sdk/bootstrap_determinism_test_/bootstrap_determinism_test.runfiles; 2161s local ... (19 actions, 18 running)
[6,022 / 8,939] Creating runfiles tree bazel-out/k8-fastbuild/bin/tests/core/go_download_sdk/bootstrap_determinism_test_/bootstrap_determinism_test.runfiles; 2163s local ... (20 actions running)
[6,024 / 8,939] Creating runfiles tree bazel-out/k8-fastbuild/bin/tests/core/go_download_sdk/bootstrap_determinism_test_/bootstrap_determinism_test.runfiles; 2164s local ... (20 actions, 19 running)
[6,027 / 8,939] Creating runfiles tree bazel-out/k8-fastbuild/bin/tests/core/go_download_sdk/bootstrap_determinism_test_/bootstrap_determinism_test.runfiles; 2165s local ... (20 actions, 19 running)
[6,037 / 8,939] Creating runfiles tree bazel-out/k8-fastbuild/bin/tests/core/go_download_sdk/bootstrap_determinism_test_/bootstrap_determinism_test.runfiles; 2167s local ... (19 actions running)
[6,042 / 8,939] Creating runfiles tree bazel-out/k8-fastbuild/bin/tests/core/go_download_sdk/bootstrap_determinism_test_/bootstrap_determinism_test.runfiles; 2168s local ... (20 actions, 19 running)
[6,045 / 8,939] Creating runfiles tree bazel-out/k8-fastbuild/bin/tests/core/go_download_sdk/bootstrap_determinism_test_/bootstrap_determinism_test.runfiles; 2170s local ... (19 actions running)
[6,053 / 8,939] Creating runfiles tree bazel-out/k8-fastbuild/bin/tests/core/go_download_sdk/bootstrap_determinism_test_/bootstrap_determinism_test.runfiles; 2171s local ... (20 actions, 19 running)
[6,058 / 8,939] Creating runfiles tree bazel-out/k8-fastbuild/bin/tests/core/go_download_sdk/bootstrap_determinism_test_/bootstrap_determinism_test.runfiles; 2172s local ... (20 actions, 19 running)
[6,073 / 8,939] Creating runfiles tree bazel-out/k8-fastbuild/bin/tests/core/go_download_sdk/bootstrap_determinism_test_/bootstrap_determinism_test.runfiles; 2174s local ... (20 actions, 18 running)
[6,078 / 8,939] Creating runfiles tree bazel-out/k8-fastbuild/bin/tests/core/go_download_sdk/bootstrap_determinism_test_/bootstrap_determinism_test.runfiles; 2175s local ... (19 actions running)
[6,082 / 8,948] Creating runfiles tree bazel-out/k8-fastbuild/bin/tests/core/go_download_sdk/bootstrap_determinism_test_/bootstrap_determinism_test.runfiles; 2176s local ... (20 actions, 19 running)
[6,084 / 8,948] Creating runfiles tree bazel-out/k8-fastbuild/bin/tests/core/go_download_sdk/bootstrap_determinism_test_/bootstrap_determinism_test.runfiles; 2178s local ... (20 actions running)
[6,085 / 8,948] Creating runfiles tree bazel-out/k8-fastbuild/bin/tests/core/go_download_sdk/bootstrap_determinism_test_/bootstrap_determinism_test.runfiles; 2179s local ... (20 actions, 19 running)
[6,087 / 8,948] Creating runfiles tree bazel-out/k8-fastbuild/bin/tests/core/go_download_sdk/bootstrap_determinism_test_/bootstrap_determinism_test.runfiles; 2180s local ... (20 actions, 19 running)
[6,090 / 8,948] Creating runfiles tree bazel-out/k8-fastbuild/bin/tests/core/go_download_sdk/bootstrap_determinism_test_/bootstrap_determinism_test.runfiles; 2181s local ... (20 actions, 19 running)
[6,096 / 8,948] Creating runfiles tree bazel-out/k8-fastbuild/bin/tests/core/go_download_sdk/bootstrap_determinism_test_/bootstrap_determinism_test.runfiles; 2183s local ... (20 actions running)
[6,097 / 8,948] Creating runfiles tree bazel-out/k8-fastbuild/bin/tests/core/go_download_sdk/bootstrap_determinism_test_/bootstrap_determinism_test.runfiles; 2184s local ... (20 actions, 19 running)
[6,099 / 8,948] Creating runfiles tree bazel-out/k8-fastbuild/bin/tests/core/go_download_sdk/bootstrap_determinism_test_/bootstrap_determinism_test.runfiles; 2186s local ... (20 actions running)
[6,102 / 8,948] Creating runfiles tree bazel-out/k8-fastbuild/bin/tests/core/go_download_sdk/bootstrap_determinism_test_/bootstrap_determinism_test.runfiles; 2187s local ... (20 actions, 19 running)
[6,104 / 8,948] Creating runfiles tree bazel-out/k8-fastbuild/bin/tests/core/go_download_sdk/bootstrap_determinism_test_/bootstrap_determinism_test.runfiles; 2189s local ... (20 actions running)
[6,105 / 8,948] Creating runfiles tree bazel-out/k8-fastbuild/bin/tests/core/go_download_sdk/bootstrap_determinism_test_/bootstrap_determinism_test.runfiles; 2190s local ... (20 actions, 19 running)
[6,105 / 8,948] Creating runfiles tree bazel-out/k8-fastbuild/bin/tests/core/go_download_sdk/bootstrap_determinism_test_/bootstrap_determinism_test.runfiles; 2192s local ... (20 actions running)
[6,106 / 8,948] Creating runfiles tree bazel-out/k8-fastbuild/bin/tests/core/go_download_sdk/bootstrap_determinism_test_/bootstrap_determinism_test.runfiles; 2194s local ... (20 actions running)
[6,109 / 8,948] Creating runfiles tree bazel-out/k8-fastbuild/bin/tests/core/go_download_sdk/bootstrap_determinism_test_/bootstrap_determinism_test.runfiles; 2195s local ... (20 actions, 19 running)
[6,111 / 8,948] Creating runfiles tree bazel-out/k8-fastbuild/bin/tests/core/go_download_sdk/bootstrap_determinism_test_/bootstrap_determinism_test.runfiles; 2196s local ... (20 actions, 19 running)
[6,112 / 8,948] Creating runfiles tree bazel-out/k8-fastbuild/bin/tests/core/go_download_sdk/bootstrap_determinism_test_/bootstrap_determinism_test.runfiles; 2197s local ... (20 actions, 19 running)
[6,115 / 8,948] Creating runfiles tree bazel-out/k8-fastbuild/bin/tests/core/go_download_sdk/bootstrap_determinism_test_/bootstrap_determinism_test.runfiles; 2198s local ... (20 actions, 19 running)
[6,119 / 8,948] Creating runfiles tree bazel-out/k8-fastbuild/bin/tests/core/go_download_sdk/bootstrap_determinism_test_/bootstrap_determinism_test.runfiles; 2200s local ... (20 actions running)
[6,123 / 8,948] Creating runfiles tree bazel-out/k8-fastbuild/bin/tests/core/go_download_sdk/bootstrap_determinism_test_/bootstrap_determinism_test.runfiles; 2201s local ... (20 actions, 19 running)
[6,125 / 8,948] Creating runfiles tree bazel-out/k8-fastbuild/bin/tests/core/go_download_sdk/bootstrap_determinism_test_/bootstrap_determinism_test.runfiles; 2202s local ... (20 actions, 19 running)
[6,127 / 8,948] Creating runfiles tree bazel-out/k8-fastbuild/bin/tests/core/go_download_sdk/bootstrap_determinism_test_/bootstrap_determinism_test.runfiles; 2204s local ... (20 actions running)
[6,129 / 8,948] Creating runfiles tree bazel-out/k8-fastbuild/bin/tests/core/go_download_sdk/bootstrap_determinism_test_/bootstrap_determinism_test.runfiles; 2205s local ... (19 actions, 18 running)
[6,134 / 8,948] Creating runfiles tree bazel-out/k8-fastbuild/bin/tests/core/go_download_sdk/bootstrap_determinism_test_/bootstrap_determinism_test.runfiles; 2206s local ... (19 actions, 18 running)
[6,136 / 8,948] Creating runfiles tree bazel-out/k8-fastbuild/bin/tests/core/go_download_sdk/bootstrap_determinism_test_/bootstrap_determinism_test.runfiles; 2208s local ... (19 actions running)
[6,138 / 8,948] Creating runfiles tree bazel-out/k8-fastbuild/bin/tests/core/go_download_sdk/bootstrap_determinism_test_/bootstrap_determinism_test.runfiles; 2209s local ... (19 actions, 18 running)
[6,143 / 8,948] Creating runfiles tree bazel-out/k8-fastbuild/bin/tests/core/go_download_sdk/bootstrap_determinism_test_/bootstrap_determinism_test.runfiles; 2210s local ... (19 actions, 18 running)
[6,147 / 8,948] Creating runfiles tree bazel-out/k8-fastbuild/bin/tests/core/go_download_sdk/bootstrap_determinism_test_/bootstrap_determinism_test.runfiles; 2211s local ... (19 actions, 17 running)
[6,148 / 8,948] Creating runfiles tree bazel-out/k8-fastbuild/bin/tests/core/go_download_sdk/bootstrap_determinism_test_/bootstrap_determinism_test.runfiles; 2212s local ... (19 actions, 17 running)
[6,149 / 8,948] Creating runfiles tree bazel-out/k8-fastbuild/bin/tests/core/go_download_sdk/bootstrap_determinism_test_/bootstrap_determinism_test.runfiles; 2214s local ... (19 actions running)
[6,153 / 8,948] Creating runfiles tree bazel-out/k8-fastbuild/bin/tests/core/go_download_sdk/bootstrap_determinism_test_/bootstrap_determinism_test.runfiles; 2215s local ... (18 actions, 17 running)
[6,156 / 8,948] Creating runfiles tree bazel-out/k8-fastbuild/bin/tests/core/go_download_sdk/bootstrap_determinism_test_/bootstrap_determinism_test.runfiles; 2217s local ... (19 actions, 18 running)
[6,159 / 8,948] Creating runfiles tree bazel-out/k8-fastbuild/bin/tests/core/go_download_sdk/bootstrap_determinism_test_/bootstrap_determinism_test.runfiles; 2218s local ... (20 actions, 18 running)
[6,165 / 8,948] Creating runfiles tree bazel-out/k8-fastbuild/bin/tests/core/go_download_sdk/bootstrap_determinism_test_/bootstrap_determinism_test.runfiles; 2220s local ... (19 actions, 18 running)
[6,174 / 8,948] Creating runfiles tree bazel-out/k8-fastbuild/bin/tests/core/go_download_sdk/bootstrap_determinism_test_/bootstrap_determinism_test.runfiles; 2221s local ... (19 actions, 18 running)
[6,174 / 8,952] Creating runfiles tree bazel-out/k8-fastbuild/bin/tests/core/go_download_sdk/bootstrap_determinism_test_/bootstrap_determinism_test.runfiles; 2222s local ... (20 actions, 19 running)
[6,191 / 8,952] Creating runfiles tree bazel-out/k8-fastbuild/bin/tests/core/go_download_sdk/bootstrap_determinism_test_/bootstrap_determinism_test.runfiles; 2223s local ... (20 actions, 19 running)
[6,200 / 8,952] Creating runfiles tree bazel-out/k8-fastbuild/bin/tests/core/go_download_sdk/bootstrap_determinism_test_/bootstrap_determinism_test.runfiles; 2224s local ... (20 actions, 19 running)
[6,214 / 8,952] Creating runfiles tree bazel-out/k8-fastbuild/bin/tests/core/go_download_sdk/bootstrap_determinism_test_/bootstrap_determinism_test.runfiles; 2225s local ... (20 actions, 19 running)
[6,231 / 8,952] Creating runfiles tree bazel-out/k8-fastbuild/bin/tests/core/go_download_sdk/bootstrap_determinism_test_/bootstrap_determinism_test.runfiles; 2226s local ... (20 actions, 19 running)
[6,236 / 8,952] Creating runfiles tree bazel-out/k8-fastbuild/bin/tests/core/go_download_sdk/bootstrap_determinism_test_/bootstrap_determinism_test.runfiles; 2228s local ... (20 actions running)
[6,249 / 8,952] Creating runfiles tree bazel-out/k8-fastbuild/bin/tests/core/go_download_sdk/bootstrap_determinism_test_/bootstrap_determinism_test.runfiles; 2229s local ... (20 actions, 18 running)
[6,255 / 8,952] Creating runfiles tree bazel-out/k8-fastbuild/bin/tests/core/go_download_sdk/bootstrap_determinism_test_/bootstrap_determinism_test.runfiles; 2230s local ... (20 actions, 19 running)
[6,269 / 8,952] Creating runfiles tree bazel-out/k8-fastbuild/bin/tests/core/go_download_sdk/bootstrap_determinism_test_/bootstrap_determinism_test.runfiles; 2231s local ... (20 actions, 19 running)
[6,271 / 8,952] Creating runfiles tree bazel-out/k8-fastbuild/bin/tests/core/go_download_sdk/bootstrap_determinism_test_/bootstrap_determinism_test.runfiles; 2233s local ... (20 actions running)
[6,278 / 8,952] Creating runfiles tree bazel-out/k8-fastbuild/bin/tests/core/go_download_sdk/bootstrap_determinism_test_/bootstrap_determinism_test.runfiles; 2234s local ... (20 actions, 19 running)
[6,286 / 8,952] Creating runfiles tree bazel-out/k8-fastbuild/bin/tests/core/go_download_sdk/bootstrap_determinism_test_/bootstrap_determinism_test.runfiles; 2235s local ... (20 actions, 19 running)
[6,306 / 8,952] Creating runfiles tree bazel-out/k8-fastbuild/bin/tests/core/go_download_sdk/bootstrap_determinism_test_/bootstrap_determinism_test.runfiles; 2236s local ... (21 actions, 19 running)
[6,309 / 8,952] Creating runfiles tree bazel-out/k8-fastbuild/bin/tests/core/go_download_sdk/bootstrap_determinism_test_/bootstrap_determinism_test.runfiles; 2238s local ... (20 actions running)
[6,316 / 8,952] Creating runfiles tree bazel-out/k8-fastbuild/bin/tests/core/go_download_sdk/bootstrap_determinism_test_/bootstrap_determinism_test.runfiles; 2239s local ... (20 actions, 19 running)
[6,325 / 8,952] Creating runfiles tree bazel-out/k8-fastbuild/bin/tests/core/go_download_sdk/bootstrap_determinism_test_/bootstrap_determinism_test.runfiles; 2240s local ... (20 actions, 19 running)
[6,338 / 8,952] Creating runfiles tree bazel-out/k8-fastbuild/bin/tests/core/go_download_sdk/bootstrap_determinism_test_/bootstrap_determinism_test.runfiles; 2241s local ... (20 actions, 19 running)
[6,349 / 8,955] Creating runfiles tree bazel-out/k8-fastbuild/bin/tests/core/go_download_sdk/bootstrap_determinism_test_/bootstrap_determinism_test.runfiles; 2243s local ... (20 actions running)
[6,350 / 8,955] Creating runfiles tree bazel-out/k8-fastbuild/bin/tests/core/go_download_sdk/bootstrap_determinism_test_/bootstrap_determinism_test.runfiles; 2244s local ... (20 actions, 19 running)
[6,356 / 8,955] Creating runfiles tree bazel-out/k8-fastbuild/bin/tests/core/go_download_sdk/bootstrap_determinism_test_/bootstrap_determinism_test.runfiles; 2245s local ... (20 actions, 19 running)
[6,357 / 8,955] Creating runfiles tree bazel-out/k8-fastbuild/bin/tests/core/go_download_sdk/bootstrap_determinism_test_/bootstrap_determinism_test.runfiles; 2247s local ... (20 actions running)
[6,358 / 8,955] Creating runfiles tree bazel-out/k8-fastbuild/bin/tests/core/go_download_sdk/bootstrap_determinism_test_/bootstrap_determinism_test.runfiles; 2248s local ... (20 actions, 19 running)
[6,366 / 8,955] Creating runfiles tree bazel-out/k8-fastbuild/bin/tests/core/go_download_sdk/bootstrap_determinism_test_/bootstrap_determinism_test.runfiles; 2249s local ... (20 actions, 19 running)
[6,373 / 8,956] Creating runfiles tree bazel-out/k8-fastbuild/bin/tests/core/go_download_sdk/bootstrap_determinism_test_/bootstrap_determinism_test.runfiles; 2251s local ... (20 actions running)
[6,387 / 8,956] Creating runfiles tree bazel-out/k8-fastbuild/bin/tests/core/go_download_sdk/bootstrap_determinism_test_/bootstrap_determinism_test.runfiles; 2252s local ... (20 actions running)
[6,412 / 8,956] Creating runfiles tree bazel-out/k8-fastbuild/bin/tests/core/go_download_sdk/bootstrap_determinism_test_/bootstrap_determinism_test.runfiles; 2253s local ... (20 actions, 19 running)
[6,428 / 8,956] Creating runfiles tree bazel-out/k8-fastbuild/bin/tests/core/go_download_sdk/bootstrap_determinism_test_/bootstrap_determinism_test.runfiles; 2254s local ... (20 actions, 19 running)
[6,435 / 8,956] Creating runfiles tree bazel-out/k8-fastbuild/bin/tests/core/go_download_sdk/bootstrap_determinism_test_/bootstrap_determinism_test.runfiles; 2256s local ... (20 actions, 19 running)
[6,441 / 8,956] Creating runfiles tree bazel-out/k8-fastbuild/bin/tests/core/go_download_sdk/bootstrap_determinism_test_/bootstrap_determinism_test.runfiles; 2257s local ... (20 actions, 18 running)
[6,443 / 8,956] Creating runfiles tree bazel-out/k8-fastbuild/bin/tests/core/go_download_sdk/bootstrap_determinism_test_/bootstrap_determinism_test.runfiles; 2258s local ... (20 actions, 19 running)
[6,448 / 8,956] Creating runfiles tree bazel-out/k8-fastbuild/bin/tests/core/go_download_sdk/bootstrap_determinism_test_/bootstrap_determinism_test.runfiles; 2260s local ... (20 actions running)
[6,450 / 8,962] Creating runfiles tree bazel-out/k8-fastbuild/bin/tests/core/go_download_sdk/bootstrap_determinism_test_/bootstrap_determinism_test.runfiles; 2261s local ... (20 actions, 19 running)
[6,451 / 8,962] Creating runfiles tree bazel-out/k8-fastbuild/bin/tests/core/go_download_sdk/bootstrap_determinism_test_/bootstrap_determinism_test.runfiles; 2262s local ... (20 actions running)
[6,454 / 8,963] Creating runfiles tree bazel-out/k8-fastbuild/bin/tests/core/go_download_sdk/bootstrap_determinism_test_/bootstrap_determinism_test.runfiles; 2263s local ... (20 actions, 19 running)
[6,455 / 8,963] Creating runfiles tree bazel-out/k8-fastbuild/bin/tests/core/go_download_sdk/bootstrap_determinism_test_/bootstrap_determinism_test.runfiles; 2265s local ... (20 actions running)
[6,456 / 8,963] Creating runfiles tree bazel-out/k8-fastbuild/bin/tests/core/go_download_sdk/bootstrap_determinism_test_/bootstrap_determinism_test.runfiles; 2266s local ... (20 actions, 19 running)
[6,456 / 8,963] Creating runfiles tree bazel-out/k8-fastbuild/bin/tests/core/go_download_sdk/bootstrap_determinism_test_/bootstrap_determinism_test.runfiles; 2268s local ... (20 actions running)
[6,459 / 8,963] Creating runfiles tree bazel-out/k8-fastbuild/bin/tests/core/go_download_sdk/bootstrap_determinism_test_/bootstrap_determinism_test.runfiles; 2269s local ... (21 actions, 20 running)
[6,461 / 8,963] Creating runfiles tree bazel-out/k8-fastbuild/bin/tests/core/go_download_sdk/bootstrap_determinism_test_/bootstrap_determinism_test.runfiles; 2270s local ... (20 actions, 19 running)
[6,462 / 8,963] Creating runfiles tree bazel-out/k8-fastbuild/bin/tests/core/go_download_sdk/bootstrap_determinism_test_/bootstrap_determinism_test.runfiles; 2272s local ... (20 actions running)
[6,463 / 8,963] Creating runfiles tree bazel-out/k8-fastbuild/bin/tests/core/go_download_sdk/bootstrap_determinism_test_/bootstrap_determinism_test.runfiles; 2273s local ... (20 actions running)
[6,465 / 8,963] Creating runfiles tree bazel-out/k8-fastbuild/bin/tests/core/go_download_sdk/bootstrap_determinism_test_/bootstrap_determinism_test.runfiles; 2274s local ... (21 actions, 19 running)
[6,467 / 8,963] Creating runfiles tree bazel-out/k8-fastbuild/bin/tests/core/go_download_sdk/bootstrap_determinism_test_/bootstrap_determinism_test.runfiles; 2275s local ... (20 actions, 19 running)
[6,467 / 8,963] Creating runfiles tree bazel-out/k8-fastbuild/bin/tests/core/go_download_sdk/bootstrap_determinism_test_/bootstrap_determinism_test.runfiles; 2277s local ... (20 actions running)
[6,469 / 8,963] Creating runfiles tree bazel-out/k8-fastbuild/bin/tests/core/go_download_sdk/bootstrap_determinism_test_/bootstrap_determinism_test.runfiles; 2278s local ... (21 actions, 19 running)
[6,470 / 8,963] Creating runfiles tree bazel-out/k8-fastbuild/bin/tests/core/go_download_sdk/bootstrap_determinism_test_/bootstrap_determinism_test.runfiles; 2280s local ... (20 actions running)
[6,474 / 8,963] Creating runfiles tree bazel-out/k8-fastbuild/bin/tests/core/go_download_sdk/bootstrap_determinism_test_/bootstrap_determinism_test.runfiles; 2281s local ... (20 actions, 19 running)
[6,475 / 8,963] Creating runfiles tree bazel-out/k8-fastbuild/bin/tests/core/go_download_sdk/bootstrap_determinism_test_/bootstrap_determinism_test.runfiles; 2283s local ... (20 actions, 19 running)
[6,478 / 8,963] Creating runfiles tree bazel-out/k8-fastbuild/bin/tests/core/go_download_sdk/bootstrap_determinism_test_/bootstrap_determinism_test.runfiles; 2284s local ... (21 actions, 20 running)
[6,480 / 8,963] Creating runfiles tree bazel-out/k8-fastbuild/bin/tests/core/go_download_sdk/bootstrap_determinism_test_/bootstrap_determinism_test.runfiles; 2286s local ... (21 actions, 20 running)
[6,482 / 8,963] Creating runfiles tree bazel-out/k8-fastbuild/bin/tests/core/go_download_sdk/bootstrap_determinism_test_/bootstrap_determinism_test.runfiles; 2288s local ... (20 actions running)
[6,484 / 8,963] Creating runfiles tree bazel-out/k8-fastbuild/bin/tests/core/go_download_sdk/bootstrap_determinism_test_/bootstrap_determinism_test.runfiles; 2289s local ... (21 actions, 20 running)
[6,485 / 8,963] Creating runfiles tree bazel-out/k8-fastbuild/bin/tests/core/go_download_sdk/bootstrap_determinism_test_/bootstrap_determinism_test.runfiles; 2290s local ... (21 actions, 19 running)
[6,487 / 8,963] Creating runfiles tree bazel-out/k8-fastbuild/bin/tests/core/go_download_sdk/bootstrap_determinism_test_/bootstrap_determinism_test.runfiles; 2292s local ... (21 actions, 20 running)
[6,488 / 8,963] Creating runfiles tree bazel-out/k8-fastbuild/bin/tests/core/go_download_sdk/bootstrap_determinism_test_/bootstrap_determinism_test.runfiles; 2293s local ... (20 actions, 19 running)
[6,490 / 8,963] Creating runfiles tree bazel-out/k8-fastbuild/bin/tests/core/go_download_sdk/bootstrap_determinism_test_/bootstrap_determinism_test.runfiles; 2294s local ... (20 actions, 19 running)
[6,490 / 8,963] Creating runfiles tree bazel-out/k8-fastbuild/bin/tests/core/go_download_sdk/bootstrap_determinism_test_/bootstrap_determinism_test.runfiles; 2296s local ... (20 actions running)
[6,493 / 8,963] Creating runfiles tree bazel-out/k8-fastbuild/bin/tests/core/go_download_sdk/bootstrap_determinism_test_/bootstrap_determinism_test.runfiles; 2297s local ... (20 actions, 19 running)
[6,494 / 8,963] Creating runfiles tree bazel-out/k8-fastbuild/bin/tests/core/go_download_sdk/bootstrap_determinism_test_/bootstrap_determinism_test.runfiles; 2299s local ... (20 actions running)
[6,498 / 8,963] Creating runfiles tree bazel-out/k8-fastbuild/bin/tests/core/go_download_sdk/bootstrap_determinism_test_/bootstrap_determinism_test.runfiles; 2300s local ... (21 actions, 20 running)
[6,499 / 8,963] Creating runfiles tree bazel-out/k8-fastbuild/bin/tests/core/go_download_sdk/bootstrap_determinism_test_/bootstrap_determinism_test.runfiles; 2302s local ... (21 actions, 20 running)
[6,500 / 8,963] Creating runfiles tree bazel-out/k8-fastbuild/bin/tests/core/go_download_sdk/bootstrap_determinism_test_/bootstrap_determinism_test.runfiles; 2303s local ... (20 actions, 19 running)
[6,501 / 8,963] Creating runfiles tree bazel-out/k8-fastbuild/bin/tests/core/go_download_sdk/bootstrap_determinism_test_/bootstrap_determinism_test.runfiles; 2305s local ... (20 actions running)
[6,503 / 8,963] Creating runfiles tree bazel-out/k8-fastbuild/bin/tests/core/go_download_sdk/bootstrap_determinism_test_/bootstrap_determinism_test.runfiles; 2306s local ... (20 actions, 19 running)
[6,505 / 8,963] Creating runfiles tree bazel-out/k8-fastbuild/bin/tests/core/go_download_sdk/bootstrap_determinism_test_/bootstrap_determinism_test.runfiles; 2307s local ... (21 actions, 19 running)
[6,506 / 8,963] Creating runfiles tree bazel-out/k8-fastbuild/bin/tests/core/go_download_sdk/bootstrap_determinism_test_/bootstrap_determinism_test.runfiles; 2308s local ... (20 actions, 19 running)
[6,508 / 8,963] Creating runfiles tree bazel-out/k8-fastbuild/bin/tests/core/go_download_sdk/bootstrap_determinism_test_/bootstrap_determinism_test.runfiles; 2310s local ... (21 actions, 20 running)
[6,509 / 8,963] Creating runfiles tree bazel-out/k8-fastbuild/bin/tests/core/go_download_sdk/bootstrap_determinism_test_/bootstrap_determinism_test.runfiles; 2312s local ... (21 actions, 20 running)
[6,510 / 8,963] Creating runfiles tree bazel-out/k8-fastbuild/bin/tests/core/go_download_sdk/bootstrap_determinism_test_/bootstrap_determinism_test.runfiles; 2313s local ... (20 actions, 19 running)
[6,512 / 8,963] Creating runfiles tree bazel-out/k8-fastbuild/bin/tests/core/go_download_sdk/bootstrap_determinism_test_/bootstrap_determinism_test.runfiles; 2315s local ... (21 actions, 20 running)
[6,513 / 8,963] Creating runfiles tree bazel-out/k8-fastbuild/bin/tests/core/go_download_sdk/bootstrap_determinism_test_/bootstrap_determinism_test.runfiles; 2316s local ... (21 actions, 20 running)
[6,514 / 8,963] Creating runfiles tree bazel-out/k8-fastbuild/bin/tests/core/go_download_sdk/bootstrap_determinism_test_/bootstrap_determinism_test.runfiles; 2318s local ... (20 actions, 19 running)
[6,517 / 8,963] Creating runfiles tree bazel-out/k8-fastbuild/bin/tests/core/go_download_sdk/bootstrap_determinism_test_/bootstrap_determinism_test.runfiles; 2320s local ... (21 actions, 20 running)
INFO: From Compiling src/google/protobuf/compiler/rust/relative_path.cc:
external/protobuf~/src/google/protobuf/compiler/rust/relative_path.cc: In member function 'std::string google::protobuf::compiler::rust::RelativePath::Relative(const google::protobuf::compiler::rust::RelativePath&) const':
external/protobuf~/src/google/protobuf/compiler/rust/relative_path.cc:65:21: warning: comparison of integer expressions of different signedness: 'int' and 'std::vector<std::basic_string_view<char> >::size_type' {aka 'long unsigned int'} [-Wsign-compare]
   65 |   for (int i = 0; i < current_segments.size(); ++i) {
      |                   ~~^~~~~~~~~~~~~~~~~~~~~~~~~
[6,518 / 8,963] Creating runfiles tree bazel-out/k8-fastbuild/bin/tests/core/go_download_sdk/bootstrap_determinism_test_/bootstrap_determinism_test.runfiles; 2326s local ... (20 actions, 19 running)
[6,521 / 8,963] Creating runfiles tree bazel-out/k8-fastbuild/bin/tests/core/go_download_sdk/bootstrap_determinism_test_/bootstrap_determinism_test.runfiles; 2328s local ... (21 actions, 20 running)
[6,525 / 8,963] Creating runfiles tree bazel-out/k8-fastbuild/bin/tests/core/go_download_sdk/bootstrap_determinism_test_/bootstrap_determinism_test.runfiles; 2329s local ... (20 actions, 19 running)
[6,525 / 8,963] Creating runfiles tree bazel-out/k8-fastbuild/bin/tests/core/go_download_sdk/bootstrap_determinism_test_/bootstrap_determinism_test.runfiles; 2331s local ... (21 actions, 20 running)
[6,529 / 8,963] Creating runfiles tree bazel-out/k8-fastbuild/bin/tests/core/go_download_sdk/bootstrap_determinism_test_/bootstrap_determinism_test.runfiles; 2332s local ... (21 actions, 19 running)
[6,529 / 8,963] Creating runfiles tree bazel-out/k8-fastbuild/bin/tests/core/go_download_sdk/bootstrap_determinism_test_/bootstrap_determinism_test.runfiles; 2334s local ... (21 actions, 20 running)
[6,530 / 8,963] Creating runfiles tree bazel-out/k8-fastbuild/bin/tests/core/go_download_sdk/bootstrap_determinism_test_/bootstrap_determinism_test.runfiles; 2335s local ... (20 actions, 19 running)
[6,536 / 8,963] Creating runfiles tree bazel-out/k8-fastbuild/bin/tests/core/go_download_sdk/bootstrap_determinism_test_/bootstrap_determinism_test.runfiles; 2337s local ... (21 actions, 20 running)
[6,537 / 8,963] Creating runfiles tree bazel-out/k8-fastbuild/bin/tests/core/go_download_sdk/bootstrap_determinism_test_/bootstrap_determinism_test.runfiles; 2338s local ... (20 actions, 19 running)
[6,538 / 8,963] Creating runfiles tree bazel-out/k8-fastbuild/bin/tests/core/go_download_sdk/bootstrap_determinism_test_/bootstrap_determinism_test.runfiles; 2340s local ... (20 actions, 19 running)
[6,539 / 8,963] Creating runfiles tree bazel-out/k8-fastbuild/bin/tests/core/go_download_sdk/bootstrap_determinism_test_/bootstrap_determinism_test.runfiles; 2341s local ... (20 actions, 19 running)
[6,547 / 8,966] Creating runfiles tree bazel-out/k8-fastbuild/bin/tests/core/go_download_sdk/bootstrap_determinism_test_/bootstrap_determinism_test.runfiles; 2342s local ... (20 actions, 19 running)
[6,550 / 8,972] Creating runfiles tree bazel-out/k8-fastbuild/bin/tests/core/go_download_sdk/bootstrap_determinism_test_/bootstrap_determinism_test.runfiles; 2343s local ... (20 actions, 19 running)
[6,555 / 8,973] Creating runfiles tree bazel-out/k8-fastbuild/bin/tests/core/go_download_sdk/bootstrap_determinism_test_/bootstrap_determinism_test.runfiles; 2344s local ... (20 actions, 19 running)
[6,558 / 8,980] Creating runfiles tree bazel-out/k8-fastbuild/bin/tests/core/go_download_sdk/bootstrap_determinism_test_/bootstrap_determinism_test.runfiles; 2345s local ... (20 actions, 19 running)
[6,565 / 8,981] Creating runfiles tree bazel-out/k8-fastbuild/bin/tests/core/go_download_sdk/bootstrap_determinism_test_/bootstrap_determinism_test.runfiles; 2347s local ... (20 actions, 19 running)
[6,570 / 8,981] Creating runfiles tree bazel-out/k8-fastbuild/bin/tests/core/go_download_sdk/bootstrap_determinism_test_/bootstrap_determinism_test.runfiles; 2348s local ... (20 actions, 19 running)
[6,577 / 8,981] Creating runfiles tree bazel-out/k8-fastbuild/bin/tests/core/go_download_sdk/bootstrap_determinism_test_/bootstrap_determinism_test.runfiles; 2350s local ... (20 actions running)
INFO: From Compiling absl/strings/charconv.cc [for tool]:
In file included from /usr/include/c++/14/string:51,
                 from /usr/include/c++/14/stdexcept:39,
                 from /usr/include/c++/14/system_error:43,
                 from external/abseil-cpp~/absl/strings/charconv.h:18,
                 from external/abseil-cpp~/absl/strings/charconv.cc:15:
In static member function 'static _Up* std::__copy_move_backward<_IsMove, true, std::random_access_iterator_tag>::__copy_move_b(_Tp*, _Tp*, _Up*) [with _Tp = unsigned int; _Up = unsigned int; bool _IsMove = false]',
    inlined from '_BI2 std::__copy_move_backward_a2(_BI1, _BI1, _BI2) [with bool _IsMove = false; _BI1 = unsigned int*; _BI2 = unsigned int*]' at /usr/include/c++/14/bits/stl_algobase.h:787:37,
    inlined from '_BI2 std::__copy_move_backward_a1(_BI1, _BI1, _BI2) [with bool _IsMove = false; _BI1 = unsigned int*; _BI2 = unsigned int*]' at /usr/include/c++/14/bits/stl_algobase.h:796:51,
    inlined from '_OI std::__copy_move_backward_a(_II, _II, _OI) [with bool _IsMove = false; _II = unsigned int*; _OI = unsigned int*]' at /usr/include/c++/14/bits/stl_algobase.h:825:31,
    inlined from '_BI2 std::copy_backward(_BI1, _BI1, _BI2) [with _BI1 = unsigned int*; _BI2 = unsigned int*]' at /usr/include/c++/14/bits/stl_algobase.h:888:7,
    inlined from 'void absl::lts_20240116::strings_internal::BigUnsigned<max_words>::ShiftLeft(int) [with int max_words = 84]' at external/abseil-cpp~/absl/strings/internal/charconv_bigint.h:112:27,
    inlined from 'void absl::lts_20240116::strings_internal::BigUnsigned<max_words>::ShiftLeft(int) [with int max_words = 84]' at external/abseil-cpp~/absl/strings/internal/charconv_bigint.h:102:8,
    inlined from 'bool absl::lts_20240116::{anonymous}::MustRoundUp(uint64_t, int, const absl::lts_20240116::strings_internal::ParsedFloat&)' at external/abseil-cpp~/absl/strings/charconv.cc:540:20:
/usr/include/c++/14/bits/stl_algobase.h:766:30: warning: 'void* __builtin_memmove(void*, const void*, long unsigned int)' offset [-328, -5] is out of the bounds [0, 340] of object 'exact_mantissa' with type 'absl::lts_20240116::strings_internal::BigUnsigned<84>' [-Warray-bounds=]
  766 |             __builtin_memmove(__result - _Num, __first, sizeof(_Tp) * _Num);
      |             ~~~~~~~~~~~~~~~~~^~~~~~~~~~~~~~~~~~~~~~~~~~~~~~~~~~~~~~~~~~~~~~
external/abseil-cpp~/absl/strings/charconv.cc: In function 'bool absl::lts_20240116::{anonymous}::MustRoundUp(uint64_t, int, const absl::lts_20240116::strings_internal::ParsedFloat&)':
external/abseil-cpp~/absl/strings/charconv.cc:518:43: note: 'exact_mantissa' declared here
  518 |   absl::strings_internal::BigUnsigned<84> exact_mantissa;
      |                                           ^~~~~~~~~~~~~~
In static member function 'static _Up* std::__copy_move_backward<_IsMove, true, std::random_access_iterator_tag>::__copy_move_b(_Tp*, _Tp*, _Up*) [with _Tp = unsigned int; _Up = unsigned int; bool _IsMove = false]',
    inlined from '_BI2 std::__copy_move_backward_a2(_BI1, _BI1, _BI2) [with bool _IsMove = false; _BI1 = unsigned int*; _BI2 = unsigned int*]' at /usr/include/c++/14/bits/stl_algobase.h:787:37,
    inlined from '_BI2 std::__copy_move_backward_a1(_BI1, _BI1, _BI2) [with bool _IsMove = false; _BI1 = unsigned int*; _BI2 = unsigned int*]' at /usr/include/c++/14/bits/stl_algobase.h:796:51,
    inlined from '_OI std::__copy_move_backward_a(_II, _II, _OI) [with bool _IsMove = false; _II = unsigned int*; _OI = unsigned int*]' at /usr/include/c++/14/bits/stl_algobase.h:825:31,
    inlined from '_BI2 std::copy_backward(_BI1, _BI1, _BI2) [with _BI1 = unsigned int*; _BI2 = unsigned int*]' at /usr/include/c++/14/bits/stl_algobase.h:888:7,
    inlined from 'void absl::lts_20240116::strings_internal::BigUnsigned<max_words>::ShiftLeft(int) [with int max_words = 84]' at external/abseil-cpp~/absl/strings/internal/charconv_bigint.h:112:27,
    inlined from 'void absl::lts_20240116::strings_internal::BigUnsigned<max_words>::ShiftLeft(int) [with int max_words = 84]' at external/abseil-cpp~/absl/strings/internal/charconv_bigint.h:102:8,
    inlined from 'bool absl::lts_20240116::{anonymous}::MustRoundUp(uint64_t, int, const absl::lts_20240116::strings_internal::ParsedFloat&)' at external/abseil-cpp~/absl/strings/charconv.cc:553:20:
/usr/include/c++/14/bits/stl_algobase.h:766:30: warning: 'void* __builtin_memmove(void*, const void*, long unsigned int)' offset [-328, -5] is out of the bounds [0, 340] of object 'exact_mantissa' with type 'absl::lts_20240116::strings_internal::BigUnsigned<84>' [-Warray-bounds=]
  766 |             __builtin_memmove(__result - _Num, __first, sizeof(_Tp) * _Num);
      |             ~~~~~~~~~~~~~~~~~^~~~~~~~~~~~~~~~~~~~~~~~~~~~~~~~~~~~~~~~~~~~~~
external/abseil-cpp~/absl/strings/charconv.cc: In function 'bool absl::lts_20240116::{anonymous}::MustRoundUp(uint64_t, int, const absl::lts_20240116::strings_internal::ParsedFloat&)':
external/abseil-cpp~/absl/strings/charconv.cc:518:43: note: 'exact_mantissa' declared here
  518 |   absl::strings_internal::BigUnsigned<84> exact_mantissa;
      |                                           ^~~~~~~~~~~~~~
In static member function 'static _Up* std::__copy_move_backward<_IsMove, true, std::random_access_iterator_tag>::__copy_move_b(_Tp*, _Tp*, _Up*) [with _Tp = unsigned int; _Up = unsigned int; bool _IsMove = false]',
    inlined from '_BI2 std::__copy_move_backward_a2(_BI1, _BI1, _BI2) [with bool _IsMove = false; _BI1 = unsigned int*; _BI2 = unsigned int*]' at /usr/include/c++/14/bits/stl_algobase.h:787:37,
    inlined from '_BI2 std::__copy_move_backward_a1(_BI1, _BI1, _BI2) [with bool _IsMove = false; _BI1 = unsigned int*; _BI2 = unsigned int*]' at /usr/include/c++/14/bits/stl_algobase.h:796:51,
    inlined from '_OI std::__copy_move_backward_a(_II, _II, _OI) [with bool _IsMove = false; _II = unsigned int*; _OI = unsigned int*]' at /usr/include/c++/14/bits/stl_algobase.h:825:31,
    inlined from '_BI2 std::copy_backward(_BI1, _BI1, _BI2) [with _BI1 = unsigned int*; _BI2 = unsigned int*]' at /usr/include/c++/14/bits/stl_algobase.h:888:7,
    inlined from 'void absl::lts_20240116::strings_internal::BigUnsigned<max_words>::ShiftLeft(int) [with int max_words = 84]' at external/abseil-cpp~/absl/strings/internal/charconv_bigint.h:112:27,
    inlined from 'void absl::lts_20240116::strings_internal::BigUnsigned<max_words>::ShiftLeft(int) [with int max_words = 84]' at external/abseil-cpp~/absl/strings/internal/charconv_bigint.h:102:8,
    inlined from 'bool absl::lts_20240116::{anonymous}::MustRoundUp(uint64_t, int, const absl::lts_20240116::strings_internal::ParsedFloat&)' at external/abseil-cpp~/absl/strings/charconv.cc:555:20:
/usr/include/c++/14/bits/stl_algobase.h:766:30: warning: 'void* __builtin_memmove(void*, const void*, long unsigned int)' offset [-328, -5] is out of the bounds [0, 340] of object 'rhs' with type 'absl::lts_20240116::strings_internal::BigUnsigned<84>' [-Warray-bounds=]
  766 |             __builtin_memmove(__result - _Num, __first, sizeof(_Tp) * _Num);
      |             ~~~~~~~~~~~~~~~~~^~~~~~~~~~~~~~~~~~~~~~~~~~~~~~~~~~~~~~~~~~~~~~
external/abseil-cpp~/absl/strings/charconv.cc: In function 'bool absl::lts_20240116::{anonymous}::MustRoundUp(uint64_t, int, const absl::lts_20240116::strings_internal::ParsedFloat&)':
external/abseil-cpp~/absl/strings/charconv.cc:549:45: note: 'rhs' declared here
  549 |     absl::strings_internal::BigUnsigned<84> rhs =
      |                                             ^~~
[6,581 / 8,981] Creating runfiles tree bazel-out/k8-fastbuild/bin/tests/core/go_download_sdk/bootstrap_determinism_test_/bootstrap_determinism_test.runfiles; 2351s local ... (20 actions, 19 running)
[6,586 / 8,981] Creating runfiles tree bazel-out/k8-fastbuild/bin/tests/core/go_download_sdk/bootstrap_determinism_test_/bootstrap_determinism_test.runfiles; 2352s local ... (20 actions, 19 running)
[6,595 / 8,981] Creating runfiles tree bazel-out/k8-fastbuild/bin/tests/core/go_download_sdk/bootstrap_determinism_test_/bootstrap_determinism_test.runfiles; 2353s local ... (21 actions, 19 running)
[6,605 / 8,981] Creating runfiles tree bazel-out/k8-fastbuild/bin/tests/core/go_download_sdk/bootstrap_determinism_test_/bootstrap_determinism_test.runfiles; 2355s local ... (20 actions, 19 running)
[6,607 / 8,981] Creating runfiles tree bazel-out/k8-fastbuild/bin/tests/core/go_download_sdk/bootstrap_determinism_test_/bootstrap_determinism_test.runfiles; 2356s local ... (20 actions, 19 running)
[6,617 / 8,981] Creating runfiles tree bazel-out/k8-fastbuild/bin/tests/core/go_download_sdk/bootstrap_determinism_test_/bootstrap_determinism_test.runfiles; 2357s local ... (20 actions, 19 running)
[6,630 / 8,981] Creating runfiles tree bazel-out/k8-fastbuild/bin/tests/core/go_download_sdk/bootstrap_determinism_test_/bootstrap_determinism_test.runfiles; 2358s local ... (20 actions, 19 running)
[6,640 / 8,981] Creating runfiles tree bazel-out/k8-fastbuild/bin/tests/core/go_download_sdk/bootstrap_determinism_test_/bootstrap_determinism_test.runfiles; 2359s local ... (20 actions, 19 running)
[6,646 / 8,981] Creating runfiles tree bazel-out/k8-fastbuild/bin/tests/core/go_download_sdk/bootstrap_determinism_test_/bootstrap_determinism_test.runfiles; 2360s local ... (20 actions, 19 running)
[6,651 / 8,981] Creating runfiles tree bazel-out/k8-fastbuild/bin/tests/core/go_download_sdk/bootstrap_determinism_test_/bootstrap_determinism_test.runfiles; 2361s local ... (20 actions, 19 running)
[6,657 / 8,981] Creating runfiles tree bazel-out/k8-fastbuild/bin/tests/core/go_download_sdk/bootstrap_determinism_test_/bootstrap_determinism_test.runfiles; 2362s local ... (20 actions, 19 running)
[6,663 / 8,981] Creating runfiles tree bazel-out/k8-fastbuild/bin/tests/core/go_download_sdk/bootstrap_determinism_test_/bootstrap_determinism_test.runfiles; 2363s local ... (20 actions, 19 running)
[6,671 / 8,981] Creating runfiles tree bazel-out/k8-fastbuild/bin/tests/core/go_download_sdk/bootstrap_determinism_test_/bootstrap_determinism_test.runfiles; 2364s local ... (20 actions, 19 running)
INFO: From Compiling absl/strings/charconv.cc [for tool]:
In file included from /usr/include/c++/14/string:51,
                 from /usr/include/c++/14/stdexcept:39,
                 from /usr/include/c++/14/system_error:43,
                 from external/abseil-cpp~/absl/strings/charconv.h:18,
                 from external/abseil-cpp~/absl/strings/charconv.cc:15:
In static member function 'static _Up* std::__copy_move_backward<_IsMove, true, std::random_access_iterator_tag>::__copy_move_b(_Tp*, _Tp*, _Up*) [with _Tp = unsigned int; _Up = unsigned int; bool _IsMove = false]',
    inlined from '_BI2 std::__copy_move_backward_a2(_BI1, _BI1, _BI2) [with bool _IsMove = false; _BI1 = unsigned int*; _BI2 = unsigned int*]' at /usr/include/c++/14/bits/stl_algobase.h:787:37,
    inlined from '_BI2 std::__copy_move_backward_a1(_BI1, _BI1, _BI2) [with bool _IsMove = false; _BI1 = unsigned int*; _BI2 = unsigned int*]' at /usr/include/c++/14/bits/stl_algobase.h:796:51,
    inlined from '_OI std::__copy_move_backward_a(_II, _II, _OI) [with bool _IsMove = false; _II = unsigned int*; _OI = unsigned int*]' at /usr/include/c++/14/bits/stl_algobase.h:825:31,
    inlined from '_BI2 std::copy_backward(_BI1, _BI1, _BI2) [with _BI1 = unsigned int*; _BI2 = unsigned int*]' at /usr/include/c++/14/bits/stl_algobase.h:888:7,
    inlined from 'void absl::lts_20240116::strings_internal::BigUnsigned<max_words>::ShiftLeft(int) [with int max_words = 84]' at external/abseil-cpp~/absl/strings/internal/charconv_bigint.h:112:27,
    inlined from 'void absl::lts_20240116::strings_internal::BigUnsigned<max_words>::ShiftLeft(int) [with int max_words = 84]' at external/abseil-cpp~/absl/strings/internal/charconv_bigint.h:102:8,
    inlined from 'bool absl::lts_20240116::{anonymous}::MustRoundUp(uint64_t, int, const absl::lts_20240116::strings_internal::ParsedFloat&)' at external/abseil-cpp~/absl/strings/charconv.cc:540:20:
/usr/include/c++/14/bits/stl_algobase.h:766:30: warning: 'void* __builtin_memmove(void*, const void*, long unsigned int)' offset [-328, -5] is out of the bounds [0, 340] of object 'exact_mantissa' with type 'absl::lts_20240116::strings_internal::BigUnsigned<84>' [-Warray-bounds=]
  766 |             __builtin_memmove(__result - _Num, __first, sizeof(_Tp) * _Num);
      |             ~~~~~~~~~~~~~~~~~^~~~~~~~~~~~~~~~~~~~~~~~~~~~~~~~~~~~~~~~~~~~~~
external/abseil-cpp~/absl/strings/charconv.cc: In function 'bool absl::lts_20240116::{anonymous}::MustRoundUp(uint64_t, int, const absl::lts_20240116::strings_internal::ParsedFloat&)':
external/abseil-cpp~/absl/strings/charconv.cc:518:43: note: 'exact_mantissa' declared here
  518 |   absl::strings_internal::BigUnsigned<84> exact_mantissa;
      |                                           ^~~~~~~~~~~~~~
In static member function 'static _Up* std::__copy_move_backward<_IsMove, true, std::random_access_iterator_tag>::__copy_move_b(_Tp*, _Tp*, _Up*) [with _Tp = unsigned int; _Up = unsigned int; bool _IsMove = false]',
    inlined from '_BI2 std::__copy_move_backward_a2(_BI1, _BI1, _BI2) [with bool _IsMove = false; _BI1 = unsigned int*; _BI2 = unsigned int*]' at /usr/include/c++/14/bits/stl_algobase.h:787:37,
    inlined from '_BI2 std::__copy_move_backward_a1(_BI1, _BI1, _BI2) [with bool _IsMove = false; _BI1 = unsigned int*; _BI2 = unsigned int*]' at /usr/include/c++/14/bits/stl_algobase.h:796:51,
    inlined from '_OI std::__copy_move_backward_a(_II, _II, _OI) [with bool _IsMove = false; _II = unsigned int*; _OI = unsigned int*]' at /usr/include/c++/14/bits/stl_algobase.h:825:31,
    inlined from '_BI2 std::copy_backward(_BI1, _BI1, _BI2) [with _BI1 = unsigned int*; _BI2 = unsigned int*]' at /usr/include/c++/14/bits/stl_algobase.h:888:7,
    inlined from 'void absl::lts_20240116::strings_internal::BigUnsigned<max_words>::ShiftLeft(int) [with int max_words = 84]' at external/abseil-cpp~/absl/strings/internal/charconv_bigint.h:112:27,
    inlined from 'void absl::lts_20240116::strings_internal::BigUnsigned<max_words>::ShiftLeft(int) [with int max_words = 84]' at external/abseil-cpp~/absl/strings/internal/charconv_bigint.h:102:8,
    inlined from 'bool absl::lts_20240116::{anonymous}::MustRoundUp(uint64_t, int, const absl::lts_20240116::strings_internal::ParsedFloat&)' at external/abseil-cpp~/absl/strings/charconv.cc:553:20:
/usr/include/c++/14/bits/stl_algobase.h:766:30: warning: 'void* __builtin_memmove(void*, const void*, long unsigned int)' offset [-328, -5] is out of the bounds [0, 340] of object 'exact_mantissa' with type 'absl::lts_20240116::strings_internal::BigUnsigned<84>' [-Warray-bounds=]
  766 |             __builtin_memmove(__result - _Num, __first, sizeof(_Tp) * _Num);
      |             ~~~~~~~~~~~~~~~~~^~~~~~~~~~~~~~~~~~~~~~~~~~~~~~~~~~~~~~~~~~~~~~
external/abseil-cpp~/absl/strings/charconv.cc: In function 'bool absl::lts_20240116::{anonymous}::MustRoundUp(uint64_t, int, const absl::lts_20240116::strings_internal::ParsedFloat&)':
external/abseil-cpp~/absl/strings/charconv.cc:518:43: note: 'exact_mantissa' declared here
  518 |   absl::strings_internal::BigUnsigned<84> exact_mantissa;
      |                                           ^~~~~~~~~~~~~~
In static member function 'static _Up* std::__copy_move_backward<_IsMove, true, std::random_access_iterator_tag>::__copy_move_b(_Tp*, _Tp*, _Up*) [with _Tp = unsigned int; _Up = unsigned int; bool _IsMove = false]',
    inlined from '_BI2 std::__copy_move_backward_a2(_BI1, _BI1, _BI2) [with bool _IsMove = false; _BI1 = unsigned int*; _BI2 = unsigned int*]' at /usr/include/c++/14/bits/stl_algobase.h:787:37,
    inlined from '_BI2 std::__copy_move_backward_a1(_BI1, _BI1, _BI2) [with bool _IsMove = false; _BI1 = unsigned int*; _BI2 = unsigned int*]' at /usr/include/c++/14/bits/stl_algobase.h:796:51,
    inlined from '_OI std::__copy_move_backward_a(_II, _II, _OI) [with bool _IsMove = false; _II = unsigned int*; _OI = unsigned int*]' at /usr/include/c++/14/bits/stl_algobase.h:825:31,
    inlined from '_BI2 std::copy_backward(_BI1, _BI1, _BI2) [with _BI1 = unsigned int*; _BI2 = unsigned int*]' at /usr/include/c++/14/bits/stl_algobase.h:888:7,
    inlined from 'void absl::lts_20240116::strings_internal::BigUnsigned<max_words>::ShiftLeft(int) [with int max_words = 84]' at external/abseil-cpp~/absl/strings/internal/charconv_bigint.h:112:27,
    inlined from 'void absl::lts_20240116::strings_internal::BigUnsigned<max_words>::ShiftLeft(int) [with int max_words = 84]' at external/abseil-cpp~/absl/strings/internal/charconv_bigint.h:102:8,
    inlined from 'bool absl::lts_20240116::{anonymous}::MustRoundUp(uint64_t, int, const absl::lts_20240116::strings_internal::ParsedFloat&)' at external/abseil-cpp~/absl/strings/charconv.cc:555:20:
/usr/include/c++/14/bits/stl_algobase.h:766:30: warning: 'void* __builtin_memmove(void*, const void*, long unsigned int)' offset [-328, -5] is out of the bounds [0, 340] of object 'rhs' with type 'absl::lts_20240116::strings_internal::BigUnsigned<84>' [-Warray-bounds=]
  766 |             __builtin_memmove(__result - _Num, __first, sizeof(_Tp) * _Num);
      |             ~~~~~~~~~~~~~~~~~^~~~~~~~~~~~~~~~~~~~~~~~~~~~~~~~~~~~~~~~~~~~~~
external/abseil-cpp~/absl/strings/charconv.cc: In function 'bool absl::lts_20240116::{anonymous}::MustRoundUp(uint64_t, int, const absl::lts_20240116::strings_internal::ParsedFloat&)':
external/abseil-cpp~/absl/strings/charconv.cc:549:45: note: 'rhs' declared here
  549 |     absl::strings_internal::BigUnsigned<84> rhs =
      |                                             ^~~
[6,681 / 8,981] Creating runfiles tree bazel-out/k8-fastbuild/bin/tests/core/go_download_sdk/bootstrap_determinism_test_/bootstrap_determinism_test.runfiles; 2366s local ... (20 actions, 19 running)
[6,684 / 8,981] Creating runfiles tree bazel-out/k8-fastbuild/bin/tests/core/go_download_sdk/bootstrap_determinism_test_/bootstrap_determinism_test.runfiles; 2367s local ... (20 actions, 19 running)
[6,685 / 8,981] Creating runfiles tree bazel-out/k8-fastbuild/bin/tests/core/go_download_sdk/bootstrap_determinism_test_/bootstrap_determinism_test.runfiles; 2368s local ... (20 actions, 19 running)
[6,695 / 8,981] Creating runfiles tree bazel-out/k8-fastbuild/bin/tests/core/go_download_sdk/bootstrap_determinism_test_/bootstrap_determinism_test.runfiles; 2369s local ... (20 actions, 19 running)
[6,701 / 8,981] Creating runfiles tree bazel-out/k8-fastbuild/bin/tests/core/go_download_sdk/bootstrap_determinism_test_/bootstrap_determinism_test.runfiles; 2370s local ... (20 actions, 19 running)
[6,708 / 8,981] Creating runfiles tree bazel-out/k8-fastbuild/bin/tests/core/go_download_sdk/bootstrap_determinism_test_/bootstrap_determinism_test.runfiles; 2371s local ... (21 actions, 19 running)
[6,716 / 8,981] Creating runfiles tree bazel-out/k8-fastbuild/bin/tests/core/go_download_sdk/bootstrap_determinism_test_/bootstrap_determinism_test.runfiles; 2373s local ... (20 actions, 19 running)
[6,722 / 8,981] Creating runfiles tree bazel-out/k8-fastbuild/bin/tests/core/go_download_sdk/bootstrap_determinism_test_/bootstrap_determinism_test.runfiles; 2374s local ... (20 actions, 18 running)
[6,728 / 8,981] Creating runfiles tree bazel-out/k8-fastbuild/bin/tests/core/go_download_sdk/bootstrap_determinism_test_/bootstrap_determinism_test.runfiles; 2375s local ... (20 actions running)
[6,731 / 8,981] Creating runfiles tree bazel-out/k8-fastbuild/bin/tests/core/go_download_sdk/bootstrap_determinism_test_/bootstrap_determinism_test.runfiles; 2376s local ... (21 actions, 19 running)
[6,732 / 8,981] Creating runfiles tree bazel-out/k8-fastbuild/bin/tests/core/go_download_sdk/bootstrap_determinism_test_/bootstrap_determinism_test.runfiles; 2378s local ... (20 actions, 19 running)
[6,733 / 8,981] Creating runfiles tree bazel-out/k8-fastbuild/bin/tests/core/go_download_sdk/bootstrap_determinism_test_/bootstrap_determinism_test.runfiles; 2379s local ... (19 actions, 18 running)
[6,736 / 8,981] Creating runfiles tree bazel-out/k8-fastbuild/bin/tests/core/go_download_sdk/bootstrap_determinism_test_/bootstrap_determinism_test.runfiles; 2380s local ... (20 actions, 19 running)
[6,738 / 8,981] Creating runfiles tree bazel-out/k8-fastbuild/bin/tests/core/go_download_sdk/bootstrap_determinism_test_/bootstrap_determinism_test.runfiles; 2381s local ... (20 actions, 19 running)
[6,739 / 8,981] Creating runfiles tree bazel-out/k8-fastbuild/bin/tests/core/go_download_sdk/bootstrap_determinism_test_/bootstrap_determinism_test.runfiles; 2383s local ... (21 actions, 20 running)
[6,743 / 8,981] Creating runfiles tree bazel-out/k8-fastbuild/bin/tests/core/go_download_sdk/bootstrap_determinism_test_/bootstrap_determinism_test.runfiles; 2384s local ... (20 actions, 19 running)
[6,745 / 8,981] Creating runfiles tree bazel-out/k8-fastbuild/bin/tests/core/go_download_sdk/bootstrap_determinism_test_/bootstrap_determinism_test.runfiles; 2385s local ... (20 actions, 19 running)
[6,747 / 8,981] Creating runfiles tree bazel-out/k8-fastbuild/bin/tests/core/go_download_sdk/bootstrap_determinism_test_/bootstrap_determinism_test.runfiles; 2386s local ... (20 actions, 19 running)
[6,750 / 8,981] Creating runfiles tree bazel-out/k8-fastbuild/bin/tests/core/go_download_sdk/bootstrap_determinism_test_/bootstrap_determinism_test.runfiles; 2388s local ... (20 actions running)
[6,752 / 8,981] Creating runfiles tree bazel-out/k8-fastbuild/bin/tests/core/go_download_sdk/bootstrap_determinism_test_/bootstrap_determinism_test.runfiles; 2389s local ... (20 actions, 19 running)
[6,756 / 8,981] Creating runfiles tree bazel-out/k8-fastbuild/bin/tests/core/go_download_sdk/bootstrap_determinism_test_/bootstrap_determinism_test.runfiles; 2390s local ... (20 actions, 19 running)
[6,758 / 8,981] Creating runfiles tree bazel-out/k8-fastbuild/bin/tests/core/go_download_sdk/bootstrap_determinism_test_/bootstrap_determinism_test.runfiles; 2391s local ... (20 actions, 19 running)
[6,759 / 8,981] Creating runfiles tree bazel-out/k8-fastbuild/bin/tests/core/go_download_sdk/bootstrap_determinism_test_/bootstrap_determinism_test.runfiles; 2393s local ... (21 actions, 20 running)
[6,760 / 8,981] Creating runfiles tree bazel-out/k8-fastbuild/bin/tests/core/go_download_sdk/bootstrap_determinism_test_/bootstrap_determinism_test.runfiles; 2394s local ... (21 actions, 19 running)
[6,761 / 8,981] Creating runfiles tree bazel-out/k8-fastbuild/bin/tests/core/go_download_sdk/bootstrap_determinism_test_/bootstrap_determinism_test.runfiles; 2395s local ... (21 actions, 19 running)
[6,763 / 8,981] Creating runfiles tree bazel-out/k8-fastbuild/bin/tests/core/go_download_sdk/bootstrap_determinism_test_/bootstrap_determinism_test.runfiles; 2396s local ... (20 actions, 19 running)
[6,763 / 8,981] Creating runfiles tree bazel-out/k8-fastbuild/bin/tests/core/go_download_sdk/bootstrap_determinism_test_/bootstrap_determinism_test.runfiles; 2398s local ... (21 actions, 20 running)
[6,764 / 8,981] Creating runfiles tree bazel-out/k8-fastbuild/bin/tests/core/go_download_sdk/bootstrap_determinism_test_/bootstrap_determinism_test.runfiles; 2399s local ... (21 actions, 20 running)
[6,768 / 8,981] Creating runfiles tree bazel-out/k8-fastbuild/bin/tests/core/go_download_sdk/bootstrap_determinism_test_/bootstrap_determinism_test.runfiles; 2400s local ... (20 actions, 19 running)
[6,770 / 8,981] Creating runfiles tree bazel-out/k8-fastbuild/bin/tests/core/go_download_sdk/bootstrap_determinism_test_/bootstrap_determinism_test.runfiles; 2401s local ... (20 actions, 19 running)
[6,773 / 8,981] Creating runfiles tree bazel-out/k8-fastbuild/bin/tests/core/go_download_sdk/bootstrap_determinism_test_/bootstrap_determinism_test.runfiles; 2402s local ... (20 actions, 19 running)
[6,777 / 8,981] Creating runfiles tree bazel-out/k8-fastbuild/bin/tests/core/go_download_sdk/bootstrap_determinism_test_/bootstrap_determinism_test.runfiles; 2403s local ... (20 actions, 19 running)
[6,780 / 8,981] Creating runfiles tree bazel-out/k8-fastbuild/bin/tests/core/go_download_sdk/bootstrap_determinism_test_/bootstrap_determinism_test.runfiles; 2405s local ... (21 actions, 20 running)
[6,781 / 8,981] Creating runfiles tree bazel-out/k8-fastbuild/bin/tests/core/go_download_sdk/bootstrap_determinism_test_/bootstrap_determinism_test.runfiles; 2406s local ... (21 actions, 20 running)
[6,785 / 8,981] Creating runfiles tree bazel-out/k8-fastbuild/bin/tests/core/go_download_sdk/bootstrap_determinism_test_/bootstrap_determinism_test.runfiles; 2407s local ... (21 actions, 20 running)
[6,787 / 8,981] Creating runfiles tree bazel-out/k8-fastbuild/bin/tests/core/go_download_sdk/bootstrap_determinism_test_/bootstrap_determinism_test.runfiles; 2408s local ... (20 actions, 19 running)
[6,789 / 8,981] Creating runfiles tree bazel-out/k8-fastbuild/bin/tests/core/go_download_sdk/bootstrap_determinism_test_/bootstrap_determinism_test.runfiles; 2410s local ... (21 actions, 20 running)
[6,791 / 8,981] Creating runfiles tree bazel-out/k8-fastbuild/bin/tests/core/go_download_sdk/bootstrap_determinism_test_/bootstrap_determinism_test.runfiles; 2411s local ... (20 actions, 19 running)
[6,792 / 8,981] Creating runfiles tree bazel-out/k8-fastbuild/bin/tests/core/go_download_sdk/bootstrap_determinism_test_/bootstrap_determinism_test.runfiles; 2412s local ... (20 actions, 19 running)
[6,795 / 8,981] Creating runfiles tree bazel-out/k8-fastbuild/bin/tests/core/go_download_sdk/bootstrap_determinism_test_/bootstrap_determinism_test.runfiles; 2413s local ... (20 actions, 19 running)
[6,797 / 8,981] Creating runfiles tree bazel-out/k8-fastbuild/bin/tests/core/go_download_sdk/bootstrap_determinism_test_/bootstrap_determinism_test.runfiles; 2415s local ... (21 actions, 20 running)
[6,798 / 8,981] Creating runfiles tree bazel-out/k8-fastbuild/bin/tests/core/go_download_sdk/bootstrap_determinism_test_/bootstrap_determinism_test.runfiles; 2416s local ... (20 actions, 19 running)
[6,802 / 8,981] Creating runfiles tree bazel-out/k8-fastbuild/bin/tests/core/go_download_sdk/bootstrap_determinism_test_/bootstrap_determinism_test.runfiles; 2418s local ... (20 actions, 19 running)
[6,803 / 8,981] Creating runfiles tree bazel-out/k8-fastbuild/bin/tests/core/go_download_sdk/bootstrap_determinism_test_/bootstrap_determinism_test.runfiles; 2419s local ... (20 actions, 19 running)
INFO: From Compiling src/google/protobuf/compiler/rust/relative_path.cc [for tool]:
external/protobuf~/src/google/protobuf/compiler/rust/relative_path.cc: In member function 'std::string google::protobuf::compiler::rust::RelativePath::Relative(const google::protobuf::compiler::rust::RelativePath&) const':
external/protobuf~/src/google/protobuf/compiler/rust/relative_path.cc:65:21: warning: comparison of integer expressions of different signedness: 'int' and 'std::vector<std::basic_string_view<char> >::size_type' {aka 'long unsigned int'} [-Wsign-compare]
   65 |   for (int i = 0; i < current_segments.size(); ++i) {
      |                   ~~^~~~~~~~~~~~~~~~~~~~~~~~~
[6,805 / 8,981] Creating runfiles tree bazel-out/k8-fastbuild/bin/tests/core/go_download_sdk/bootstrap_determinism_test_/bootstrap_determinism_test.runfiles; 2420s local ... (21 actions, 20 running)
[6,806 / 8,981] Creating runfiles tree bazel-out/k8-fastbuild/bin/tests/core/go_download_sdk/bootstrap_determinism_test_/bootstrap_determinism_test.runfiles; 2421s local ... (20 actions, 19 running)
[6,809 / 8,981] Creating runfiles tree bazel-out/k8-fastbuild/bin/tests/core/go_download_sdk/bootstrap_determinism_test_/bootstrap_determinism_test.runfiles; 2422s local ... (20 actions, 19 running)
[6,812 / 8,981] Creating runfiles tree bazel-out/k8-fastbuild/bin/tests/core/go_download_sdk/bootstrap_determinism_test_/bootstrap_determinism_test.runfiles; 2423s local ... (20 actions, 19 running)
[6,815 / 8,981] Creating runfiles tree bazel-out/k8-fastbuild/bin/tests/core/go_download_sdk/bootstrap_determinism_test_/bootstrap_determinism_test.runfiles; 2425s local ... (20 actions, 19 running)
[6,815 / 8,981] Creating runfiles tree bazel-out/k8-fastbuild/bin/tests/core/go_download_sdk/bootstrap_determinism_test_/bootstrap_determinism_test.runfiles; 2426s local ... (21 actions, 20 running)
[6,818 / 8,981] Creating runfiles tree bazel-out/k8-fastbuild/bin/tests/core/go_download_sdk/bootstrap_determinism_test_/bootstrap_determinism_test.runfiles; 2427s local ... (21 actions, 19 running)
[6,820 / 8,981] Creating runfiles tree bazel-out/k8-fastbuild/bin/tests/core/go_download_sdk/bootstrap_determinism_test_/bootstrap_determinism_test.runfiles; 2428s local ... (20 actions running)
[6,822 / 8,981] Creating runfiles tree bazel-out/k8-fastbuild/bin/tests/core/go_download_sdk/bootstrap_determinism_test_/bootstrap_determinism_test.runfiles; 2429s local ... (20 actions, 19 running)
[6,825 / 8,981] Creating runfiles tree bazel-out/k8-fastbuild/bin/tests/core/go_download_sdk/bootstrap_determinism_test_/bootstrap_determinism_test.runfiles; 2430s local ... (20 actions, 19 running)
[6,828 / 8,981] Creating runfiles tree bazel-out/k8-fastbuild/bin/tests/core/go_download_sdk/bootstrap_determinism_test_/bootstrap_determinism_test.runfiles; 2431s local ... (20 actions, 19 running)
[6,831 / 8,981] Creating runfiles tree bazel-out/k8-fastbuild/bin/tests/core/go_download_sdk/bootstrap_determinism_test_/bootstrap_determinism_test.runfiles; 2433s local ... (21 actions, 20 running)
[6,836 / 8,981] Creating runfiles tree bazel-out/k8-fastbuild/bin/tests/core/go_download_sdk/bootstrap_determinism_test_/bootstrap_determinism_test.runfiles; 2434s local ... (20 actions, 19 running)
[6,838 / 8,981] Creating runfiles tree bazel-out/k8-fastbuild/bin/tests/core/go_download_sdk/bootstrap_determinism_test_/bootstrap_determinism_test.runfiles; 2436s local ... (20 actions, 19 running)
[6,842 / 8,981] Creating runfiles tree bazel-out/k8-fastbuild/bin/tests/core/go_download_sdk/bootstrap_determinism_test_/bootstrap_determinism_test.runfiles; 2437s local ... (21 actions, 20 running)
[6,846 / 8,981] Creating runfiles tree bazel-out/k8-fastbuild/bin/tests/core/go_download_sdk/bootstrap_determinism_test_/bootstrap_determinism_test.runfiles; 2438s local ... (20 actions, 19 running)
[6,848 / 8,981] Creating runfiles tree bazel-out/k8-fastbuild/bin/tests/core/go_download_sdk/bootstrap_determinism_test_/bootstrap_determinism_test.runfiles; 2439s local ... (20 actions, 19 running)
[6,850 / 8,981] Creating runfiles tree bazel-out/k8-fastbuild/bin/tests/core/go_download_sdk/bootstrap_determinism_test_/bootstrap_determinism_test.runfiles; 2440s local ... (21 actions, 19 running)
[6,851 / 8,981] Creating runfiles tree bazel-out/k8-fastbuild/bin/tests/core/go_download_sdk/bootstrap_determinism_test_/bootstrap_determinism_test.runfiles; 2441s local ... (20 actions, 19 running)
[6,851 / 8,981] Creating runfiles tree bazel-out/k8-fastbuild/bin/tests/core/go_download_sdk/bootstrap_determinism_test_/bootstrap_determinism_test.runfiles; 2442s local ... (20 actions, 19 running)
[6,855 / 8,981] Creating runfiles tree bazel-out/k8-fastbuild/bin/tests/core/go_download_sdk/bootstrap_determinism_test_/bootstrap_determinism_test.runfiles; 2443s local ... (20 actions, 19 running)
[6,855 / 8,981] Creating runfiles tree bazel-out/k8-fastbuild/bin/tests/core/go_download_sdk/bootstrap_determinism_test_/bootstrap_determinism_test.runfiles; 2445s local ... (20 actions, 19 running)
[6,857 / 8,981] Creating runfiles tree bazel-out/k8-fastbuild/bin/tests/core/go_download_sdk/bootstrap_determinism_test_/bootstrap_determinism_test.runfiles; 2447s local ... (21 actions, 20 running)
[6,858 / 8,981] Creating runfiles tree bazel-out/k8-fastbuild/bin/tests/core/go_download_sdk/bootstrap_determinism_test_/bootstrap_determinism_test.runfiles; 2448s local ... (21 actions, 19 running)
[6,862 / 8,981] Creating runfiles tree bazel-out/k8-fastbuild/bin/tests/core/go_download_sdk/bootstrap_determinism_test_/bootstrap_determinism_test.runfiles; 2449s local ... (20 actions, 19 running)
[6,864 / 8,981] Creating runfiles tree bazel-out/k8-fastbuild/bin/tests/core/go_download_sdk/bootstrap_determinism_test_/bootstrap_determinism_test.runfiles; 2451s local ... (20 actions, 19 running)
[6,873 / 8,981] Creating runfiles tree bazel-out/k8-fastbuild/bin/tests/core/go_download_sdk/bootstrap_determinism_test_/bootstrap_determinism_test.runfiles; 2452s local ... (20 actions, 18 running)
[6,874 / 8,981] Creating runfiles tree bazel-out/k8-fastbuild/bin/tests/core/go_download_sdk/bootstrap_determinism_test_/bootstrap_determinism_test.runfiles; 2453s local ... (20 actions running)
[6,878 / 8,981] Creating runfiles tree bazel-out/k8-fastbuild/bin/tests/core/go_download_sdk/bootstrap_determinism_test_/bootstrap_determinism_test.runfiles; 2454s local ... (20 actions running)
[6,889 / 8,981] Creating runfiles tree bazel-out/k8-fastbuild/bin/tests/core/go_download_sdk/bootstrap_determinism_test_/bootstrap_determinism_test.runfiles; 2455s local ... (20 actions, 19 running)
INFO: From Compiling src/google/protobuf/compiler/rust/relative_path.cc [for tool]:
external/protobuf~/src/google/protobuf/compiler/rust/relative_path.cc: In member function 'std::string google::protobuf::compiler::rust::RelativePath::Relative(const google::protobuf::compiler::rust::RelativePath&) const':
external/protobuf~/src/google/protobuf/compiler/rust/relative_path.cc:65:21: warning: comparison of integer expressions of different signedness: 'int' and 'std::vector<std::basic_string_view<char> >::size_type' {aka 'long unsigned int'} [-Wsign-compare]
   65 |   for (int i = 0; i < current_segments.size(); ++i) {
      |                   ~~^~~~~~~~~~~~~~~~~~~~~~~~~
[6,896 / 8,981] Creating runfiles tree bazel-out/k8-fastbuild/bin/tests/core/go_download_sdk/bootstrap_determinism_test_/bootstrap_determinism_test.runfiles; 2456s local ... (20 actions, 19 running)
[6,899 / 8,981] Creating runfiles tree bazel-out/k8-fastbuild/bin/tests/core/go_download_sdk/bootstrap_determinism_test_/bootstrap_determinism_test.runfiles; 2457s local ... (20 actions, 19 running)
[6,902 / 8,981] Creating runfiles tree bazel-out/k8-fastbuild/bin/tests/core/go_download_sdk/bootstrap_determinism_test_/bootstrap_determinism_test.runfiles; 2459s local ... (21 actions, 20 running)
[6,905 / 8,981] Creating runfiles tree bazel-out/k8-fastbuild/bin/tests/core/go_download_sdk/bootstrap_determinism_test_/bootstrap_determinism_test.runfiles; 2460s local ... (20 actions running)
[6,908 / 8,981] Creating runfiles tree bazel-out/k8-fastbuild/bin/tests/core/go_download_sdk/bootstrap_determinism_test_/bootstrap_determinism_test.runfiles; 2462s local ... (20 actions, 18 running)
[6,909 / 8,981] Creating runfiles tree bazel-out/k8-fastbuild/bin/tests/core/go_download_sdk/bootstrap_determinism_test_/bootstrap_determinism_test.runfiles; 2463s local ... (20 actions, 19 running)
[6,909 / 8,981] Creating runfiles tree bazel-out/k8-fastbuild/bin/tests/core/go_download_sdk/bootstrap_determinism_test_/bootstrap_determinism_test.runfiles; 2464s local ... (20 actions running)
[6,912 / 8,981] Creating runfiles tree bazel-out/k8-fastbuild/bin/tests/core/go_download_sdk/bootstrap_determinism_test_/bootstrap_determinism_test.runfiles; 2465s local ... (20 actions, 19 running)
[6,913 / 8,981] Creating runfiles tree bazel-out/k8-fastbuild/bin/tests/core/go_download_sdk/bootstrap_determinism_test_/bootstrap_determinism_test.runfiles; 2466s local ... (20 actions, 19 running)
[6,920 / 8,981] Creating runfiles tree bazel-out/k8-fastbuild/bin/tests/core/go_download_sdk/bootstrap_determinism_test_/bootstrap_determinism_test.runfiles; 2467s local ... (20 actions, 19 running)
[6,926 / 8,981] Creating runfiles tree bazel-out/k8-fastbuild/bin/tests/core/go_download_sdk/bootstrap_determinism_test_/bootstrap_determinism_test.runfiles; 2469s local ... (20 actions running)
[6,927 / 8,981] Creating runfiles tree bazel-out/k8-fastbuild/bin/tests/core/go_download_sdk/bootstrap_determinism_test_/bootstrap_determinism_test.runfiles; 2470s local ... (20 actions, 19 running)
[6,929 / 8,981] Creating runfiles tree bazel-out/k8-fastbuild/bin/tests/core/go_download_sdk/bootstrap_determinism_test_/bootstrap_determinism_test.runfiles; 2471s local ... (20 actions, 19 running)
[6,932 / 8,981] Creating runfiles tree bazel-out/k8-fastbuild/bin/tests/core/go_download_sdk/bootstrap_determinism_test_/bootstrap_determinism_test.runfiles; 2472s local ... (19 actions, 18 running)
[6,939 / 8,981] Creating runfiles tree bazel-out/k8-fastbuild/bin/tests/core/go_download_sdk/bootstrap_determinism_test_/bootstrap_determinism_test.runfiles; 2473s local ... (19 actions, 18 running)
[6,942 / 8,981] Creating runfiles tree bazel-out/k8-fastbuild/bin/tests/core/go_download_sdk/bootstrap_determinism_test_/bootstrap_determinism_test.runfiles; 2475s local ... (19 actions, 18 running)
[6,943 / 8,981] Creating runfiles tree bazel-out/k8-fastbuild/bin/tests/core/go_download_sdk/bootstrap_determinism_test_/bootstrap_determinism_test.runfiles; 2477s local ... (19 actions running)
[6,944 / 8,981] Creating runfiles tree bazel-out/k8-fastbuild/bin/tests/core/go_download_sdk/bootstrap_determinism_test_/bootstrap_determinism_test.runfiles; 2478s local ... (19 actions, 18 running)
[6,946 / 8,981] Creating runfiles tree bazel-out/k8-fastbuild/bin/tests/core/go_download_sdk/bootstrap_determinism_test_/bootstrap_determinism_test.runfiles; 2479s local ... (19 actions, 18 running)
[6,948 / 8,981] Creating runfiles tree bazel-out/k8-fastbuild/bin/tests/core/go_download_sdk/bootstrap_determinism_test_/bootstrap_determinism_test.runfiles; 2480s local ... (19 actions, 18 running)
[6,949 / 8,981] Creating runfiles tree bazel-out/k8-fastbuild/bin/tests/core/go_download_sdk/bootstrap_determinism_test_/bootstrap_determinism_test.runfiles; 2482s local ... (19 actions, 18 running)
[6,951 / 8,981] Creating runfiles tree bazel-out/k8-fastbuild/bin/tests/core/go_download_sdk/bootstrap_determinism_test_/bootstrap_determinism_test.runfiles; 2483s local ... (19 actions running)
[6,952 / 8,981] Creating runfiles tree bazel-out/k8-fastbuild/bin/tests/core/go_download_sdk/bootstrap_determinism_test_/bootstrap_determinism_test.runfiles; 2484s local ... (19 actions, 18 running)
[6,952 / 8,981] Creating runfiles tree bazel-out/k8-fastbuild/bin/tests/core/go_download_sdk/bootstrap_determinism_test_/bootstrap_determinism_test.runfiles; 2485s local ... (19 actions, 18 running)
[6,954 / 8,981] Creating runfiles tree bazel-out/k8-fastbuild/bin/tests/core/go_download_sdk/bootstrap_determinism_test_/bootstrap_determinism_test.runfiles; 2487s local ... (19 actions, 18 running)
[6,955 / 8,981] Creating runfiles tree bazel-out/k8-fastbuild/bin/tests/core/go_download_sdk/bootstrap_determinism_test_/bootstrap_determinism_test.runfiles; 2488s local ... (19 actions running)
[6,958 / 8,981] Creating runfiles tree bazel-out/k8-fastbuild/bin/tests/core/go_download_sdk/bootstrap_determinism_test_/bootstrap_determinism_test.runfiles; 2490s local ... (19 actions, 18 running)
[6,959 / 8,981] Creating runfiles tree bazel-out/k8-fastbuild/bin/tests/core/go_download_sdk/bootstrap_determinism_test_/bootstrap_determinism_test.runfiles; 2491s local ... (19 actions running)
INFO: From Compiling absl/strings/charconv.cc [for tool]:
In file included from /usr/include/c++/14/string:51,
                 from /usr/include/c++/14/stdexcept:39,
                 from /usr/include/c++/14/system_error:43,
                 from external/abseil-cpp~/absl/strings/charconv.h:18,
                 from external/abseil-cpp~/absl/strings/charconv.cc:15:
In static member function 'static _Up* std::__copy_move_backward<_IsMove, true, std::random_access_iterator_tag>::__copy_move_b(_Tp*, _Tp*, _Up*) [with _Tp = unsigned int; _Up = unsigned int; bool _IsMove = false]',
    inlined from '_BI2 std::__copy_move_backward_a2(_BI1, _BI1, _BI2) [with bool _IsMove = false; _BI1 = unsigned int*; _BI2 = unsigned int*]' at /usr/include/c++/14/bits/stl_algobase.h:787:37,
    inlined from '_BI2 std::__copy_move_backward_a1(_BI1, _BI1, _BI2) [with bool _IsMove = false; _BI1 = unsigned int*; _BI2 = unsigned int*]' at /usr/include/c++/14/bits/stl_algobase.h:796:51,
    inlined from '_OI std::__copy_move_backward_a(_II, _II, _OI) [with bool _IsMove = false; _II = unsigned int*; _OI = unsigned int*]' at /usr/include/c++/14/bits/stl_algobase.h:825:31,
    inlined from '_BI2 std::copy_backward(_BI1, _BI1, _BI2) [with _BI1 = unsigned int*; _BI2 = unsigned int*]' at /usr/include/c++/14/bits/stl_algobase.h:888:7,
    inlined from 'void absl::lts_20240116::strings_internal::BigUnsigned<max_words>::ShiftLeft(int) [with int max_words = 84]' at external/abseil-cpp~/absl/strings/internal/charconv_bigint.h:112:27,
    inlined from 'void absl::lts_20240116::strings_internal::BigUnsigned<max_words>::ShiftLeft(int) [with int max_words = 84]' at external/abseil-cpp~/absl/strings/internal/charconv_bigint.h:102:8,
    inlined from 'bool absl::lts_20240116::{anonymous}::MustRoundUp(uint64_t, int, const absl::lts_20240116::strings_internal::ParsedFloat&)' at external/abseil-cpp~/absl/strings/charconv.cc:540:20:
/usr/include/c++/14/bits/stl_algobase.h:766:30: warning: 'void* __builtin_memmove(void*, const void*, long unsigned int)' offset [-328, -5] is out of the bounds [0, 340] of object 'exact_mantissa' with type 'absl::lts_20240116::strings_internal::BigUnsigned<84>' [-Warray-bounds=]
  766 |             __builtin_memmove(__result - _Num, __first, sizeof(_Tp) * _Num);
      |             ~~~~~~~~~~~~~~~~~^~~~~~~~~~~~~~~~~~~~~~~~~~~~~~~~~~~~~~~~~~~~~~
external/abseil-cpp~/absl/strings/charconv.cc: In function 'bool absl::lts_20240116::{anonymous}::MustRoundUp(uint64_t, int, const absl::lts_20240116::strings_internal::ParsedFloat&)':
external/abseil-cpp~/absl/strings/charconv.cc:518:43: note: 'exact_mantissa' declared here
  518 |   absl::strings_internal::BigUnsigned<84> exact_mantissa;
      |                                           ^~~~~~~~~~~~~~
In static member function 'static _Up* std::__copy_move_backward<_IsMove, true, std::random_access_iterator_tag>::__copy_move_b(_Tp*, _Tp*, _Up*) [with _Tp = unsigned int; _Up = unsigned int; bool _IsMove = false]',
    inlined from '_BI2 std::__copy_move_backward_a2(_BI1, _BI1, _BI2) [with bool _IsMove = false; _BI1 = unsigned int*; _BI2 = unsigned int*]' at /usr/include/c++/14/bits/stl_algobase.h:787:37,
    inlined from '_BI2 std::__copy_move_backward_a1(_BI1, _BI1, _BI2) [with bool _IsMove = false; _BI1 = unsigned int*; _BI2 = unsigned int*]' at /usr/include/c++/14/bits/stl_algobase.h:796:51,
    inlined from '_OI std::__copy_move_backward_a(_II, _II, _OI) [with bool _IsMove = false; _II = unsigned int*; _OI = unsigned int*]' at /usr/include/c++/14/bits/stl_algobase.h:825:31,
    inlined from '_BI2 std::copy_backward(_BI1, _BI1, _BI2) [with _BI1 = unsigned int*; _BI2 = unsigned int*]' at /usr/include/c++/14/bits/stl_algobase.h:888:7,
    inlined from 'void absl::lts_20240116::strings_internal::BigUnsigned<max_words>::ShiftLeft(int) [with int max_words = 84]' at external/abseil-cpp~/absl/strings/internal/charconv_bigint.h:112:27,
    inlined from 'void absl::lts_20240116::strings_internal::BigUnsigned<max_words>::ShiftLeft(int) [with int max_words = 84]' at external/abseil-cpp~/absl/strings/internal/charconv_bigint.h:102:8,
    inlined from 'bool absl::lts_20240116::{anonymous}::MustRoundUp(uint64_t, int, const absl::lts_20240116::strings_internal::ParsedFloat&)' at external/abseil-cpp~/absl/strings/charconv.cc:553:20:
/usr/include/c++/14/bits/stl_algobase.h:766:30: warning: 'void* __builtin_memmove(void*, const void*, long unsigned int)' offset [-328, -5] is out of the bounds [0, 340] of object 'exact_mantissa' with type 'absl::lts_20240116::strings_internal::BigUnsigned<84>' [-Warray-bounds=]
  766 |             __builtin_memmove(__result - _Num, __first, sizeof(_Tp) * _Num);
      |             ~~~~~~~~~~~~~~~~~^~~~~~~~~~~~~~~~~~~~~~~~~~~~~~~~~~~~~~~~~~~~~~
external/abseil-cpp~/absl/strings/charconv.cc: In function 'bool absl::lts_20240116::{anonymous}::MustRoundUp(uint64_t, int, const absl::lts_20240116::strings_internal::ParsedFloat&)':
external/abseil-cpp~/absl/strings/charconv.cc:518:43: note: 'exact_mantissa' declared here
  518 |   absl::strings_internal::BigUnsigned<84> exact_mantissa;
      |                                           ^~~~~~~~~~~~~~
In static member function 'static _Up* std::__copy_move_backward<_IsMove, true, std::random_access_iterator_tag>::__copy_move_b(_Tp*, _Tp*, _Up*) [with _Tp = unsigned int; _Up = unsigned int; bool _IsMove = false]',
    inlined from '_BI2 std::__copy_move_backward_a2(_BI1, _BI1, _BI2) [with bool _IsMove = false; _BI1 = unsigned int*; _BI2 = unsigned int*]' at /usr/include/c++/14/bits/stl_algobase.h:787:37,
    inlined from '_BI2 std::__copy_move_backward_a1(_BI1, _BI1, _BI2) [with bool _IsMove = false; _BI1 = unsigned int*; _BI2 = unsigned int*]' at /usr/include/c++/14/bits/stl_algobase.h:796:51,
    inlined from '_OI std::__copy_move_backward_a(_II, _II, _OI) [with bool _IsMove = false; _II = unsigned int*; _OI = unsigned int*]' at /usr/include/c++/14/bits/stl_algobase.h:825:31,
    inlined from '_BI2 std::copy_backward(_BI1, _BI1, _BI2) [with _BI1 = unsigned int*; _BI2 = unsigned int*]' at /usr/include/c++/14/bits/stl_algobase.h:888:7,
    inlined from 'void absl::lts_20240116::strings_internal::BigUnsigned<max_words>::ShiftLeft(int) [with int max_words = 84]' at external/abseil-cpp~/absl/strings/internal/charconv_bigint.h:112:27,
    inlined from 'void absl::lts_20240116::strings_internal::BigUnsigned<max_words>::ShiftLeft(int) [with int max_words = 84]' at external/abseil-cpp~/absl/strings/internal/charconv_bigint.h:102:8,
    inlined from 'bool absl::lts_20240116::{anonymous}::MustRoundUp(uint64_t, int, const absl::lts_20240116::strings_internal::ParsedFloat&)' at external/abseil-cpp~/absl/strings/charconv.cc:555:20:
/usr/include/c++/14/bits/stl_algobase.h:766:30: warning: 'void* __builtin_memmove(void*, const void*, long unsigned int)' offset [-328, -5] is out of the bounds [0, 340] of object 'rhs' with type 'absl::lts_20240116::strings_internal::BigUnsigned<84>' [-Warray-bounds=]
  766 |             __builtin_memmove(__result - _Num, __first, sizeof(_Tp) * _Num);
      |             ~~~~~~~~~~~~~~~~~^~~~~~~~~~~~~~~~~~~~~~~~~~~~~~~~~~~~~~~~~~~~~~
external/abseil-cpp~/absl/strings/charconv.cc: In function 'bool absl::lts_20240116::{anonymous}::MustRoundUp(uint64_t, int, const absl::lts_20240116::strings_internal::ParsedFloat&)':
external/abseil-cpp~/absl/strings/charconv.cc:549:45: note: 'rhs' declared here
  549 |     absl::strings_internal::BigUnsigned<84> rhs =
      |                                             ^~~
[6,961 / 8,981] Creating runfiles tree bazel-out/k8-fastbuild/bin/tests/core/go_download_sdk/bootstrap_determinism_test_/bootstrap_determinism_test.runfiles; 2492s local ... (19 actions running)
[6,965 / 8,981] Creating runfiles tree bazel-out/k8-fastbuild/bin/tests/core/go_download_sdk/bootstrap_determinism_test_/bootstrap_determinism_test.runfiles; 2493s local ... (19 actions, 18 running)
[6,969 / 8,981] Creating runfiles tree bazel-out/k8-fastbuild/bin/tests/core/go_download_sdk/bootstrap_determinism_test_/bootstrap_determinism_test.runfiles; 2494s local ... (19 actions, 18 running)
[6,973 / 8,981] Creating runfiles tree bazel-out/k8-fastbuild/bin/tests/core/go_download_sdk/bootstrap_determinism_test_/bootstrap_determinism_test.runfiles; 2496s local ... (19 actions, 18 running)
[6,977 / 8,981] Creating runfiles tree bazel-out/k8-fastbuild/bin/tests/core/go_download_sdk/bootstrap_determinism_test_/bootstrap_determinism_test.runfiles; 2497s local ... (19 actions running)
[6,978 / 8,981] Creating runfiles tree bazel-out/k8-fastbuild/bin/tests/core/go_download_sdk/bootstrap_determinism_test_/bootstrap_determinism_test.runfiles; 2498s local ... (19 actions, 18 running)
[6,980 / 8,981] Creating runfiles tree bazel-out/k8-fastbuild/bin/tests/core/go_download_sdk/bootstrap_determinism_test_/bootstrap_determinism_test.runfiles; 2500s local ... (19 actions, 18 running)
[6,981 / 8,981] Creating runfiles tree bazel-out/k8-fastbuild/bin/tests/core/go_download_sdk/bootstrap_determinism_test_/bootstrap_determinism_test.runfiles; 2501s local ... (19 actions, 18 running)
[6,982 / 8,981] Creating runfiles tree bazel-out/k8-fastbuild/bin/tests/core/go_download_sdk/bootstrap_determinism_test_/bootstrap_determinism_test.runfiles; 2502s local ... (19 actions running)
[6,986 / 8,981] Creating runfiles tree bazel-out/k8-fastbuild/bin/tests/core/go_download_sdk/bootstrap_determinism_test_/bootstrap_determinism_test.runfiles; 2503s local ... (19 actions, 18 running)
[6,988 / 8,981] Creating runfiles tree bazel-out/k8-fastbuild/bin/tests/core/go_download_sdk/bootstrap_determinism_test_/bootstrap_determinism_test.runfiles; 2504s local ... (19 actions, 18 running)
[6,991 / 8,981] Creating runfiles tree bazel-out/k8-fastbuild/bin/tests/core/go_download_sdk/bootstrap_determinism_test_/bootstrap_determinism_test.runfiles; 2505s local ... (19 actions, 18 running)
[6,992 / 8,981] Creating runfiles tree bazel-out/k8-fastbuild/bin/tests/core/go_download_sdk/bootstrap_determinism_test_/bootstrap_determinism_test.runfiles; 2507s local ... (19 actions running)
[6,993 / 8,981] Creating runfiles tree bazel-out/k8-fastbuild/bin/tests/core/go_download_sdk/bootstrap_determinism_test_/bootstrap_determinism_test.runfiles; 2508s local ... (19 actions, 18 running)
[6,995 / 8,981] Creating runfiles tree bazel-out/k8-fastbuild/bin/tests/core/go_download_sdk/bootstrap_determinism_test_/bootstrap_determinism_test.runfiles; 2509s local ... (19 actions, 18 running)
[6,997 / 8,981] Creating runfiles tree bazel-out/k8-fastbuild/bin/tests/core/go_download_sdk/bootstrap_determinism_test_/bootstrap_determinism_test.runfiles; 2510s local ... (19 actions, 18 running)
[6,999 / 8,981] Creating runfiles tree bazel-out/k8-fastbuild/bin/tests/core/go_download_sdk/bootstrap_determinism_test_/bootstrap_determinism_test.runfiles; 2511s local ... (19 actions, 18 running)
[7,001 / 8,981] Creating runfiles tree bazel-out/k8-fastbuild/bin/tests/core/go_download_sdk/bootstrap_determinism_test_/bootstrap_determinism_test.runfiles; 2513s local ... (19 actions running)
[7,002 / 8,981] Creating runfiles tree bazel-out/k8-fastbuild/bin/tests/core/go_download_sdk/bootstrap_determinism_test_/bootstrap_determinism_test.runfiles; 2514s local ... (19 actions, 18 running)
[7,004 / 8,981] Creating runfiles tree bazel-out/k8-fastbuild/bin/tests/core/go_download_sdk/bootstrap_determinism_test_/bootstrap_determinism_test.runfiles; 2516s local ... (19 actions, 18 running)
[7,006 / 8,981] Creating runfiles tree bazel-out/k8-fastbuild/bin/tests/core/go_download_sdk/bootstrap_determinism_test_/bootstrap_determinism_test.runfiles; 2517s local ... (19 actions, 18 running)
[7,006 / 8,981] Creating runfiles tree bazel-out/k8-fastbuild/bin/tests/core/go_download_sdk/bootstrap_determinism_test_/bootstrap_determinism_test.runfiles; 2518s local ... (20 actions, 18 running)
[7,012 / 8,981] Creating runfiles tree bazel-out/k8-fastbuild/bin/tests/core/go_download_sdk/bootstrap_determinism_test_/bootstrap_determinism_test.runfiles; 2520s local ... (19 actions, 18 running)
[7,014 / 8,981] Creating runfiles tree bazel-out/k8-fastbuild/bin/tests/core/go_download_sdk/bootstrap_determinism_test_/bootstrap_determinism_test.runfiles; 2521s local ... (19 actions, 18 running)
[7,014 / 8,981] Creating runfiles tree bazel-out/k8-fastbuild/bin/tests/core/go_download_sdk/bootstrap_determinism_test_/bootstrap_determinism_test.runfiles; 2523s local ... (19 actions running)
[7,018 / 8,981] Creating runfiles tree bazel-out/k8-fastbuild/bin/tests/core/go_download_sdk/bootstrap_determinism_test_/bootstrap_determinism_test.runfiles; 2524s local ... (19 actions, 18 running)
[7,018 / 8,981] Creating runfiles tree bazel-out/k8-fastbuild/bin/tests/core/go_download_sdk/bootstrap_determinism_test_/bootstrap_determinism_test.runfiles; 2525s local ... (20 actions, 19 running)
[7,028 / 8,988] Creating runfiles tree bazel-out/k8-fastbuild/bin/tests/core/go_download_sdk/bootstrap_determinism_test_/bootstrap_determinism_test.runfiles; 2527s local ... (20 actions, 18 running)
[7,032 / 8,991] Creating runfiles tree bazel-out/k8-fastbuild/bin/tests/core/go_download_sdk/bootstrap_determinism_test_/bootstrap_determinism_test.runfiles; 2528s local ... (20 actions, 19 running)
[7,034 / 8,991] Creating runfiles tree bazel-out/k8-fastbuild/bin/tests/core/go_download_sdk/bootstrap_determinism_test_/bootstrap_determinism_test.runfiles; 2529s local ... (20 actions, 18 running)
[7,046 / 8,999] Creating runfiles tree bazel-out/k8-fastbuild/bin/tests/core/go_download_sdk/bootstrap_determinism_test_/bootstrap_determinism_test.runfiles; 2530s local ... (20 actions, 18 running)
[7,049 / 8,999] Creating runfiles tree bazel-out/k8-fastbuild/bin/tests/core/go_download_sdk/bootstrap_determinism_test_/bootstrap_determinism_test.runfiles; 2531s local ... (20 actions, 19 running)
[7,052 / 8,999] Creating runfiles tree bazel-out/k8-fastbuild/bin/tests/core/go_download_sdk/bootstrap_determinism_test_/bootstrap_determinism_test.runfiles; 2533s local ... (20 actions, 19 running)
[7,055 / 8,999] Creating runfiles tree bazel-out/k8-fastbuild/bin/tests/core/go_download_sdk/bootstrap_determinism_test_/bootstrap_determinism_test.runfiles; 2534s local ... (20 actions running)
[7,058 / 8,999] Creating runfiles tree bazel-out/k8-fastbuild/bin/tests/core/go_download_sdk/bootstrap_determinism_test_/bootstrap_determinism_test.runfiles; 2536s local ... (20 actions, 19 running)
[7,061 / 8,999] Creating runfiles tree bazel-out/k8-fastbuild/bin/tests/core/go_download_sdk/bootstrap_determinism_test_/bootstrap_determinism_test.runfiles; 2537s local ... (20 actions, 19 running)
[7,064 / 8,999] Creating runfiles tree bazel-out/k8-fastbuild/bin/tests/core/go_download_sdk/bootstrap_determinism_test_/bootstrap_determinism_test.runfiles; 2538s local ... (21 actions, 20 running)
INFO: From Compiling src/google/protobuf/compiler/rust/relative_path.cc [for tool]:
external/protobuf~/src/google/protobuf/compiler/rust/relative_path.cc: In member function 'std::string google::protobuf::compiler::rust::RelativePath::Relative(const google::protobuf::compiler::rust::RelativePath&) const':
external/protobuf~/src/google/protobuf/compiler/rust/relative_path.cc:65:21: warning: comparison of integer expressions of different signedness: 'int' and 'std::vector<std::basic_string_view<char> >::size_type' {aka 'long unsigned int'} [-Wsign-compare]
   65 |   for (int i = 0; i < current_segments.size(); ++i) {
      |                   ~~^~~~~~~~~~~~~~~~~~~~~~~~~
[7,065 / 8,999] Creating runfiles tree bazel-out/k8-fastbuild/bin/tests/core/go_download_sdk/bootstrap_determinism_test_/bootstrap_determinism_test.runfiles; 2539s local ... (20 actions, 19 running)
[7,067 / 8,999] Creating runfiles tree bazel-out/k8-fastbuild/bin/tests/core/go_download_sdk/bootstrap_determinism_test_/bootstrap_determinism_test.runfiles; 2540s local ... (20 actions, 19 running)
[7,068 / 8,999] Creating runfiles tree bazel-out/k8-fastbuild/bin/tests/core/go_download_sdk/bootstrap_determinism_test_/bootstrap_determinism_test.runfiles; 2541s local ... (20 actions, 19 running)
[7,070 / 8,999] Creating runfiles tree bazel-out/k8-fastbuild/bin/tests/core/go_download_sdk/bootstrap_determinism_test_/bootstrap_determinism_test.runfiles; 2543s local ... (20 actions running)
[7,071 / 8,999] Creating runfiles tree bazel-out/k8-fastbuild/bin/tests/core/go_download_sdk/bootstrap_determinism_test_/bootstrap_determinism_test.runfiles; 2544s local ... (20 actions, 19 running)
[7,072 / 8,999] Creating runfiles tree bazel-out/k8-fastbuild/bin/tests/core/go_download_sdk/bootstrap_determinism_test_/bootstrap_determinism_test.runfiles; 2546s local ... (20 actions, 19 running)
[7,074 / 8,999] Creating runfiles tree bazel-out/k8-fastbuild/bin/tests/core/go_download_sdk/bootstrap_determinism_test_/bootstrap_determinism_test.runfiles; 2547s local ... (20 actions running)
[7,075 / 8,999] Creating runfiles tree bazel-out/k8-fastbuild/bin/tests/core/go_download_sdk/bootstrap_determinism_test_/bootstrap_determinism_test.runfiles; 2548s local ... (20 actions, 19 running)
[7,076 / 8,999] Creating runfiles tree bazel-out/k8-fastbuild/bin/tests/core/go_download_sdk/bootstrap_determinism_test_/bootstrap_determinism_test.runfiles; 2550s local ... (20 actions, 19 running)
[7,077 / 8,999] Creating runfiles tree bazel-out/k8-fastbuild/bin/tests/core/go_download_sdk/bootstrap_determinism_test_/bootstrap_determinism_test.runfiles; 2551s local ... (20 actions, 19 running)
[7,078 / 8,999] Creating runfiles tree bazel-out/k8-fastbuild/bin/tests/core/go_download_sdk/bootstrap_determinism_test_/bootstrap_determinism_test.runfiles; 2553s local ... (20 actions running)
[7,081 / 8,999] Creating runfiles tree bazel-out/k8-fastbuild/bin/tests/core/go_download_sdk/bootstrap_determinism_test_/bootstrap_determinism_test.runfiles; 2554s local ... (20 actions, 19 running)
[7,083 / 8,999] Creating runfiles tree bazel-out/k8-fastbuild/bin/tests/core/go_download_sdk/bootstrap_determinism_test_/bootstrap_determinism_test.runfiles; 2556s local ... (21 actions, 19 running)
[7,086 / 8,999] Creating runfiles tree bazel-out/k8-fastbuild/bin/tests/core/go_download_sdk/bootstrap_determinism_test_/bootstrap_determinism_test.runfiles; 2557s local ... (20 actions running)
[7,087 / 8,999] Creating runfiles tree bazel-out/k8-fastbuild/bin/tests/core/go_download_sdk/bootstrap_determinism_test_/bootstrap_determinism_test.runfiles; 2558s local ... (20 actions, 19 running)
[7,089 / 8,999] Creating runfiles tree bazel-out/k8-fastbuild/bin/tests/core/go_download_sdk/bootstrap_determinism_test_/bootstrap_determinism_test.runfiles; 2559s local ... (20 actions, 19 running)
[7,091 / 8,999] Creating runfiles tree bazel-out/k8-fastbuild/bin/tests/core/go_download_sdk/bootstrap_determinism_test_/bootstrap_determinism_test.runfiles; 2561s local ... (20 actions running)
[7,092 / 8,999] Creating runfiles tree bazel-out/k8-fastbuild/bin/tests/core/go_download_sdk/bootstrap_determinism_test_/bootstrap_determinism_test.runfiles; 2563s local ... (20 actions running)
[7,093 / 8,999] Creating runfiles tree bazel-out/k8-fastbuild/bin/tests/core/go_download_sdk/bootstrap_determinism_test_/bootstrap_determinism_test.runfiles; 2564s local ... (20 actions running)
[7,094 / 8,999] Creating runfiles tree bazel-out/k8-fastbuild/bin/tests/core/go_download_sdk/bootstrap_determinism_test_/bootstrap_determinism_test.runfiles; 2565s local ... (21 actions, 19 running)
[7,098 / 8,999] Creating runfiles tree bazel-out/k8-fastbuild/bin/tests/core/go_download_sdk/bootstrap_determinism_test_/bootstrap_determinism_test.runfiles; 2566s local ... (20 actions, 19 running)
[7,099 / 8,999] Creating runfiles tree bazel-out/k8-fastbuild/bin/tests/core/go_download_sdk/bootstrap_determinism_test_/bootstrap_determinism_test.runfiles; 2568s local ... (20 actions, 19 running)
[7,103 / 8,999] Creating runfiles tree bazel-out/k8-fastbuild/bin/tests/core/go_download_sdk/bootstrap_determinism_test_/bootstrap_determinism_test.runfiles; 2569s local ... (20 actions, 19 running)
[7,105 / 8,999] Creating runfiles tree bazel-out/k8-fastbuild/bin/tests/core/go_download_sdk/bootstrap_determinism_test_/bootstrap_determinism_test.runfiles; 2570s local ... (20 actions running)
[7,106 / 8,999] Creating runfiles tree bazel-out/k8-fastbuild/bin/tests/core/go_download_sdk/bootstrap_determinism_test_/bootstrap_determinism_test.runfiles; 2571s local ... (20 actions, 19 running)
[7,111 / 8,999] Creating runfiles tree bazel-out/k8-fastbuild/bin/tests/core/go_download_sdk/bootstrap_determinism_test_/bootstrap_determinism_test.runfiles; 2573s local ... (20 actions running)
[7,112 / 8,999] Creating runfiles tree bazel-out/k8-fastbuild/bin/tests/core/go_download_sdk/bootstrap_determinism_test_/bootstrap_determinism_test.runfiles; 2574s local ... (20 actions, 19 running)
[7,121 / 8,999] Creating runfiles tree bazel-out/k8-fastbuild/bin/tests/core/go_download_sdk/bootstrap_determinism_test_/bootstrap_determinism_test.runfiles; 2576s local ... (20 actions running)
[7,121 / 8,999] Creating runfiles tree bazel-out/k8-fastbuild/bin/tests/core/go_download_sdk/bootstrap_determinism_test_/bootstrap_determinism_test.runfiles; 2586s local ... (20 actions running)
[7,121 / 8,999] Creating runfiles tree bazel-out/k8-fastbuild/bin/tests/core/go_download_sdk/bootstrap_determinism_test_/bootstrap_determinism_test.runfiles; 2616s local ... (20 actions running)
[7,122 / 8,999] Creating runfiles tree bazel-out/k8-fastbuild/bin/tests/core/go_download_sdk/bootstrap_determinism_test_/bootstrap_determinism_test.runfiles; 2625s local ... (20 actions, 19 running)
[7,128 / 9,013] Creating runfiles tree bazel-out/k8-fastbuild/bin/tests/core/go_download_sdk/bootstrap_determinism_test_/bootstrap_determinism_test.runfiles; 2626s local ... (20 actions running)
[7,128 / 9,013] Creating runfiles tree bazel-out/k8-fastbuild/bin/tests/core/go_download_sdk/bootstrap_determinism_test_/bootstrap_determinism_test.runfiles; 2636s local ... (20 actions running)
[7,128 / 9,013] Creating runfiles tree bazel-out/k8-fastbuild/bin/tests/core/go_download_sdk/bootstrap_determinism_test_/bootstrap_determinism_test.runfiles; 2666s local ... (20 actions running)
[7,129 / 9,013] Creating runfiles tree bazel-out/k8-fastbuild/bin/go/tools/gopackagesdriver/gopackagesdriver_test_/gopackagesdriver_test.runfiles; 2495s local ... (20 actions, 19 running)
[7,137 / 9,027] Creating runfiles tree bazel-out/k8-fastbuild/bin/go/tools/gopackagesdriver/gopackagesdriver_test_/gopackagesdriver_test.runfiles; 2497s local ... (20 actions, 19 running)
[7,137 / 9,027] Creating runfiles tree bazel-out/k8-fastbuild/bin/go/tools/gopackagesdriver/gopackagesdriver_test_/gopackagesdriver_test.runfiles; 2498s local ... (20 actions running)
[7,146 / 9,039] Creating runfiles tree bazel-out/k8-fastbuild/bin/go/tools/gopackagesdriver/gopackagesdriver_test_/gopackagesdriver_test.runfiles; 2499s local ... (20 actions, 19 running)
[7,154 / 9,041] Creating runfiles tree bazel-out/k8-fastbuild/bin/go/tools/gopackagesdriver/gopackagesdriver_test_/gopackagesdriver_test.runfiles; 2500s local ... (20 actions running)
[7,168 / 9,058] Creating runfiles tree bazel-out/k8-fastbuild/bin/go/tools/gopackagesdriver/gopackagesdriver_test_/gopackagesdriver_test.runfiles; 2502s local ... (19 actions running)
[7,168 / 9,058] Creating runfiles tree bazel-out/k8-fastbuild/bin/go/tools/gopackagesdriver/gopackagesdriver_test_/gopackagesdriver_test.runfiles; 2512s local ... (19 actions running)
[7,168 / 9,058] Creating runfiles tree bazel-out/k8-fastbuild/bin/go/tools/gopackagesdriver/gopackagesdriver_test_/gopackagesdriver_test.runfiles; 2535s local ... (20 actions, 19 running)
[7,168 / 9,058] Creating runfiles tree bazel-out/k8-fastbuild/bin/go/tools/gopackagesdriver/gopackagesdriver_test_/gopackagesdriver_test.runfiles; 2537s local ... (20 actions running)
[7,169 / 9,058] Creating runfiles tree bazel-out/k8-fastbuild/bin/go/tools/gopackagesdriver/gopackagesdriver_test_/gopackagesdriver_test.runfiles; 2540s local ... (20 actions, 19 running)
[7,175 / 9,058] Creating runfiles tree bazel-out/k8-fastbuild/bin/go/tools/gopackagesdriver/gopackagesdriver_test_/gopackagesdriver_test.runfiles; 2541s local ... (20 actions, 19 running)
[7,176 / 9,058] Creating runfiles tree bazel-out/k8-fastbuild/bin/go/tools/gopackagesdriver/gopackagesdriver_test_/gopackagesdriver_test.runfiles; 2543s local ... (19 actions running)
[7,181 / 9,058] Creating runfiles tree bazel-out/k8-fastbuild/bin/go/tools/gopackagesdriver/gopackagesdriver_test_/gopackagesdriver_test.runfiles; 2545s local ... (19 actions running)
[7,181 / 9,058] Creating runfiles tree bazel-out/k8-fastbuild/bin/go/tools/gopackagesdriver/gopackagesdriver_test_/gopackagesdriver_test.runfiles; 2555s local ... (19 actions running)
[7,181 / 9,058] Creating runfiles tree bazel-out/k8-fastbuild/bin/go/tools/gopackagesdriver/gopackagesdriver_test_/gopackagesdriver_test.runfiles; 2585s local ... (19 actions running)
[7,182 / 9,058] Creating runfiles tree bazel-out/k8-fastbuild/bin/go/tools/gopackagesdriver/gopackagesdriver_test_/gopackagesdriver_test.runfiles; 2596s local ... (18 actions running)
[7,182 / 9,058] Creating runfiles tree bazel-out/k8-fastbuild/bin/go/tools/gopackagesdriver/gopackagesdriver_test_/gopackagesdriver_test.runfiles; 2606s local ... (18 actions running)
[7,183 / 9,062] Creating runfiles tree bazel-out/k8-fastbuild/bin/tests/core/transition/cmdline_test_/cmdline_test.runfiles; 1786s local ... (18 actions, 17 running)
[7,186 / 9,065] Creating runfiles tree bazel-out/k8-fastbuild/bin/tests/core/transition/cmdline_test_/cmdline_test.runfiles; 1787s local ... (18 actions, 17 running)
[7,187 / 9,072] Creating runfiles tree bazel-out/k8-fastbuild/bin/tests/core/transition/cmdline_test_/cmdline_test.runfiles; 1788s local ... (18 actions running)
[7,190 / 9,079] Creating runfiles tree bazel-out/k8-fastbuild/bin/tests/core/transition/cmdline_test_/cmdline_test.runfiles; 1790s local ... (18 actions, 17 running)
[7,192 / 9,080] Creating runfiles tree bazel-out/k8-fastbuild/bin/tests/core/transition/cmdline_test_/cmdline_test.runfiles; 1791s local ... (18 actions running)
[7,195 / 9,087] Creating runfiles tree bazel-out/k8-fastbuild/bin/tests/core/transition/cmdline_test_/cmdline_test.runfiles; 1793s local ... (19 actions running)
[7,198 / 9,094] Creating runfiles tree bazel-out/k8-fastbuild/bin/tests/core/transition/cmdline_test_/cmdline_test.runfiles; 1794s local ... (19 actions running)
[7,199 / 9,100] Creating runfiles tree bazel-out/k8-fastbuild/bin/tests/core/transition/cmdline_test_/cmdline_test.runfiles; 1796s local ... (19 actions, 18 running)
[7,202 / 9,103] Creating runfiles tree bazel-out/k8-fastbuild/bin/tests/core/transition/cmdline_test_/cmdline_test.runfiles; 1797s local ... (19 actions running)
[7,202 / 9,103] Creating runfiles tree bazel-out/k8-fastbuild/bin/tests/core/transition/cmdline_test_/cmdline_test.runfiles; 1808s local ... (19 actions running)
[7,203 / 9,103] Creating runfiles tree bazel-out/k8-fastbuild/bin/tests/legacy/examples/stamped_bin/stamped_test_/stamped_test.runfiles; 1640s local ... (18 actions running)
[7,213 / 9,103] Creating runfiles tree bazel-out/k8-fastbuild/bin/tests/legacy/examples/stamped_bin/stamped_test_/stamped_test.runfiles; 1642s local ... (18 actions running)
[7,218 / 9,103] Creating runfiles tree bazel-out/k8-fastbuild/bin/tests/legacy/examples/stamped_bin/stamped_test_/stamped_test.runfiles; 1643s local ... (19 actions, 18 running)
[7,223 / 9,103] Creating runfiles tree bazel-out/k8-fastbuild/bin/tests/legacy/examples/stamped_bin/stamped_test_/stamped_test.runfiles; 1645s local ... (18 actions running)
[7,228 / 9,103] Creating runfiles tree bazel-out/k8-fastbuild/bin/tests/legacy/examples/stamped_bin/stamped_test_/stamped_test.runfiles; 1647s local ... (18 actions running)
[7,228 / 9,103] Creating runfiles tree bazel-out/k8-fastbuild/bin/tests/legacy/examples/stamped_bin/stamped_test_/stamped_test.runfiles; 1656s local ... (18 actions running)
[7,231 / 9,103] Creating runfiles tree bazel-out/k8-fastbuild/bin/tests/legacy/examples/stamped_bin/stamped_test_/stamped_test.runfiles; 1657s local ... (20 actions, 19 running)
[7,238 / 9,103] Creating runfiles tree bazel-out/k8-fastbuild/bin/tests/legacy/examples/stamped_bin/stamped_test_/stamped_test.runfiles; 1659s local ... (19 actions, 18 running)
[7,240 / 9,103] Creating runfiles tree bazel-out/k8-fastbuild/bin/tests/legacy/examples/stamped_bin/stamped_test_/stamped_test.runfiles; 1660s local ... (18 actions running)
[7,240 / 9,103] Creating runfiles tree bazel-out/k8-fastbuild/bin/tests/legacy/examples/stamped_bin/stamped_test_/stamped_test.runfiles; 1670s local ... (19 actions, 18 running)
[7,245 / 9,103] Creating runfiles tree bazel-out/k8-fastbuild/bin/tests/legacy/examples/stamped_bin/stamped_test_/stamped_test.runfiles; 1672s local ... (19 actions running)
[7,250 / 9,103] Creating runfiles tree bazel-out/k8-fastbuild/bin/tests/legacy/examples/stamped_bin/stamped_test_/stamped_test.runfiles; 1674s local ... (18 actions running)
[7,257 / 9,103] Creating runfiles tree bazel-out/k8-fastbuild/bin/tests/legacy/examples/stamped_bin/stamped_test_/stamped_test.runfiles; 1675s local ... (19 actions, 18 running)
[7,263 / 9,103] Creating runfiles tree bazel-out/k8-fastbuild/bin/tests/legacy/examples/stamped_bin/stamped_test_/stamped_test.runfiles; 1677s local ... (20 actions running)
[7,266 / 9,103] Creating runfiles tree bazel-out/k8-fastbuild/bin/tests/legacy/examples/stamped_bin/stamped_test_/stamped_test.runfiles; 1679s local ... (20 actions running)
[7,273 / 9,103] Creating runfiles tree bazel-out/k8-fastbuild/bin/tests/legacy/examples/stamped_bin/stamped_test_/stamped_test.runfiles; 1680s local ... (20 actions running)
[7,279 / 9,103] Creating runfiles tree bazel-out/k8-fastbuild/bin/tests/legacy/examples/stamped_bin/stamped_test_/stamped_test.runfiles; 1682s local ... (20 actions, 19 running)
[7,280 / 9,103] Creating runfiles tree bazel-out/k8-fastbuild/bin/tests/legacy/examples/stamped_bin/stamped_test_/stamped_test.runfiles; 1683s local ... (20 actions running)
[7,281 / 9,103] Creating runfiles tree bazel-out/k8-fastbuild/bin/tests/legacy/examples/stamped_bin/stamped_test_/stamped_test.runfiles; 1684s local ... (20 actions, 19 running)
[7,288 / 9,103] Creating runfiles tree bazel-out/k8-fastbuild/bin/tests/legacy/examples/stamped_bin/stamped_test_/stamped_test.runfiles; 1686s local ... (20 actions, 19 running)
[7,288 / 9,103] Creating runfiles tree bazel-out/k8-fastbuild/bin/tests/legacy/examples/stamped_bin/stamped_test_/stamped_test.runfiles; 1687s local ... (20 actions running)
[7,296 / 9,103] Creating runfiles tree bazel-out/k8-fastbuild/bin/tests/legacy/examples/stamped_bin/stamped_test_/stamped_test.runfiles; 1688s local ... (20 actions running)
[7,300 / 9,103] Creating runfiles tree bazel-out/k8-fastbuild/bin/tests/legacy/examples/stamped_bin/stamped_test_/stamped_test.runfiles; 1690s local ... (21 actions, 20 running)
[7,302 / 9,103] Creating runfiles tree bazel-out/k8-fastbuild/bin/tests/legacy/examples/stamped_bin/stamped_test_/stamped_test.runfiles; 1691s local ... (20 actions, 19 running)
[7,306 / 9,103] Creating runfiles tree bazel-out/k8-fastbuild/bin/tests/legacy/examples/stamped_bin/stamped_test_/stamped_test.runfiles; 1692s local ... (20 actions, 19 running)
[7,306 / 9,103] Creating runfiles tree bazel-out/k8-fastbuild/bin/tests/legacy/examples/stamped_bin/stamped_test_/stamped_test.runfiles; 1693s local ... (20 actions running)
[7,311 / 9,103] Creating runfiles tree bazel-out/k8-fastbuild/bin/tests/legacy/examples/stamped_bin/stamped_test_/stamped_test.runfiles; 1695s local ... (20 actions running)
[7,316 / 9,103] Creating runfiles tree bazel-out/k8-fastbuild/bin/tests/legacy/examples/stamped_bin/stamped_test_/stamped_test.runfiles; 1696s local ... (20 actions, 19 running)
[7,319 / 9,103] Creating runfiles tree bazel-out/k8-fastbuild/bin/tests/legacy/examples/stamped_bin/stamped_test_/stamped_test.runfiles; 1698s local ... (20 actions running)
[7,320 / 9,103] Creating runfiles tree bazel-out/k8-fastbuild/bin/tests/legacy/examples/stamped_bin/stamped_test_/stamped_test.runfiles; 1703s local ... (20 actions, 19 running)
[7,320 / 9,103] Creating runfiles tree bazel-out/k8-fastbuild/bin/tests/legacy/examples/stamped_bin/stamped_test_/stamped_test.runfiles; 1704s local ... (20 actions running)
[7,321 / 9,103] Creating runfiles tree bazel-out/k8-fastbuild/bin/tests/legacy/examples/stamped_bin/stamped_test_/stamped_test.runfiles; 1711s local ... (20 actions, 19 running)
[7,324 / 9,103] Creating runfiles tree bazel-out/k8-fastbuild/bin/tests/legacy/examples/stamped_bin/stamped_test_/stamped_test.runfiles; 1713s local ... (20 actions running)
[7,325 / 9,103] Creating runfiles tree bazel-out/k8-fastbuild/bin/tests/legacy/examples/stamped_bin/stamped_test_/stamped_test.runfiles; 1717s local ... (20 actions, 19 running)
[7,327 / 9,103] Creating runfiles tree bazel-out/k8-fastbuild/bin/tests/legacy/examples/stamped_bin/stamped_test_/stamped_test.runfiles; 1718s local ... (20 actions running)
[7,328 / 9,103] Creating runfiles tree bazel-out/k8-fastbuild/bin/tests/legacy/examples/stamped_bin/stamped_test_/stamped_test.runfiles; 1720s local ... (20 actions, 19 running)
[7,331 / 9,103] Creating runfiles tree bazel-out/k8-fastbuild/bin/tests/legacy/examples/stamped_bin/stamped_test_/stamped_test.runfiles; 1722s local ... (20 actions, 19 running)
[7,333 / 9,103] Creating runfiles tree bazel-out/k8-fastbuild/bin/tests/legacy/examples/stamped_bin/stamped_test_/stamped_test.runfiles; 1723s local ... (20 actions running)
[7,334 / 9,103] Creating runfiles tree bazel-out/k8-fastbuild/bin/tests/legacy/examples/stamped_bin/stamped_test_/stamped_test.runfiles; 1725s local ... (20 actions running)
[7,337 / 9,103] Creating runfiles tree bazel-out/k8-fastbuild/bin/tests/legacy/examples/stamped_bin/stamped_test_/stamped_test.runfiles; 1727s local ... (20 actions, 19 running)
[7,338 / 9,103] Creating runfiles tree bazel-out/k8-fastbuild/bin/tests/legacy/examples/stamped_bin/stamped_test_/stamped_test.runfiles; 1728s local ... (20 actions running)
[7,342 / 9,103] Creating runfiles tree bazel-out/k8-fastbuild/bin/tests/legacy/examples/stamped_bin/stamped_test_/stamped_test.runfiles; 1730s local ... (20 actions running)
[7,343 / 9,103] Creating runfiles tree bazel-out/k8-fastbuild/bin/tests/legacy/examples/stamped_bin/stamped_test_/stamped_test.runfiles; 1739s local ... (20 actions, 19 running)
[7,345 / 9,103] Creating runfiles tree bazel-out/k8-fastbuild/bin/tests/legacy/examples/stamped_bin/stamped_test_/stamped_test.runfiles; 1741s local ... (20 actions, 19 running)
[7,346 / 9,103] Creating runfiles tree bazel-out/k8-fastbuild/bin/tests/legacy/examples/stamped_bin/stamped_test_/stamped_test.runfiles; 1742s local ... (20 actions running)
[7,347 / 9,103] Creating runfiles tree bazel-out/k8-fastbuild/bin/tests/legacy/examples/stamped_bin/stamped_test_/stamped_test.runfiles; 1751s local ... (20 actions, 19 running)
[7,347 / 9,103] Creating runfiles tree bazel-out/k8-fastbuild/bin/tests/legacy/examples/stamped_bin/stamped_test_/stamped_test.runfiles; 1752s local ... (21 actions, 20 running)
[7,348 / 9,103] Creating runfiles tree bazel-out/k8-fastbuild/bin/tests/legacy/examples/stamped_bin/stamped_test_/stamped_test.runfiles; 1756s local ... (20 actions, 19 running)
[7,348 / 9,103] Creating runfiles tree bazel-out/k8-fastbuild/bin/tests/legacy/examples/stamped_bin/stamped_test_/stamped_test.runfiles; 1758s local ... (20 actions running)
[7,350 / 9,103] Creating runfiles tree bazel-out/k8-fastbuild/bin/tests/legacy/examples/stamped_bin/stamped_test_/stamped_test.runfiles; 1760s local ... (20 actions running)
[7,352 / 9,103] Creating runfiles tree bazel-out/k8-fastbuild/bin/tests/legacy/examples/stamped_bin/stamped_test_/stamped_test.runfiles; 1761s local ... (20 actions running)
[7,353 / 9,103] Creating runfiles tree bazel-out/k8-fastbuild/bin/tests/legacy/examples/stamped_bin/stamped_test_/stamped_test.runfiles; 1764s local ... (20 actions, 19 running)
[7,354 / 9,103] Creating runfiles tree bazel-out/k8-fastbuild/bin/tests/legacy/examples/stamped_bin/stamped_test_/stamped_test.runfiles; 1765s local ... (20 actions running)
[7,355 / 9,103] Creating runfiles tree bazel-out/k8-fastbuild/bin/tests/legacy/examples/stamped_bin/stamped_test_/stamped_test.runfiles; 1766s local ... (20 actions, 19 running)
[7,356 / 9,103] Creating runfiles tree bazel-out/k8-fastbuild/bin/tests/legacy/examples/stamped_bin/stamped_test_/stamped_test.runfiles; 1768s local ... (20 actions running)
[7,357 / 9,103] Creating runfiles tree bazel-out/k8-fastbuild/bin/tests/legacy/examples/stamped_bin/stamped_test_/stamped_test.runfiles; 1770s local ... (20 actions, 19 running)
[7,358 / 9,103] Creating runfiles tree bazel-out/k8-fastbuild/bin/tests/legacy/examples/stamped_bin/stamped_test_/stamped_test.runfiles; 1771s local ... (20 actions running)
[7,359 / 9,103] Creating runfiles tree bazel-out/k8-fastbuild/bin/tests/legacy/examples/stamped_bin/stamped_test_/stamped_test.runfiles; 1772s local ... (21 actions, 20 running)
[7,360 / 9,103] Creating runfiles tree bazel-out/k8-fastbuild/bin/tests/legacy/examples/stamped_bin/stamped_test_/stamped_test.runfiles; 1774s local ... (20 actions running)
[7,362 / 9,103] Creating runfiles tree bazel-out/k8-fastbuild/bin/tests/legacy/examples/stamped_bin/stamped_test_/stamped_test.runfiles; 1775s local ... (21 actions, 20 running)
[7,363 / 9,103] Creating runfiles tree bazel-out/k8-fastbuild/bin/tests/legacy/examples/stamped_bin/stamped_test_/stamped_test.runfiles; 1776s local ... (21 actions, 19 running)
[7,364 / 9,103] Creating runfiles tree bazel-out/k8-fastbuild/bin/tests/legacy/examples/stamped_bin/stamped_test_/stamped_test.runfiles; 1778s local ... (20 actions running)
[7,365 / 9,103] Creating runfiles tree bazel-out/k8-fastbuild/bin/tests/legacy/examples/stamped_bin/stamped_test_/stamped_test.runfiles; 1779s local ... (20 actions, 19 running)
[7,366 / 9,103] Creating runfiles tree bazel-out/k8-fastbuild/bin/tests/legacy/examples/stamped_bin/stamped_test_/stamped_test.runfiles; 1781s local ... (21 actions, 19 running)
[7,367 / 9,103] Creating runfiles tree bazel-out/k8-fastbuild/bin/tests/legacy/examples/stamped_bin/stamped_test_/stamped_test.runfiles; 1782s local ... (20 actions, 19 running)
[7,367 / 9,103] Creating runfiles tree bazel-out/k8-fastbuild/bin/tests/legacy/examples/stamped_bin/stamped_test_/stamped_test.runfiles; 1783s local ... (20 actions running)
[7,371 / 9,103] Creating runfiles tree bazel-out/k8-fastbuild/bin/tests/legacy/examples/stamped_bin/stamped_test_/stamped_test.runfiles; 1785s local ... (20 actions running)
[7,372 / 9,103] Creating runfiles tree bazel-out/k8-fastbuild/bin/tests/legacy/examples/stamped_bin/stamped_test_/stamped_test.runfiles; 1787s local ... (21 actions, 20 running)
[7,373 / 9,103] Creating runfiles tree bazel-out/k8-fastbuild/bin/tests/legacy/examples/stamped_bin/stamped_test_/stamped_test.runfiles; 1789s local ... (20 actions running)
[7,374 / 9,103] Creating runfiles tree bazel-out/k8-fastbuild/bin/tests/legacy/examples/stamped_bin/stamped_test_/stamped_test.runfiles; 1792s local ... (20 actions, 19 running)
[7,377 / 9,103] Creating runfiles tree bazel-out/k8-fastbuild/bin/tests/legacy/examples/stamped_bin/stamped_test_/stamped_test.runfiles; 1793s local ... (20 actions running)
[7,378 / 9,103] Creating runfiles tree bazel-out/k8-fastbuild/bin/tests/legacy/examples/stamped_bin/stamped_test_/stamped_test.runfiles; 1795s local ... (20 actions, 19 running)
[7,383 / 9,103] Creating runfiles tree bazel-out/k8-fastbuild/bin/tests/legacy/examples/stamped_bin/stamped_test_/stamped_test.runfiles; 1796s local ... (20 actions, 19 running)
[7,385 / 9,103] Creating runfiles tree bazel-out/k8-fastbuild/bin/tests/legacy/examples/stamped_bin/stamped_test_/stamped_test.runfiles; 1798s local ... (20 actions, 19 running)
[7,385 / 9,103] Creating runfiles tree bazel-out/k8-fastbuild/bin/tests/legacy/examples/stamped_bin/stamped_test_/stamped_test.runfiles; 1799s local ... (20 actions running)
[7,390 / 9,103] Creating runfiles tree bazel-out/k8-fastbuild/bin/tests/legacy/examples/stamped_bin/stamped_test_/stamped_test.runfiles; 1801s local ... (20 actions, 19 running)
[7,395 / 9,103] Creating runfiles tree bazel-out/k8-fastbuild/bin/tests/legacy/examples/stamped_bin/stamped_test_/stamped_test.runfiles; 1802s local ... (20 actions, 19 running)
[7,396 / 9,103] Creating runfiles tree bazel-out/k8-fastbuild/bin/tests/legacy/examples/stamped_bin/stamped_test_/stamped_test.runfiles; 1803s local ... (20 actions running)
[7,397 / 9,103] Creating runfiles tree bazel-out/k8-fastbuild/bin/tests/legacy/examples/stamped_bin/stamped_test_/stamped_test.runfiles; 1804s local ... (20 actions, 19 running)
[7,399 / 9,103] Creating runfiles tree bazel-out/k8-fastbuild/bin/tests/legacy/examples/stamped_bin/stamped_test_/stamped_test.runfiles; 1805s local ... (20 actions, 19 running)
[7,399 / 9,103] Creating runfiles tree bazel-out/k8-fastbuild/bin/tests/legacy/examples/stamped_bin/stamped_test_/stamped_test.runfiles; 1807s local ... (20 actions running)
[7,400 / 9,103] Creating runfiles tree bazel-out/k8-fastbuild/bin/tests/legacy/examples/stamped_bin/stamped_test_/stamped_test.runfiles; 1808s local ... (20 actions running)
[7,401 / 9,103] Creating runfiles tree bazel-out/k8-fastbuild/bin/tests/legacy/examples/stamped_bin/stamped_test_/stamped_test.runfiles; 1810s local ... (20 actions, 19 running)
[7,404 / 9,103] Creating runfiles tree bazel-out/k8-fastbuild/bin/tests/legacy/examples/stamped_bin/stamped_test_/stamped_test.runfiles; 1811s local ... (20 actions, 19 running)
[7,406 / 9,103] Creating runfiles tree bazel-out/k8-fastbuild/bin/tests/legacy/examples/stamped_bin/stamped_test_/stamped_test.runfiles; 1812s local ... (21 actions, 19 running)
[7,406 / 9,103] Creating runfiles tree bazel-out/k8-fastbuild/bin/tests/legacy/examples/stamped_bin/stamped_test_/stamped_test.runfiles; 1813s local ... (21 actions, 19 running)
[7,409 / 9,103] Creating runfiles tree bazel-out/k8-fastbuild/bin/tests/legacy/examples/stamped_bin/stamped_test_/stamped_test.runfiles; 1814s local ... (20 actions, 19 running)
[7,410 / 9,103] Creating runfiles tree bazel-out/k8-fastbuild/bin/tests/legacy/examples/stamped_bin/stamped_test_/stamped_test.runfiles; 1816s local ... (20 actions, 19 running)
[7,411 / 9,103] Creating runfiles tree bazel-out/k8-fastbuild/bin/tests/legacy/examples/stamped_bin/stamped_test_/stamped_test.runfiles; 1817s local ... (20 actions running)
[7,412 / 9,103] Creating runfiles tree bazel-out/k8-fastbuild/bin/tests/legacy/examples/stamped_bin/stamped_test_/stamped_test.runfiles; 1818s local ... (20 actions running)
[7,413 / 9,103] Creating runfiles tree bazel-out/k8-fastbuild/bin/tests/legacy/examples/stamped_bin/stamped_test_/stamped_test.runfiles; 1820s local ... (20 actions, 19 running)
[7,415 / 9,103] Creating runfiles tree bazel-out/k8-fastbuild/bin/tests/legacy/examples/stamped_bin/stamped_test_/stamped_test.runfiles; 1821s local ... (20 actions running)
[7,416 / 9,103] Creating runfiles tree bazel-out/k8-fastbuild/bin/tests/legacy/examples/stamped_bin/stamped_test_/stamped_test.runfiles; 1822s local ... (20 actions, 19 running)
[7,418 / 9,103] Creating runfiles tree bazel-out/k8-fastbuild/bin/tests/legacy/examples/stamped_bin/stamped_test_/stamped_test.runfiles; 1824s local ... (20 actions, 19 running)
[7,420 / 9,103] Creating runfiles tree bazel-out/k8-fastbuild/bin/tests/legacy/examples/stamped_bin/stamped_test_/stamped_test.runfiles; 1825s local ... (21 actions, 20 running)
[7,421 / 9,103] Creating runfiles tree bazel-out/k8-fastbuild/bin/tests/legacy/examples/stamped_bin/stamped_test_/stamped_test.runfiles; 1827s local ... (20 actions running)
[7,422 / 9,103] Creating runfiles tree bazel-out/k8-fastbuild/bin/tests/legacy/examples/stamped_bin/stamped_test_/stamped_test.runfiles; 1828s local ... (20 actions, 19 running)
[7,425 / 9,103] Creating runfiles tree bazel-out/k8-fastbuild/bin/tests/legacy/examples/stamped_bin/stamped_test_/stamped_test.runfiles; 1829s local ... (20 actions, 19 running)
[7,429 / 9,103] Creating runfiles tree bazel-out/k8-fastbuild/bin/tests/legacy/examples/stamped_bin/stamped_test_/stamped_test.runfiles; 1831s local ... (20 actions running)
[7,432 / 9,103] Creating runfiles tree bazel-out/k8-fastbuild/bin/tests/legacy/examples/stamped_bin/stamped_test_/stamped_test.runfiles; 1832s local ... (20 actions, 19 running)
[7,438 / 9,103] Creating runfiles tree bazel-out/k8-fastbuild/bin/tests/legacy/examples/stamped_bin/stamped_test_/stamped_test.runfiles; 1834s local ... (20 actions, 19 running)
[7,441 / 9,103] Creating runfiles tree bazel-out/k8-fastbuild/bin/tests/legacy/examples/stamped_bin/stamped_test_/stamped_test.runfiles; 1835s local ... (20 actions, 19 running)
[7,443 / 9,103] Creating runfiles tree bazel-out/k8-fastbuild/bin/tests/legacy/examples/stamped_bin/stamped_test_/stamped_test.runfiles; 1836s local ... (20 actions running)
[7,454 / 9,110] Creating runfiles tree bazel-out/k8-fastbuild/bin/tests/core/cross/ios_select_test_/ios_select_test.runfiles; 1817s local ... (20 actions, 18 running)
[7,457 / 9,114] Creating runfiles tree bazel-out/k8-fastbuild/bin/tests/core/cross/ios_select_test_/ios_select_test.runfiles; 1818s local ... (20 actions, 19 running)
[7,461 / 9,114] Creating runfiles tree bazel-out/k8-fastbuild/bin/tests/core/cross/ios_select_test_/ios_select_test.runfiles; 1819s local ... (20 actions, 19 running)
[7,470 / 9,116] Creating runfiles tree bazel-out/k8-fastbuild/bin/tests/core/cross/ios_select_test_/ios_select_test.runfiles; 1820s local ... (21 actions, 20 running)
[7,485 / 9,130] Creating runfiles tree bazel-out/k8-fastbuild/bin/tests/core/cross/ios_select_test_/ios_select_test.runfiles; 1821s local ... (20 actions, 19 running)
[7,489 / 9,131] Creating runfiles tree bazel-out/k8-fastbuild/bin/tests/core/cross/ios_select_test_/ios_select_test.runfiles; 1822s local ... (20 actions, 19 running)
[7,490 / 9,131] Creating runfiles tree bazel-out/k8-fastbuild/bin/tests/core/cross/ios_select_test_/ios_select_test.runfiles; 1824s local ... (21 actions, 20 running)
[7,491 / 9,131] Creating runfiles tree bazel-out/k8-fastbuild/bin/tests/core/cross/ios_select_test_/ios_select_test.runfiles; 1825s local ... (20 actions, 19 running)
[7,494 / 9,131] Creating runfiles tree bazel-out/k8-fastbuild/bin/tests/core/cross/ios_select_test_/ios_select_test.runfiles; 1826s local ... (20 actions, 19 running)
[7,498 / 9,131] Creating runfiles tree bazel-out/k8-fastbuild/bin/tests/core/cross/ios_select_test_/ios_select_test.runfiles; 1828s local ... (21 actions, 20 running)
[7,499 / 9,131] Creating runfiles tree bazel-out/k8-fastbuild/bin/tests/core/cross/ios_select_test_/ios_select_test.runfiles; 1829s local ... (20 actions, 19 running)
[7,500 / 9,131] Creating runfiles tree bazel-out/k8-fastbuild/bin/tests/core/cross/ios_select_test_/ios_select_test.runfiles; 1830s local ... (20 actions, 19 running)
[7,505 / 9,138] Creating runfiles tree bazel-out/k8-fastbuild/bin/tests/core/cross/ios_select_test_/ios_select_test.runfiles; 1832s local ... (20 actions running)
[7,506 / 9,138] Creating runfiles tree bazel-out/k8-fastbuild/bin/tests/core/cross/ios_select_test_/ios_select_test.runfiles; 1835s local ... (20 actions, 19 running)
[7,509 / 9,141] Creating runfiles tree bazel-out/k8-fastbuild/bin/tests/core/cross/ios_select_test_/ios_select_test.runfiles; 1837s local ... (20 actions running)
[7,511 / 9,141] Creating runfiles tree bazel-out/k8-fastbuild/bin/tests/core/cross/ios_select_test_/ios_select_test.runfiles; 1839s local ... (20 actions running)
[7,512 / 9,141] Creating runfiles tree bazel-out/k8-fastbuild/bin/tests/core/cross/ios_select_test_/ios_select_test.runfiles; 1841s local ... (20 actions, 19 running)
[7,512 / 9,141] Creating runfiles tree bazel-out/k8-fastbuild/bin/tests/core/cross/ios_select_test_/ios_select_test.runfiles; 1843s local ... (21 actions, 20 running)
[7,513 / 9,141] Creating runfiles tree bazel-out/k8-fastbuild/bin/tests/core/cross/ios_select_test_/ios_select_test.runfiles; 1844s local ... (20 actions running)
[7,514 / 9,141] Creating runfiles tree bazel-out/k8-fastbuild/bin/tests/core/cross/ios_select_test_/ios_select_test.runfiles; 1845s local ... (21 actions, 19 running)
[7,514 / 9,141] Creating runfiles tree bazel-out/k8-fastbuild/bin/tests/core/cross/ios_select_test_/ios_select_test.runfiles; 1847s local ... (21 actions, 20 running)
[7,515 / 9,141] Creating runfiles tree bazel-out/k8-fastbuild/bin/tests/core/cross/ios_select_test_/ios_select_test.runfiles; 1854s local ... (20 actions, 19 running)
[7,519 / 9,150] Creating runfiles tree bazel-out/k8-fastbuild/bin/tests/core/cross/ios_select_test_/ios_select_test.runfiles; 1855s local ... (20 actions, 19 running)
[7,522 / 9,151] Creating runfiles tree bazel-out/k8-fastbuild/bin/tests/core/cross/ios_select_test_/ios_select_test.runfiles; 1856s local ... (20 actions, 19 running)
[7,522 / 9,151] Creating runfiles tree bazel-out/k8-fastbuild/bin/tests/core/cross/ios_select_test_/ios_select_test.runfiles; 1858s local ... (21 actions, 20 running)
[7,524 / 9,151] Creating runfiles tree bazel-out/k8-fastbuild/bin/tests/core/cross/ios_select_test_/ios_select_test.runfiles; 1859s local ... (20 actions, 19 running)
[7,527 / 9,154] Creating runfiles tree bazel-out/k8-fastbuild/bin/tests/core/cross/ios_select_test_/ios_select_test.runfiles; 1860s local ... (20 actions, 19 running)
[7,529 / 9,157] Creating runfiles tree bazel-out/k8-fastbuild/bin/tests/core/cross/ios_select_test_/ios_select_test.runfiles; 1861s local ... (20 actions, 19 running)
[7,531 / 9,158] Creating runfiles tree bazel-out/k8-fastbuild/bin/tests/core/cross/ios_select_test_/ios_select_test.runfiles; 1863s local ... (20 actions running)
[7,534 / 9,159] Creating runfiles tree bazel-out/k8-fastbuild/bin/tests/core/cross/ios_select_test_/ios_select_test.runfiles; 1864s local ... (20 actions, 19 running)
[7,538 / 9,159] Creating runfiles tree bazel-out/k8-fastbuild/bin/tests/core/cross/ios_select_test_/ios_select_test.runfiles; 1865s local ... (21 actions, 20 running)
[7,540 / 9,159] Creating runfiles tree bazel-out/k8-fastbuild/bin/tests/core/cross/ios_select_test_/ios_select_test.runfiles; 1866s local ... (20 actions, 19 running)
[7,544 / 9,159] Creating runfiles tree bazel-out/k8-fastbuild/bin/tests/core/cross/ios_select_test_/ios_select_test.runfiles; 1868s local ... (20 actions, 19 running)
[7,544 / 9,159] Creating runfiles tree bazel-out/k8-fastbuild/bin/tests/core/cross/ios_select_test_/ios_select_test.runfiles; 1869s local ... (20 actions running)
[7,545 / 9,159] Creating runfiles tree bazel-out/k8-fastbuild/bin/tests/core/cross/ios_select_test_/ios_select_test.runfiles; 1870s local ... (20 actions, 19 running)
[7,547 / 9,159] Creating runfiles tree bazel-out/k8-fastbuild/bin/tests/core/cross/ios_select_test_/ios_select_test.runfiles; 1872s local ... (20 actions running)
[7,548 / 9,159] Creating runfiles tree bazel-out/k8-fastbuild/bin/tests/core/cross/ios_select_test_/ios_select_test.runfiles; 1874s local ... (20 actions, 19 running)
[7,548 / 9,159] Creating runfiles tree bazel-out/k8-fastbuild/bin/tests/core/cross/ios_select_test_/ios_select_test.runfiles; 1876s local ... (20 actions running)
[7,548 / 9,159] Creating runfiles tree bazel-out/k8-fastbuild/bin/tests/core/cross/ios_select_test_/ios_select_test.runfiles; 1885s local ... (20 actions running)
[7,549 / 9,159] Creating runfiles tree bazel-out/k8-fastbuild/bin/tests/core/cross/ios_select_test_/ios_select_test.runfiles; 1887s local ... (20 actions, 19 running)
[7,549 / 9,159] Creating runfiles tree bazel-out/k8-fastbuild/bin/tests/core/cross/ios_select_test_/ios_select_test.runfiles; 1889s local ... (21 actions, 20 running)
[7,550 / 9,159] Creating runfiles tree bazel-out/k8-fastbuild/bin/tests/core/cross/ios_select_test_/ios_select_test.runfiles; 1890s local ... (21 actions, 20 running)
[7,551 / 9,159] Creating runfiles tree bazel-out/k8-fastbuild/bin/tests/core/cross/ios_select_test_/ios_select_test.runfiles; 1893s local ... (20 actions, 19 running)
[7,551 / 9,159] Creating runfiles tree bazel-out/k8-fastbuild/bin/tests/core/cross/ios_select_test_/ios_select_test.runfiles; 1895s local ... (20 actions running)
[7,552 / 9,159] Creating runfiles tree bazel-out/k8-fastbuild/bin/tests/core/cross/ios_select_test_/ios_select_test.runfiles; 1901s local ... (20 actions, 19 running)
[7,552 / 9,159] Creating runfiles tree bazel-out/k8-fastbuild/bin/tests/core/cross/ios_select_test_/ios_select_test.runfiles; 1903s local ... (21 actions, 20 running)
[7,554 / 9,159] Creating runfiles tree bazel-out/k8-fastbuild/bin/tests/core/cross/ios_select_test_/ios_select_test.runfiles; 1904s local ... (20 actions, 19 running)
[7,558 / 9,159] Creating runfiles tree bazel-out/k8-fastbuild/bin/tests/core/cross/ios_select_test_/ios_select_test.runfiles; 1905s local ... (20 actions, 19 running)
[7,558 / 9,159] Creating runfiles tree bazel-out/k8-fastbuild/bin/tests/core/cross/ios_select_test_/ios_select_test.runfiles; 1907s local ... (20 actions running)
[7,560 / 9,159] Creating runfiles tree bazel-out/k8-fastbuild/bin/tests/core/cross/ios_select_test_/ios_select_test.runfiles; 1908s local ... (20 actions, 19 running)
[7,563 / 9,159] Creating runfiles tree bazel-out/k8-fastbuild/bin/tests/core/cross/ios_select_test_/ios_select_test.runfiles; 1910s local ... (20 actions, 19 running)
[7,563 / 9,159] Creating runfiles tree bazel-out/k8-fastbuild/bin/tests/core/cross/ios_select_test_/ios_select_test.runfiles; 1911s local ... (20 actions running)
[7,567 / 9,159] Creating runfiles tree bazel-out/k8-fastbuild/bin/tests/core/cross/ios_select_test_/ios_select_test.runfiles; 1913s local ... (20 actions running)
[7,568 / 9,159] Creating runfiles tree bazel-out/k8-fastbuild/bin/tests/core/cross/ios_select_test_/ios_select_test.runfiles; 1914s local ... (20 actions, 19 running)
[7,570 / 9,159] Creating runfiles tree bazel-out/k8-fastbuild/bin/tests/core/cross/ios_select_test_/ios_select_test.runfiles; 1916s local ... (21 actions, 19 running)
[7,572 / 9,159] Creating runfiles tree bazel-out/k8-fastbuild/bin/tests/core/cross/ios_select_test_/ios_select_test.runfiles; 1917s local ... (20 actions, 19 running)
[7,574 / 9,159] Creating runfiles tree bazel-out/k8-fastbuild/bin/tests/core/cross/ios_select_test_/ios_select_test.runfiles; 1919s local ... (21 actions, 20 running)
[7,575 / 9,159] Creating runfiles tree bazel-out/k8-fastbuild/bin/tests/core/cross/ios_select_test_/ios_select_test.runfiles; 1920s local ... (20 actions, 19 running)
[7,576 / 9,159] Creating runfiles tree bazel-out/k8-fastbuild/bin/tests/core/cross/ios_select_test_/ios_select_test.runfiles; 1921s local ... (20 actions, 19 running)
[7,578 / 9,159] Creating runfiles tree bazel-out/k8-fastbuild/bin/tests/core/cross/ios_select_test_/ios_select_test.runfiles; 1923s local ... (20 actions, 19 running)
[7,578 / 9,159] Creating runfiles tree bazel-out/k8-fastbuild/bin/tests/core/cross/ios_select_test_/ios_select_test.runfiles; 1924s local ... (21 actions, 20 running)
[7,579 / 9,159] Creating runfiles tree bazel-out/k8-fastbuild/bin/tests/core/cross/ios_select_test_/ios_select_test.runfiles; 1925s local ... (20 actions, 19 running)
[7,579 / 9,159] Creating runfiles tree bazel-out/k8-fastbuild/bin/tests/core/cross/ios_select_test_/ios_select_test.runfiles; 1927s local ... (20 actions running)
[7,583 / 9,159] Creating runfiles tree bazel-out/k8-fastbuild/bin/tests/core/cross/ios_select_test_/ios_select_test.runfiles; 1929s local ... (20 actions, 19 running)
[7,586 / 9,159] Creating runfiles tree bazel-out/k8-fastbuild/bin/tests/core/cross/ios_select_test_/ios_select_test.runfiles; 1930s local ... (20 actions running)
[7,588 / 9,159] Creating runfiles tree bazel-out/k8-fastbuild/bin/tests/core/cross/ios_select_test_/ios_select_test.runfiles; 1931s local ... (20 actions, 19 running)
[7,588 / 9,159] Creating runfiles tree bazel-out/k8-fastbuild/bin/tests/core/cross/ios_select_test_/ios_select_test.runfiles; 1933s local ... (20 actions running)
[7,591 / 9,159] Creating runfiles tree bazel-out/k8-fastbuild/bin/tests/core/cross/ios_select_test_/ios_select_test.runfiles; 1934s local ... (20 actions, 19 running)
[7,592 / 9,159] Creating runfiles tree bazel-out/k8-fastbuild/bin/tests/core/cross/ios_select_test_/ios_select_test.runfiles; 1935s local ... (20 actions, 19 running)
[7,594 / 9,159] Creating runfiles tree bazel-out/k8-fastbuild/bin/tests/core/cross/ios_select_test_/ios_select_test.runfiles; 1936s local ... (20 actions, 19 running)
[7,599 / 9,159] Creating runfiles tree bazel-out/k8-fastbuild/bin/tests/core/cross/ios_select_test_/ios_select_test.runfiles; 1938s local ... (20 actions running)
[7,600 / 9,159] Creating runfiles tree bazel-out/k8-fastbuild/bin/tests/core/cross/ios_select_test_/ios_select_test.runfiles; 1939s local ... (20 actions, 19 running)
[7,606 / 9,159] Creating runfiles tree bazel-out/k8-fastbuild/bin/tests/core/cross/ios_select_test_/ios_select_test.runfiles; 1941s local ... (21 actions, 19 running)
[7,607 / 9,159] Creating runfiles tree bazel-out/k8-fastbuild/bin/tests/core/cross/ios_select_test_/ios_select_test.runfiles; 1942s local ... (20 actions, 19 running)
[7,608 / 9,159] Creating runfiles tree bazel-out/k8-fastbuild/bin/tests/core/cross/ios_select_test_/ios_select_test.runfiles; 1943s local ... (20 actions, 19 running)
[7,612 / 9,159] Creating runfiles tree bazel-out/k8-fastbuild/bin/tests/core/cross/ios_select_test_/ios_select_test.runfiles; 1945s local ... (20 actions running)
[7,614 / 9,159] Creating runfiles tree bazel-out/k8-fastbuild/bin/tests/core/cross/ios_select_test_/ios_select_test.runfiles; 1946s local ... (20 actions running)
[7,615 / 9,159] Creating runfiles tree bazel-out/k8-fastbuild/bin/tests/core/cross/ios_select_test_/ios_select_test.runfiles; 1947s local ... (20 actions, 19 running)
[7,618 / 9,159] Creating runfiles tree bazel-out/k8-fastbuild/bin/tests/core/cross/ios_select_test_/ios_select_test.runfiles; 1948s local ... (20 actions, 19 running)
[7,620 / 9,159] Creating runfiles tree bazel-out/k8-fastbuild/bin/tests/core/cross/ios_select_test_/ios_select_test.runfiles; 1950s local ... (21 actions, 20 running)
[7,621 / 9,159] Creating runfiles tree bazel-out/k8-fastbuild/bin/tests/core/cross/ios_select_test_/ios_select_test.runfiles; 1951s local ... (21 actions, 19 running)
[7,622 / 9,159] Creating runfiles tree bazel-out/k8-fastbuild/bin/tests/core/cross/ios_select_test_/ios_select_test.runfiles; 1953s local ... (20 actions running)
[7,623 / 9,159] Creating runfiles tree bazel-out/k8-fastbuild/bin/tests/core/cross/ios_select_test_/ios_select_test.runfiles; 1955s local ... (20 actions, 19 running)
[7,624 / 9,159] Creating runfiles tree bazel-out/k8-fastbuild/bin/tests/core/cross/ios_select_test_/ios_select_test.runfiles; 1957s local ... (21 actions, 20 running)
[7,625 / 9,159] Creating runfiles tree bazel-out/k8-fastbuild/bin/tests/core/cross/ios_select_test_/ios_select_test.runfiles; 1958s local ... (21 actions, 19 running)
[7,627 / 9,159] Creating runfiles tree bazel-out/k8-fastbuild/bin/tests/core/cross/ios_select_test_/ios_select_test.runfiles; 1959s local ... (20 actions running)
[7,632 / 9,159] Creating runfiles tree bazel-out/k8-fastbuild/bin/tests/core/cross/ios_select_test_/ios_select_test.runfiles; 1960s local ... (20 actions running)
[7,634 / 9,159] Creating runfiles tree bazel-out/k8-fastbuild/bin/tests/core/cross/ios_select_test_/ios_select_test.runfiles; 1961s local ... (20 actions, 19 running)
[7,637 / 9,159] Creating runfiles tree bazel-out/k8-fastbuild/bin/tests/core/cross/ios_select_test_/ios_select_test.runfiles; 1962s local ... (20 actions, 19 running)
[7,641 / 9,159] Creating runfiles tree bazel-out/k8-fastbuild/bin/tests/core/cross/ios_select_test_/ios_select_test.runfiles; 1964s local ... (20 actions running)
[7,642 / 9,159] Creating runfiles tree bazel-out/k8-fastbuild/bin/tests/core/cross/ios_select_test_/ios_select_test.runfiles; 1965s local ... (20 actions, 19 running)
[7,645 / 9,159] Creating runfiles tree bazel-out/k8-fastbuild/bin/tests/core/cross/ios_select_test_/ios_select_test.runfiles; 1967s local ... (20 actions running)
[7,647 / 9,159] Creating runfiles tree bazel-out/k8-fastbuild/bin/tests/core/cross/ios_select_test_/ios_select_test.runfiles; 1968s local ... (20 actions running)
[7,652 / 9,159] Creating runfiles tree bazel-out/k8-fastbuild/bin/tests/core/cross/ios_select_test_/ios_select_test.runfiles; 1969s local ... (20 actions, 19 running)
[7,656 / 9,159] Creating runfiles tree bazel-out/k8-fastbuild/bin/tests/core/cross/ios_select_test_/ios_select_test.runfiles; 1970s local ... (20 actions, 19 running)
[7,658 / 9,159] Creating runfiles tree bazel-out/k8-fastbuild/bin/tests/core/cross/ios_select_test_/ios_select_test.runfiles; 1971s local ... (20 actions, 19 running)
[7,658 / 9,159] Creating runfiles tree bazel-out/k8-fastbuild/bin/tests/core/cross/ios_select_test_/ios_select_test.runfiles; 1973s local ... (20 actions running)
[7,659 / 9,159] Creating runfiles tree bazel-out/k8-fastbuild/bin/tests/core/cross/ios_select_test_/ios_select_test.runfiles; 1974s local ... (20 actions, 19 running)
[7,661 / 9,159] Creating runfiles tree bazel-out/k8-fastbuild/bin/tests/core/cross/ios_select_test_/ios_select_test.runfiles; 1975s local ... (20 actions, 19 running)
[7,664 / 9,159] Creating runfiles tree bazel-out/k8-fastbuild/bin/tests/core/cross/ios_select_test_/ios_select_test.runfiles; 1977s local ... (20 actions running)
[7,666 / 9,159] Creating runfiles tree bazel-out/k8-fastbuild/bin/tests/core/cross/ios_select_test_/ios_select_test.runfiles; 1978s local ... (20 actions running)
[7,669 / 9,159] Creating runfiles tree bazel-out/k8-fastbuild/bin/tests/core/cross/ios_select_test_/ios_select_test.runfiles; 1980s local ... (20 actions, 19 running)
[7,671 / 9,159] Creating runfiles tree bazel-out/k8-fastbuild/bin/tests/core/cross/ios_select_test_/ios_select_test.runfiles; 1981s local ... (21 actions, 19 running)
[7,672 / 9,159] Creating runfiles tree bazel-out/k8-fastbuild/bin/tests/core/cross/ios_select_test_/ios_select_test.runfiles; 1983s local ... (20 actions running)
[7,674 / 9,159] Creating runfiles tree bazel-out/k8-fastbuild/bin/tests/core/cross/ios_select_test_/ios_select_test.runfiles; 1985s local ... (20 actions running)
[7,679 / 9,159] Creating runfiles tree bazel-out/k8-fastbuild/bin/tests/core/cross/ios_select_test_/ios_select_test.runfiles; 1986s local ... (20 actions, 19 running)
[7,683 / 9,159] Creating runfiles tree bazel-out/k8-fastbuild/bin/tests/core/cross/ios_select_test_/ios_select_test.runfiles; 1987s local ... (20 actions, 19 running)
[7,683 / 9,159] Creating runfiles tree bazel-out/k8-fastbuild/bin/tests/core/cross/ios_select_test_/ios_select_test.runfiles; 1989s local ... (21 actions, 20 running)
[7,684 / 9,159] Creating runfiles tree bazel-out/k8-fastbuild/bin/tests/core/cross/ios_select_test_/ios_select_test.runfiles; 1990s local ... (20 actions running)
[7,686 / 9,159] Creating runfiles tree bazel-out/k8-fastbuild/bin/tests/core/cross/ios_select_test_/ios_select_test.runfiles; 1991s local ... (20 actions, 19 running)
[7,689 / 9,159] Creating runfiles tree bazel-out/k8-fastbuild/bin/tests/core/cross/ios_select_test_/ios_select_test.runfiles; 1992s local ... (20 actions, 19 running)
[7,690 / 9,159] Creating runfiles tree bazel-out/k8-fastbuild/bin/tests/core/cross/ios_select_test_/ios_select_test.runfiles; 1993s local ... (20 actions, 19 running)
[7,691 / 9,159] Creating runfiles tree bazel-out/k8-fastbuild/bin/tests/core/cross/ios_select_test_/ios_select_test.runfiles; 1994s local ... (20 actions, 18 running)
[7,696 / 9,159] Creating runfiles tree bazel-out/k8-fastbuild/bin/tests/core/cross/ios_select_test_/ios_select_test.runfiles; 1995s local ... (20 actions, 19 running)
[7,698 / 9,159] Creating runfiles tree bazel-out/k8-fastbuild/bin/tests/core/cross/ios_select_test_/ios_select_test.runfiles; 1997s local ... (20 actions running)
[7,701 / 9,159] Creating runfiles tree bazel-out/k8-fastbuild/bin/tests/core/cross/ios_select_test_/ios_select_test.runfiles; 1999s local ... (20 actions running)
[7,703 / 9,159] Creating runfiles tree bazel-out/k8-fastbuild/bin/tests/core/cross/ios_select_test_/ios_select_test.runfiles; 2000s local ... (20 actions, 19 running)
[7,705 / 9,159] Creating runfiles tree bazel-out/k8-fastbuild/bin/tests/core/cross/ios_select_test_/ios_select_test.runfiles; 2001s local ... (20 actions, 19 running)
[7,707 / 9,159] Creating runfiles tree bazel-out/k8-fastbuild/bin/tests/core/cross/ios_select_test_/ios_select_test.runfiles; 2003s local ... (20 actions running)
[7,709 / 9,159] Creating runfiles tree bazel-out/k8-fastbuild/bin/tests/core/cross/ios_select_test_/ios_select_test.runfiles; 2005s local ... (20 actions running)
[7,712 / 9,159] Creating runfiles tree bazel-out/k8-fastbuild/bin/tests/core/cross/ios_select_test_/ios_select_test.runfiles; 2007s local ... (20 actions running)
[7,714 / 9,159] Creating runfiles tree bazel-out/k8-fastbuild/bin/tests/core/cross/ios_select_test_/ios_select_test.runfiles; 2008s local ... (20 actions running)
[7,716 / 9,159] Creating runfiles tree bazel-out/k8-fastbuild/bin/tests/core/cross/ios_select_test_/ios_select_test.runfiles; 2010s local ... (20 actions running)
[7,721 / 9,159] Creating runfiles tree bazel-out/k8-fastbuild/bin/tests/core/cross/ios_select_test_/ios_select_test.runfiles; 2011s local ... (20 actions, 19 running)
[7,724 / 9,159] Creating runfiles tree bazel-out/k8-fastbuild/bin/tests/core/cross/ios_select_test_/ios_select_test.runfiles; 2012s local ... (20 actions, 19 running)
[7,724 / 9,159] Creating runfiles tree bazel-out/k8-fastbuild/bin/tests/core/cross/ios_select_test_/ios_select_test.runfiles; 2014s local ... (20 actions running)
[7,727 / 9,159] Creating runfiles tree bazel-out/k8-fastbuild/bin/tests/core/cross/ios_select_test_/ios_select_test.runfiles; 2015s local ... (20 actions, 19 running)
[7,730 / 9,159] Creating runfiles tree bazel-out/k8-fastbuild/bin/tests/core/cross/ios_select_test_/ios_select_test.runfiles; 2016s local ... (20 actions, 19 running)
[7,734 / 9,159] Creating runfiles tree bazel-out/k8-fastbuild/bin/tests/core/cross/ios_select_test_/ios_select_test.runfiles; 2017s local ... (20 actions, 19 running)
[7,737 / 9,159] Creating runfiles tree bazel-out/k8-fastbuild/bin/tests/core/cross/ios_select_test_/ios_select_test.runfiles; 2019s local ... (21 actions, 19 running)
[7,738 / 9,159] Creating runfiles tree bazel-out/k8-fastbuild/bin/tests/core/cross/ios_select_test_/ios_select_test.runfiles; 2020s local ... (21 actions, 18 running)
[7,743 / 9,159] Creating runfiles tree bazel-out/k8-fastbuild/bin/tests/core/cross/ios_select_test_/ios_select_test.runfiles; 2021s local ... (20 actions, 19 running)
[7,749 / 9,159] Creating runfiles tree bazel-out/k8-fastbuild/bin/tests/core/cross/ios_select_test_/ios_select_test.runfiles; 2022s local ... (19 actions, 18 running)
[7,751 / 9,159] Creating runfiles tree bazel-out/k8-fastbuild/bin/tests/core/cross/ios_select_test_/ios_select_test.runfiles; 2023s local ... (20 actions, 18 running)
[7,753 / 9,159] Creating runfiles tree bazel-out/k8-fastbuild/bin/tests/core/cross/ios_select_test_/ios_select_test.runfiles; 2024s local ... (20 actions, 18 running)
[7,755 / 9,159] Creating runfiles tree bazel-out/k8-fastbuild/bin/tests/core/cross/ios_select_test_/ios_select_test.runfiles; 2026s local ... (20 actions, 19 running)
[7,758 / 9,159] Creating runfiles tree bazel-out/k8-fastbuild/bin/tests/core/cross/ios_select_test_/ios_select_test.runfiles; 2027s local ... (20 actions, 18 running)
[7,760 / 9,159] Creating runfiles tree bazel-out/k8-fastbuild/bin/tests/core/cross/ios_select_test_/ios_select_test.runfiles; 2028s local ... (20 actions, 18 running)
[7,761 / 9,159] Creating runfiles tree bazel-out/k8-fastbuild/bin/tests/core/cross/ios_select_test_/ios_select_test.runfiles; 2029s local ... (20 actions, 18 running)
[7,762 / 9,159] Creating runfiles tree bazel-out/k8-fastbuild/bin/tests/core/cross/ios_select_test_/ios_select_test.runfiles; 2031s local ... (21 actions, 19 running)
[7,763 / 9,159] Creating runfiles tree bazel-out/k8-fastbuild/bin/tests/core/cross/ios_select_test_/ios_select_test.runfiles; 2035s local ... (20 actions, 18 running)
[7,769 / 9,159] Creating runfiles tree bazel-out/k8-fastbuild/bin/tests/core/cross/ios_select_test_/ios_select_test.runfiles; 2036s local ... (20 actions, 19 running)
[7,770 / 9,159] Creating runfiles tree bazel-out/k8-fastbuild/bin/tests/core/cross/ios_select_test_/ios_select_test.runfiles; 2038s local ... (20 actions running)
[7,773 / 9,159] Creating runfiles tree bazel-out/k8-fastbuild/bin/tests/core/cross/ios_select_test_/ios_select_test.runfiles; 2040s local ... (20 actions running)
[7,776 / 9,159] Creating runfiles tree bazel-out/k8-fastbuild/bin/tests/core/cross/ios_select_test_/ios_select_test.runfiles; 2041s local ... (20 actions, 19 running)
[7,783 / 9,159] Creating runfiles tree bazel-out/k8-fastbuild/bin/tests/core/cross/ios_select_test_/ios_select_test.runfiles; 2043s local ... (19 actions running)
[7,784 / 9,159] Creating runfiles tree bazel-out/k8-fastbuild/bin/tests/core/cross/ios_select_test_/ios_select_test.runfiles; 2044s local ... (20 actions, 19 running)
[7,785 / 9,159] Creating runfiles tree bazel-out/k8-fastbuild/bin/tests/core/cross/ios_select_test_/ios_select_test.runfiles; 2045s local ... (20 actions, 19 running)
[7,785 / 9,159] Creating runfiles tree bazel-out/k8-fastbuild/bin/tests/core/cross/ios_select_test_/ios_select_test.runfiles; 2047s local ... (20 actions running)
[7,787 / 9,159] Creating runfiles tree bazel-out/k8-fastbuild/bin/tests/core/cross/ios_select_test_/ios_select_test.runfiles; 2048s local ... (20 actions, 19 running)
[7,791 / 9,159] Creating runfiles tree bazel-out/k8-fastbuild/bin/tests/core/cross/ios_select_test_/ios_select_test.runfiles; 2049s local ... (20 actions, 19 running)
[7,792 / 9,159] Creating runfiles tree bazel-out/k8-fastbuild/bin/tests/core/cross/ios_select_test_/ios_select_test.runfiles; 2051s local ... (20 actions running)
[7,795 / 9,159] Creating runfiles tree bazel-out/k8-fastbuild/bin/tests/core/cross/ios_select_test_/ios_select_test.runfiles; 2053s local ... (20 actions, 19 running)
[7,802 / 9,159] Creating runfiles tree bazel-out/k8-fastbuild/bin/tests/core/cross/ios_select_test_/ios_select_test.runfiles; 2054s local ... (20 actions, 19 running)
[7,808 / 9,165] Creating runfiles tree bazel-out/k8-fastbuild/bin/tests/core/cross/ios_select_test_/ios_select_test.runfiles; 2055s local ... (20 actions, 19 running)
[7,827 / 9,166] Creating runfiles tree bazel-out/k8-fastbuild/bin/tests/core/cross/ios_select_test_/ios_select_test.runfiles; 2056s local ... (20 actions, 19 running)
[7,835 / 9,173] Creating runfiles tree bazel-out/k8-fastbuild/bin/tests/core/cross/ios_select_test_/ios_select_test.runfiles; 2057s local ... (19 actions, 18 running)
[7,839 / 9,180] Creating runfiles tree bazel-out/k8-fastbuild/bin/tests/core/cross/ios_select_test_/ios_select_test.runfiles; 2059s local ... (20 actions running)
[7,842 / 9,297] Creating runfiles tree bazel-out/k8-fastbuild/bin/tests/core/cross/ios_select_test_/ios_select_test.runfiles; 2060s local ... (20 actions running)
[7,843 / 9,297] Creating runfiles tree bazel-out/k8-fastbuild/bin/tests/core/cross/ios_select_test_/ios_select_test.runfiles; 2061s local ... (20 actions, 19 running)
INFO: From Compiling src/google/protobuf/compiler/java/full/enum.cc:
external/protobuf~/src/google/protobuf/compiler/java/full/enum.cc: In member function 'virtual void google::protobuf::compiler::java::EnumNonLiteGenerator::Generate(google::protobuf::io::Printer*)':
external/protobuf~/src/google/protobuf/compiler/java/full/enum.cc:77:21: warning: comparison of integer expressions of different signedness: 'int' and 'std::vector<const google::protobuf::EnumValueDescriptor*>::size_type' {aka 'long unsigned int'} [-Wsign-compare]
   77 |   for (int i = 0; i < canonical_values_.size(); i++) {
      |                   ~~^~~~~~~~~~~~~~~~~~~~~~~~~~
external/protobuf~/src/google/protobuf/compiler/java/full/enum.cc:85:21: warning: comparison of integer expressions of different signedness: 'int' and 'std::vector<const google::protobuf::EnumValueDescriptor*>::size_type' {aka 'long unsigned int'} [-Wsign-compare]
   85 |   for (int i = 0; i < canonical_values_.size(); i++) {
      |                   ~~^~~~~~~~~~~~~~~~~~~~~~~~~~
external/protobuf~/src/google/protobuf/compiler/java/full/enum.cc:125:21: warning: comparison of integer expressions of different signedness: 'int' and 'std::vector<google::protobuf::compiler::java::EnumNonLiteGenerator::Alias>::size_type' {aka 'long unsigned int'} [-Wsign-compare]
  125 |   for (int i = 0; i < aliases_.size(); i++) {
      |                   ~~^~~~~~~~~~~~~~~~~
external/protobuf~/src/google/protobuf/compiler/java/full/enum.cc:209:21: warning: comparison of integer expressions of different signedness: 'int' and 'std::vector<const google::protobuf::EnumValueDescriptor*>::size_type' {aka 'long unsigned int'} [-Wsign-compare]
  209 |   for (int i = 0; i < canonical_values_.size(); i++) {
      |                   ~~^~~~~~~~~~~~~~~~~~~~~~~~~~
external/protobuf~/src/google/protobuf/compiler/java/full/enum.cc: In member function 'bool google::protobuf::compiler::java::EnumNonLiteGenerator::CanUseEnumValues()':
external/protobuf~/src/google/protobuf/compiler/java/full/enum.cc:383:32: warning: comparison of integer expressions of different signedness: 'std::vector<const google::protobuf::EnumValueDescriptor*>::size_type' {aka 'long unsigned int'} and 'int' [-Wsign-compare]
  383 |   if (canonical_values_.size() != descriptor_->value_count()) {
      |       ~~~~~~~~~~~~~~~~~~~~~~~~~^~~~~~~~~~~~~~~~~~~~~~~~~~~~~
[7,851 / 9,298] Creating runfiles tree bazel-out/k8-fastbuild/bin/tests/core/cross/ios_select_test_/ios_select_test.runfiles; 2062s local ... (20 actions running)
[7,858 / 9,315] Creating runfiles tree bazel-out/k8-fastbuild/bin/tests/core/cross/ios_select_test_/ios_select_test.runfiles; 2064s local ... (20 actions running)
[7,863 / 9,316] Creating runfiles tree bazel-out/k8-fastbuild/bin/tests/core/cross/ios_select_test_/ios_select_test.runfiles; 2065s local ... (20 actions, 18 running)
[7,868 / 9,322] Creating runfiles tree bazel-out/k8-fastbuild/bin/tests/core/cross/ios_select_test_/ios_select_test.runfiles; 2066s local ... (20 actions running)
[7,873 / 9,323] Creating runfiles tree bazel-out/k8-fastbuild/bin/tests/core/cross/ios_select_test_/ios_select_test.runfiles; 2067s local ... (20 actions, 19 running)
[7,875 / 9,323] Creating runfiles tree bazel-out/k8-fastbuild/bin/tests/core/cross/ios_select_test_/ios_select_test.runfiles; 2069s local ... (20 actions running)
[7,877 / 9,326] Creating runfiles tree bazel-out/k8-fastbuild/bin/tests/core/cross/ios_select_test_/ios_select_test.runfiles; 2070s local ... (20 actions, 19 running)
[7,878 / 9,326] Creating runfiles tree bazel-out/k8-fastbuild/bin/tests/core/cross/ios_select_test_/ios_select_test.runfiles; 2071s local ... (20 actions, 19 running)
[7,878 / 9,326] Creating runfiles tree bazel-out/k8-fastbuild/bin/tests/core/cross/ios_select_test_/ios_select_test.runfiles; 2073s local ... (20 actions running)
[7,879 / 9,326] Creating runfiles tree bazel-out/k8-fastbuild/bin/tests/core/cross/ios_select_test_/ios_select_test.runfiles; 2074s local ... (20 actions, 19 running)
[7,880 / 9,397] Creating runfiles tree bazel-out/k8-fastbuild/bin/tests/core/cross/ios_select_test_/ios_select_test.runfiles; 2076s local ... (20 actions running)
[7,881 / 9,397] Creating runfiles tree bazel-out/k8-fastbuild/bin/tests/core/cross/ios_select_test_/ios_select_test.runfiles; 2077s local ... (20 actions, 19 running)
[7,882 / 9,407] Creating runfiles tree bazel-out/k8-fastbuild/bin/tests/core/cross/ios_select_test_/ios_select_test.runfiles; 2079s local ... (20 actions running)
[7,883 / 9,407] Creating runfiles tree bazel-out/k8-fastbuild/bin/tests/core/cross/ios_select_test_/ios_select_test.runfiles; 2080s local ... (20 actions, 19 running)
[7,883 / 9,407] Creating runfiles tree bazel-out/k8-fastbuild/bin/tests/core/cross/ios_select_test_/ios_select_test.runfiles; 2082s local ... (20 actions running)
[7,884 / 9,407] Creating runfiles tree bazel-out/k8-fastbuild/bin/tests/core/cross/ios_select_test_/ios_select_test.runfiles; 2084s local ... (20 actions, 19 running)
[7,885 / 9,407] Creating runfiles tree bazel-out/k8-fastbuild/bin/tests/core/cross/ios_select_test_/ios_select_test.runfiles; 2085s local ... (20 actions running)
[7,886 / 9,407] Creating runfiles tree bazel-out/k8-fastbuild/bin/tests/core/cross/ios_select_test_/ios_select_test.runfiles; 2086s local ... (20 actions, 19 running)
[7,888 / 9,407] Creating runfiles tree bazel-out/k8-fastbuild/bin/tests/core/cross/ios_select_test_/ios_select_test.runfiles; 2088s local ... (21 actions, 20 running)
[7,889 / 9,407] Creating runfiles tree bazel-out/k8-fastbuild/bin/tests/core/cross/ios_select_test_/ios_select_test.runfiles; 2089s local ... (20 actions running)
[7,891 / 9,408] Creating runfiles tree bazel-out/k8-fastbuild/bin/tests/core/cross/ios_select_test_/ios_select_test.runfiles; 2090s local ... (20 actions, 19 running)
[7,894 / 9,408] Creating runfiles tree bazel-out/k8-fastbuild/bin/tests/core/cross/ios_select_test_/ios_select_test.runfiles; 2092s local ... (20 actions, 19 running)
[7,901 / 9,430] Creating runfiles tree bazel-out/k8-fastbuild/bin/tests/core/cross/ios_select_test_/ios_select_test.runfiles; 2093s local ... (20 actions running)
[7,902 / 9,430] Creating runfiles tree bazel-out/k8-fastbuild/bin/tests/core/cross/ios_select_test_/ios_select_test.runfiles; 2094s local ... (20 actions, 19 running)
[7,908 / 9,433] Creating runfiles tree bazel-out/k8-fastbuild/bin/tests/core/cross/ios_select_test_/ios_select_test.runfiles; 2096s local ... (20 actions, 19 running)
[7,908 / 9,433] Creating runfiles tree bazel-out/k8-fastbuild/bin/tests/core/cross/ios_select_test_/ios_select_test.runfiles; 2097s local ... (20 actions running)
[7,909 / 9,433] Creating runfiles tree bazel-out/k8-fastbuild/bin/tests/core/cross/ios_select_test_/ios_select_test.runfiles; 2099s local ... (20 actions running)
[7,910 / 9,433] Creating runfiles tree bazel-out/k8-fastbuild/bin/tests/core/cross/ios_select_test_/ios_select_test.runfiles; 2100s local ... (20 actions, 19 running)
[7,911 / 9,433] Creating runfiles tree bazel-out/k8-fastbuild/bin/tests/core/cross/ios_select_test_/ios_select_test.runfiles; 2102s local ... (20 actions running)
[7,914 / 9,439] Creating runfiles tree bazel-out/k8-fastbuild/bin/tests/core/cross/ios_select_test_/ios_select_test.runfiles; 2103s local ... (20 actions, 19 running)
[7,917 / 9,447] Creating runfiles tree bazel-out/k8-fastbuild/bin/tests/core/cross/ios_select_test_/ios_select_test.runfiles; 2105s local ... (20 actions running)
[7,922 / 9,448] Creating runfiles tree bazel-out/k8-fastbuild/bin/tests/core/cross/ios_select_test_/ios_select_test.runfiles; 2106s local ... (20 actions running)
[7,926 / 9,455] Creating runfiles tree bazel-out/k8-fastbuild/bin/tests/core/cross/ios_select_test_/ios_select_test.runfiles; 2108s local ... (19 actions running)
[7,930 / 9,455] Creating runfiles tree bazel-out/k8-fastbuild/bin/tests/core/cross/ios_select_test_/ios_select_test.runfiles; 2109s local ... (20 actions, 19 running)
[7,931 / 9,455] Creating runfiles tree bazel-out/k8-fastbuild/bin/tests/core/cross/ios_select_test_/ios_select_test.runfiles; 2111s local ... (19 actions running)
[7,932 / 9,455] Creating runfiles tree bazel-out/k8-fastbuild/bin/tests/core/cross/ios_select_test_/ios_select_test.runfiles; 2113s local ... (19 actions running)
[7,932 / 9,455] Creating runfiles tree bazel-out/k8-fastbuild/bin/tests/core/cross/ios_select_test_/ios_select_test.runfiles; 2116s local ... (20 actions, 19 running)
[7,941 / 9,455] Creating runfiles tree bazel-out/k8-fastbuild/bin/tests/core/cross/ios_select_test_/ios_select_test.runfiles; 2118s local ... (19 actions running)
[7,941 / 9,455] Creating runfiles tree bazel-out/k8-fastbuild/bin/tests/core/cross/ios_select_test_/ios_select_test.runfiles; 2120s local ... (20 actions, 19 running)
INFO: From Compiling src/google/protobuf/compiler/java/full/message.cc:
external/protobuf~/src/google/protobuf/compiler/java/full/message.cc: In member function 'void google::protobuf::compiler::java::ImmutableMessageGenerator::GenerateDescriptorMethods(google::protobuf::io::Printer*)':
external/protobuf~/src/google/protobuf/compiler/java/full/message.cc:807:23: warning: comparison of integer expressions of different signedness: 'int' and 'std::vector<const google::protobuf::FieldDescriptor*>::size_type' {aka 'long unsigned int'} [-Wsign-compare]
  807 |     for (int i = 0; i < map_fields.size(); ++i) {
      |                     ~~^~~~~~~~~~~~~~~~~~~
[7,945 / 9,455] Creating runfiles tree bazel-out/k8-fastbuild/bin/tests/core/cross/ios_select_test_/ios_select_test.runfiles; 2122s local ... (19 actions running)
INFO: From Compiling src/google/protobuf/compiler/java/full/message_builder.cc:
external/protobuf~/src/google/protobuf/compiler/java/full/message_builder.cc: In member function 'void google::protobuf::compiler::java::MessageBuilderGenerator::GenerateDescriptorMethods(google::protobuf::io::Printer*)':
external/protobuf~/src/google/protobuf/compiler/java/full/message_builder.cc:214:23: warning: comparison of integer expressions of different signedness: 'int' and 'std::vector<const google::protobuf::FieldDescriptor*>::size_type' {aka 'long unsigned int'} [-Wsign-compare]
  214 |     for (int i = 0; i < map_fields.size(); ++i) {
      |                     ~~^~~~~~~~~~~~~~~~~~~
external/protobuf~/src/google/protobuf/compiler/java/full/message_builder.cc:240:23: warning: comparison of integer expressions of different signedness: 'int' and 'std::vector<const google::protobuf::FieldDescriptor*>::size_type' {aka 'long unsigned int'} [-Wsign-compare]
  240 |     for (int i = 0; i < map_fields.size(); ++i) {
      |                     ~~^~~~~~~~~~~~~~~~~~~
[7,947 / 9,455] Creating runfiles tree bazel-out/k8-fastbuild/bin/tests/core/cross/ios_select_test_/ios_select_test.runfiles; 2124s local ... (19 actions running)
INFO: From Compiling src/google/protobuf/compiler/kotlin/generator.cc:
In file included from bazel-out/k8-fastbuild-ST-2f68f4c97c1a/bin/external/protobuf~/src/google/protobuf/compiler/java/_virtual_includes/helpers/google/protobuf/compiler/java/helpers.h:23,
                 from external/protobuf~/src/google/protobuf/compiler/kotlin/generator.cc:18:
bazel-out/k8-fastbuild-ST-2f68f4c97c1a/bin/external/protobuf~/src/google/protobuf/io/_virtual_includes/printer/google/protobuf/io/printer.h: In instantiation of 'void google::protobuf::io::AnnotationProtoCollector<AnnotationProto>::AddAnnotation(size_t, size_t, const std::string&, const std::vector<int>&, std::optional<google::protobuf::io::AnnotationCollector::Semantic>) [with AnnotationProto = google::protobuf::GeneratedCodeInfo; size_t = long unsigned int; std::string = std::__cxx11::basic_string<char>]':
bazel-out/k8-fastbuild-ST-2f68f4c97c1a/bin/external/protobuf~/src/google/protobuf/io/_virtual_includes/printer/google/protobuf/io/printer.h:123:8:   required from here
  123 |   void AddAnnotation(size_t begin_offset, size_t end_offset,
      |        ^~~~~~~~~~~~~
bazel-out/k8-fastbuild-ST-2f68f4c97c1a/bin/external/protobuf~/src/google/protobuf/io/_virtual_includes/printer/google/protobuf/io/printer.h:127:23: warning: comparison of integer expressions of different signedness: 'int' and 'std::vector<int>::size_type' {aka 'long unsigned int'} [-Wsign-compare]
  127 |     for (int i = 0; i < path.size(); ++i) {
      |                     ~~^~~~~~~~~~~~~
[7,949 / 9,455] Creating runfiles tree bazel-out/k8-fastbuild/bin/tests/core/cross/ios_select_test_/ios_select_test.runfiles; 2125s local ... (20 actions, 19 running)
INFO: From Compiling src/google/protobuf/compiler/kotlin/file.cc:
In file included from bazel-out/k8-fastbuild-ST-2f68f4c97c1a/bin/external/protobuf~/src/google/protobuf/compiler/java/_virtual_includes/helpers/google/protobuf/compiler/java/helpers.h:23,
                 from bazel-out/k8-fastbuild-ST-2f68f4c97c1a/bin/external/protobuf~/src/google/protobuf/compiler/java/_virtual_includes/helpers/google/protobuf/compiler/java/context.h:15,
                 from bazel-out/k8-fastbuild-ST-2f68f4c97c1a/bin/external/protobuf~/src/google/protobuf/compiler/kotlin/_virtual_includes/kotlin_internal/google/protobuf/compiler/kotlin/message.h:12,
                 from bazel-out/k8-fastbuild-ST-2f68f4c97c1a/bin/external/protobuf~/src/google/protobuf/compiler/kotlin/_virtual_includes/kotlin_internal/google/protobuf/compiler/kotlin/file.h:18,
                 from external/protobuf~/src/google/protobuf/compiler/kotlin/file.cc:8:
bazel-out/k8-fastbuild-ST-2f68f4c97c1a/bin/external/protobuf~/src/google/protobuf/io/_virtual_includes/printer/google/protobuf/io/printer.h: In instantiation of 'void google::protobuf::io::AnnotationProtoCollector<AnnotationProto>::AddAnnotation(size_t, size_t, const std::string&, const std::vector<int>&, std::optional<google::protobuf::io::AnnotationCollector::Semantic>) [with AnnotationProto = google::protobuf::GeneratedCodeInfo; size_t = long unsigned int; std::string = std::__cxx11::basic_string<char>]':
bazel-out/k8-fastbuild-ST-2f68f4c97c1a/bin/external/protobuf~/src/google/protobuf/io/_virtual_includes/printer/google/protobuf/io/printer.h:123:8:   required from here
  123 |   void AddAnnotation(size_t begin_offset, size_t end_offset,
      |        ^~~~~~~~~~~~~
bazel-out/k8-fastbuild-ST-2f68f4c97c1a/bin/external/protobuf~/src/google/protobuf/io/_virtual_includes/printer/google/protobuf/io/printer.h:127:23: warning: comparison of integer expressions of different signedness: 'int' and 'std::vector<int>::size_type' {aka 'long unsigned int'} [-Wsign-compare]
  127 |     for (int i = 0; i < path.size(); ++i) {
      |                     ~~^~~~~~~~~~~~~
[7,955 / 9,455] Creating runfiles tree bazel-out/k8-fastbuild/bin/tests/core/cross/ios_select_test_/ios_select_test.runfiles; 2127s local ... (20 actions, 19 running)
[7,956 / 9,455] Creating runfiles tree bazel-out/k8-fastbuild/bin/tests/core/cross/ios_select_test_/ios_select_test.runfiles; 2128s local ... (20 actions, 19 running)
[7,960 / 9,455] Creating runfiles tree bazel-out/k8-fastbuild/bin/tests/core/cross/ios_select_test_/ios_select_test.runfiles; 2129s local ... (19 actions, 18 running)
[7,960 / 9,455] Creating runfiles tree bazel-out/k8-fastbuild/bin/tests/core/cross/ios_select_test_/ios_select_test.runfiles; 2130s local ... (20 actions, 19 running)
[7,966 / 9,455] Creating runfiles tree bazel-out/k8-fastbuild/bin/tests/core/cross/ios_select_test_/ios_select_test.runfiles; 2132s local ... (19 actions running)
[7,967 / 9,455] Creating runfiles tree bazel-out/k8-fastbuild/bin/tests/core/cross/ios_select_test_/ios_select_test.runfiles; 2133s local ... (20 actions running)
[7,969 / 9,455] Creating runfiles tree bazel-out/k8-fastbuild/bin/tests/core/cross/ios_select_test_/ios_select_test.runfiles; 2135s local ... (20 actions running)
[7,972 / 9,455] Creating runfiles tree bazel-out/k8-fastbuild/bin/tests/core/cross/ios_select_test_/ios_select_test.runfiles; 2136s local ... (20 actions, 19 running)
[7,972 / 9,455] Creating runfiles tree bazel-out/k8-fastbuild/bin/tests/core/cross/ios_select_test_/ios_select_test.runfiles; 2138s local ... (20 actions running)
[7,973 / 9,455] Creating runfiles tree bazel-out/k8-fastbuild/bin/tests/core/cross/ios_select_test_/ios_select_test.runfiles; 2139s local ... (20 actions, 19 running)
[7,976 / 9,455] Creating runfiles tree bazel-out/k8-fastbuild/bin/tests/core/cross/ios_select_test_/ios_select_test.runfiles; 2141s local ... (20 actions, 19 running)
[7,979 / 9,455] Creating runfiles tree bazel-out/k8-fastbuild/bin/tests/core/cross/ios_select_test_/ios_select_test.runfiles; 2142s local ... (20 actions, 18 running)
[7,979 / 9,455] Creating runfiles tree bazel-out/k8-fastbuild/bin/tests/core/cross/ios_select_test_/ios_select_test.runfiles; 2143s local ... (20 actions running)
[7,982 / 9,455] Creating runfiles tree bazel-out/k8-fastbuild/bin/tests/core/cross/ios_select_test_/ios_select_test.runfiles; 2144s local ... (20 actions, 19 running)
[7,983 / 9,455] Creating runfiles tree bazel-out/k8-fastbuild/bin/tests/core/cross/ios_select_test_/ios_select_test.runfiles; 2146s local ... (20 actions running)
INFO: From Compiling src/google/protobuf/compiler/java/lite/enum.cc:
external/protobuf~/src/google/protobuf/compiler/java/lite/enum.cc: In member function 'virtual void google::protobuf::compiler::java::EnumLiteGenerator::Generate(google::protobuf::io::Printer*)':
external/protobuf~/src/google/protobuf/compiler/java/lite/enum.cc:70:21: warning: comparison of integer expressions of different signedness: 'int' and 'std::vector<const google::protobuf::EnumValueDescriptor*>::size_type' {aka 'long unsigned int'} [-Wsign-compare]
   70 |   for (int i = 0; i < canonical_values_.size(); i++) {
      |                   ~~^~~~~~~~~~~~~~~~~~~~~~~~~~
external/protobuf~/src/google/protobuf/compiler/java/lite/enum.cc:94:21: warning: comparison of integer expressions of different signedness: 'int' and 'std::vector<google::protobuf::compiler::java::EnumLiteGenerator::Alias>::size_type' {aka 'long unsigned int'} [-Wsign-compare]
   94 |   for (int i = 0; i < aliases_.size(); i++) {
      |                   ~~^~~~~~~~~~~~~~~~~
external/protobuf~/src/google/protobuf/compiler/java/lite/enum.cc:165:21: warning: comparison of integer expressions of different signedness: 'int' and 'std::vector<const google::protobuf::EnumValueDescriptor*>::size_type' {aka 'long unsigned int'} [-Wsign-compare]
  165 |   for (int i = 0; i < canonical_values_.size(); i++) {
      |                   ~~^~~~~~~~~~~~~~~~~~~~~~~~~~
[7,986 / 9,455] Creating runfiles tree bazel-out/k8-fastbuild/bin/tests/core/cross/ios_select_test_/ios_select_test.runfiles; 2147s local ... (20 actions, 18 running)
[7,988 / 9,455] Creating runfiles tree bazel-out/k8-fastbuild/bin/tests/core/cross/ios_select_test_/ios_select_test.runfiles; 2149s local ... (20 actions running)
[7,991 / 9,455] Creating runfiles tree bazel-out/k8-fastbuild/bin/tests/core/cross/ios_select_test_/ios_select_test.runfiles; 2151s local ... (20 actions running)
[7,992 / 9,455] Creating runfiles tree bazel-out/k8-fastbuild/bin/tests/core/cross/ios_select_test_/ios_select_test.runfiles; 2153s local ... (20 actions, 19 running)
[7,994 / 9,455] Creating runfiles tree bazel-out/k8-fastbuild/bin/tests/core/cross/ios_select_test_/ios_select_test.runfiles; 2154s local ... (20 actions running)
[7,995 / 9,455] Creating runfiles tree bazel-out/k8-fastbuild/bin/tests/core/cross/ios_select_test_/ios_select_test.runfiles; 2155s local ... (20 actions, 19 running)
[7,998 / 9,455] Creating runfiles tree bazel-out/k8-fastbuild/bin/tests/core/cross/ios_select_test_/ios_select_test.runfiles; 2157s local ... (20 actions running)
[8,003 / 9,455] Creating runfiles tree bazel-out/k8-fastbuild/bin/tests/core/cross/ios_select_test_/ios_select_test.runfiles; 2158s local ... (20 actions running)
[8,004 / 9,455] Creating runfiles tree bazel-out/k8-fastbuild/bin/tests/core/cross/ios_select_test_/ios_select_test.runfiles; 2159s local ... (20 actions, 19 running)
[8,006 / 9,455] Creating runfiles tree bazel-out/k8-fastbuild/bin/tests/core/cross/ios_select_test_/ios_select_test.runfiles; 2160s local ... (20 actions, 19 running)
[8,008 / 9,455] Creating runfiles tree bazel-out/k8-fastbuild/bin/tests/core/cross/ios_select_test_/ios_select_test.runfiles; 2162s local ... (20 actions running)
[8,011 / 9,455] Creating runfiles tree bazel-out/k8-fastbuild/bin/tests/core/cross/ios_select_test_/ios_select_test.runfiles; 2163s local ... (20 actions, 19 running)
[8,012 / 9,455] Creating runfiles tree bazel-out/k8-fastbuild/bin/tests/core/cross/ios_select_test_/ios_select_test.runfiles; 2165s local ... (20 actions running)
[8,014 / 9,455] Creating runfiles tree bazel-out/k8-fastbuild/bin/tests/core/cross/ios_select_test_/ios_select_test.runfiles; 2166s local ... (20 actions running)
[8,015 / 9,455] Creating runfiles tree bazel-out/k8-fastbuild/bin/tests/core/cross/ios_select_test_/ios_select_test.runfiles; 2167s local ... (20 actions, 19 running)
[8,016 / 9,455] Creating runfiles tree bazel-out/k8-fastbuild/bin/tests/core/cross/ios_select_test_/ios_select_test.runfiles; 2169s local ... (20 actions running)
[8,020 / 9,461] Creating runfiles tree bazel-out/k8-fastbuild/bin/tests/core/cross/ios_select_test_/ios_select_test.runfiles; 2171s local ... (20 actions running)
[8,023 / 9,462] Creating runfiles tree bazel-out/k8-fastbuild/bin/tests/core/cross/ios_select_test_/ios_select_test.runfiles; 2173s local ... (20 actions, 19 running)
[8,024 / 9,462] Creating runfiles tree bazel-out/k8-fastbuild/bin/tests/core/cross/ios_select_test_/ios_select_test.runfiles; 2174s local ... (21 actions, 20 running)
[8,026 / 9,468] Creating runfiles tree bazel-out/k8-fastbuild/bin/tests/core/cross/ios_select_test_/ios_select_test.runfiles; 2175s local ... (20 actions, 19 running)
[8,029 / 9,469] Creating runfiles tree bazel-out/k8-fastbuild/bin/tests/core/cross/ios_select_test_/ios_select_test.runfiles; 2177s local ... (20 actions running)
[8,031 / 9,469] Creating runfiles tree bazel-out/k8-fastbuild/bin/tests/core/cross/ios_select_test_/ios_select_test.runfiles; 2178s local ... (21 actions, 20 running)
[8,032 / 9,469] Creating runfiles tree bazel-out/k8-fastbuild/bin/tests/core/cross/ios_select_test_/ios_select_test.runfiles; 2180s local ... (20 actions, 19 running)
[8,032 / 9,469] Creating runfiles tree bazel-out/k8-fastbuild/bin/tests/core/cross/ios_select_test_/ios_select_test.runfiles; 2181s local ... (20 actions running)
[8,035 / 9,469] Creating runfiles tree bazel-out/k8-fastbuild/bin/tests/core/cross/ios_select_test_/ios_select_test.runfiles; 2183s local ... (20 actions, 19 running)
[8,035 / 9,469] Creating runfiles tree bazel-out/k8-fastbuild/bin/tests/core/cross/ios_select_test_/ios_select_test.runfiles; 2184s local ... (21 actions, 20 running)
[8,036 / 9,469] Creating runfiles tree bazel-out/k8-fastbuild/bin/tests/core/cross/ios_select_test_/ios_select_test.runfiles; 2186s local ... (20 actions running)
[8,039 / 9,469] Creating runfiles tree bazel-out/k8-fastbuild/bin/tests/core/cross/ios_select_test_/ios_select_test.runfiles; 2187s local ... (20 actions, 19 running)
[8,039 / 9,469] Creating runfiles tree bazel-out/k8-fastbuild/bin/tests/core/cross/ios_select_test_/ios_select_test.runfiles; 2189s local ... (21 actions, 20 running)
[8,040 / 9,469] Creating runfiles tree bazel-out/k8-fastbuild/bin/tests/core/cross/ios_select_test_/ios_select_test.runfiles; 2192s local ... (20 actions, 19 running)
[8,040 / 9,469] Creating runfiles tree bazel-out/k8-fastbuild/bin/tests/core/cross/ios_select_test_/ios_select_test.runfiles; 2194s local ... (20 actions running)
[8,041 / 9,469] Creating runfiles tree bazel-out/k8-fastbuild/bin/tests/core/cross/ios_select_test_/ios_select_test.runfiles; 2195s local ... (20 actions, 19 running)
[8,042 / 9,469] Creating runfiles tree bazel-out/k8-fastbuild/bin/tests/core/cross/ios_select_test_/ios_select_test.runfiles; 2197s local ... (21 actions, 20 running)
[8,043 / 9,469] Creating runfiles tree bazel-out/k8-fastbuild/bin/tests/core/cross/ios_select_test_/ios_select_test.runfiles; 2199s local ... (21 actions, 20 running)
[8,044 / 9,469] Creating runfiles tree bazel-out/k8-fastbuild/bin/tests/core/cross/ios_select_test_/ios_select_test.runfiles; 2201s local ... (20 actions running)
[8,046 / 9,469] Creating runfiles tree bazel-out/k8-fastbuild/bin/tests/core/cross/ios_select_test_/ios_select_test.runfiles; 2203s local ... (21 actions, 20 running)
[8,047 / 9,469] Creating runfiles tree bazel-out/k8-fastbuild/bin/tests/core/cross/ios_select_test_/ios_select_test.runfiles; 2205s local ... (21 actions, 20 running)
[8,048 / 9,469] Creating runfiles tree bazel-out/k8-fastbuild/bin/tests/core/cross/ios_select_test_/ios_select_test.runfiles; 2207s local ... (20 actions running)
[8,049 / 9,469] Creating runfiles tree bazel-out/k8-fastbuild/bin/tests/core/cross/ios_select_test_/ios_select_test.runfiles; 2209s local ... (20 actions, 19 running)
[8,050 / 9,469] Creating runfiles tree bazel-out/k8-fastbuild/bin/tests/core/cross/ios_select_test_/ios_select_test.runfiles; 2211s local ... (21 actions, 20 running)
[8,051 / 9,469] Creating runfiles tree bazel-out/k8-fastbuild/bin/tests/core/cross/ios_select_test_/ios_select_test.runfiles; 2213s local ... (21 actions, 20 running)
[8,052 / 9,469] Creating runfiles tree bazel-out/k8-fastbuild/bin/tests/core/cross/ios_select_test_/ios_select_test.runfiles; 2218s local ... (20 actions, 19 running)
[8,052 / 9,469] Creating runfiles tree bazel-out/k8-fastbuild/bin/tests/core/cross/ios_select_test_/ios_select_test.runfiles; 2220s local ... (21 actions, 20 running)
[8,053 / 9,469] Creating runfiles tree bazel-out/k8-fastbuild/bin/tests/core/cross/ios_select_test_/ios_select_test.runfiles; 2222s local ... (21 actions, 20 running)
[8,054 / 9,469] Creating runfiles tree bazel-out/k8-fastbuild/bin/tests/core/cross/ios_select_test_/ios_select_test.runfiles; 2223s local ... (20 actions, 19 running)
[8,054 / 9,469] Creating runfiles tree bazel-out/k8-fastbuild/bin/tests/core/cross/ios_select_test_/ios_select_test.runfiles; 2225s local ... (21 actions, 20 running)
[8,055 / 9,469] Creating runfiles tree bazel-out/k8-fastbuild/bin/tests/core/cross/ios_select_test_/ios_select_test.runfiles; 2226s local ... (20 actions, 19 running)
[8,056 / 9,469] Creating runfiles tree bazel-out/k8-fastbuild/bin/tests/core/cross/ios_select_test_/ios_select_test.runfiles; 2228s local ... (20 actions, 19 running)
[8,056 / 9,475] Creating runfiles tree bazel-out/k8-fastbuild/bin/tests/core/cross/ios_select_test_/ios_select_test.runfiles; 2229s local ... (20 actions running)
[8,058 / 9,476] Creating runfiles tree bazel-out/k8-fastbuild/bin/tests/core/cross/ios_select_test_/ios_select_test.runfiles; 2230s local ... (20 actions, 19 running)
[8,060 / 9,476] Creating runfiles tree bazel-out/k8-fastbuild/bin/tests/core/cross/ios_select_test_/ios_select_test.runfiles; 2232s local ... (20 actions running)
[8,061 / 9,476] Creating runfiles tree bazel-out/k8-fastbuild/bin/tests/core/cross/ios_select_test_/ios_select_test.runfiles; 2233s local ... (20 actions, 19 running)
[8,062 / 9,476] Creating runfiles tree bazel-out/k8-fastbuild/bin/tests/core/cross/ios_select_test_/ios_select_test.runfiles; 2235s local ... (21 actions, 20 running)
[8,066 / 9,484] Creating runfiles tree bazel-out/k8-fastbuild/bin/tests/core/cross/ios_select_test_/ios_select_test.runfiles; 2236s local ... (20 actions, 19 running)
[8,067 / 9,484] Creating runfiles tree bazel-out/k8-fastbuild/bin/tests/core/cross/ios_select_test_/ios_select_test.runfiles; 2238s local ... (20 actions running)
[8,069 / 9,484] Creating runfiles tree bazel-out/k8-fastbuild/bin/tests/core/cross/ios_select_test_/ios_select_test.runfiles; 2240s local ... (21 actions, 20 running)
[8,070 / 9,484] Creating runfiles tree bazel-out/k8-fastbuild/bin/tests/core/cross/ios_select_test_/ios_select_test.runfiles; 2242s local ... (20 actions, 19 running)
[8,071 / 9,484] Creating runfiles tree bazel-out/k8-fastbuild/bin/tests/core/cross/ios_select_test_/ios_select_test.runfiles; 2243s local ... (20 actions, 19 running)
[8,071 / 9,484] Creating runfiles tree bazel-out/k8-fastbuild/bin/tests/core/cross/ios_select_test_/ios_select_test.runfiles; 2245s local ... (21 actions, 20 running)
[8,072 / 9,484] Creating runfiles tree bazel-out/k8-fastbuild/bin/tests/core/cross/ios_select_test_/ios_select_test.runfiles; 2246s local ... (20 actions, 19 running)
[8,073 / 9,484] Creating runfiles tree bazel-out/k8-fastbuild/bin/tests/core/cross/ios_select_test_/ios_select_test.runfiles; 2248s local ... (20 actions running)
[8,074 / 9,484] Creating runfiles tree bazel-out/k8-fastbuild/bin/tests/core/cross/ios_select_test_/ios_select_test.runfiles; 2249s local ... (20 actions, 19 running)
[8,075 / 9,484] Creating runfiles tree bazel-out/k8-fastbuild/bin/tests/core/cross/ios_select_test_/ios_select_test.runfiles; 2251s local ... (21 actions, 20 running)
[8,076 / 9,484] Creating runfiles tree bazel-out/k8-fastbuild/bin/tests/core/cross/ios_select_test_/ios_select_test.runfiles; 2252s local ... (20 actions, 19 running)
[8,076 / 9,484] Creating runfiles tree bazel-out/k8-fastbuild/bin/tests/core/cross/ios_select_test_/ios_select_test.runfiles; 2254s local ... (21 actions, 20 running)
[8,077 / 9,484] Creating runfiles tree bazel-out/k8-fastbuild/bin/tests/core/cross/ios_select_test_/ios_select_test.runfiles; 2255s local ... (20 actions, 19 running)
[8,077 / 9,484] Creating runfiles tree bazel-out/k8-fastbuild/bin/tests/core/cross/ios_select_test_/ios_select_test.runfiles; 2257s local ... (20 actions running)
[8,078 / 9,484] Creating runfiles tree bazel-out/k8-fastbuild/bin/tests/core/cross/ios_select_test_/ios_select_test.runfiles; 2262s local ... (20 actions, 19 running)
[8,079 / 9,484] Creating runfiles tree bazel-out/k8-fastbuild/bin/tests/core/cross/ios_select_test_/ios_select_test.runfiles; 2264s local ... (21 actions, 20 running)
[8,080 / 9,484] Creating runfiles tree bazel-out/k8-fastbuild/bin/tests/core/cross/ios_select_test_/ios_select_test.runfiles; 2265s local ... (20 actions, 19 running)
[8,081 / 9,484] Creating runfiles tree bazel-out/k8-fastbuild/bin/tests/core/cross/ios_select_test_/ios_select_test.runfiles; 2267s local ... (20 actions running)
[8,083 / 9,484] Creating runfiles tree bazel-out/k8-fastbuild/bin/tests/core/cross/ios_select_test_/ios_select_test.runfiles; 2269s local ... (21 actions, 20 running)
[8,084 / 9,484] Creating runfiles tree bazel-out/k8-fastbuild/bin/tests/core/cross/ios_select_test_/ios_select_test.runfiles; 2274s local ... (20 actions, 19 running)
[8,084 / 9,484] Creating runfiles tree bazel-out/k8-fastbuild/bin/tests/core/cross/ios_select_test_/ios_select_test.runfiles; 2276s local ... (21 actions, 20 running)
[8,085 / 9,484] Creating runfiles tree bazel-out/k8-fastbuild/bin/tests/core/cross/ios_select_test_/ios_select_test.runfiles; 2279s local ... (20 actions, 19 running)
[8,085 / 9,484] Creating runfiles tree bazel-out/k8-fastbuild/bin/tests/core/cross/ios_select_test_/ios_select_test.runfiles; 2281s local ... (20 actions running)
[8,087 / 9,484] Creating runfiles tree bazel-out/k8-fastbuild/bin/tests/core/cross/ios_select_test_/ios_select_test.runfiles; 2282s local ... (20 actions, 19 running)
[8,087 / 9,484] Creating runfiles tree bazel-out/k8-fastbuild/bin/tests/core/cross/ios_select_test_/ios_select_test.runfiles; 2284s local ... (21 actions, 20 running)
[8,088 / 9,484] Creating runfiles tree bazel-out/k8-fastbuild/bin/tests/core/cross/ios_select_test_/ios_select_test.runfiles; 2285s local ... (21 actions, 20 running)
[8,089 / 9,484] Creating runfiles tree bazel-out/k8-fastbuild/bin/tests/core/cross/ios_select_test_/ios_select_test.runfiles; 2287s local ... (20 actions running)
[8,091 / 9,484] Creating runfiles tree bazel-out/k8-fastbuild/bin/tests/core/cross/ios_select_test_/ios_select_test.runfiles; 2289s local ... (21 actions, 20 running)
[8,092 / 9,484] Creating runfiles tree bazel-out/k8-fastbuild/bin/tests/core/cross/ios_select_test_/ios_select_test.runfiles; 2291s local ... (21 actions, 20 running)
[8,093 / 9,484] Creating runfiles tree bazel-out/k8-fastbuild/bin/tests/core/cross/ios_select_test_/ios_select_test.runfiles; 2296s local ... (20 actions, 19 running)
[8,093 / 9,484] Creating runfiles tree bazel-out/k8-fastbuild/bin/tests/core/cross/ios_select_test_/ios_select_test.runfiles; 2298s local ... (21 actions, 20 running)
[8,094 / 9,484] Creating runfiles tree bazel-out/k8-fastbuild/bin/tests/core/cross/ios_select_test_/ios_select_test.runfiles; 2300s local ... (20 actions, 19 running)
[8,095 / 9,484] Creating runfiles tree bazel-out/k8-fastbuild/bin/tests/core/cross/ios_select_test_/ios_select_test.runfiles; 2301s local ... (20 actions, 19 running)
[8,097 / 9,484] Creating runfiles tree bazel-out/k8-fastbuild/bin/tests/core/cross/ios_select_test_/ios_select_test.runfiles; 2302s local ... (20 actions, 19 running)
[8,097 / 9,484] Creating runfiles tree bazel-out/k8-fastbuild/bin/tests/core/cross/ios_select_test_/ios_select_test.runfiles; 2304s local ... (20 actions running)
[8,098 / 9,484] Creating runfiles tree bazel-out/k8-fastbuild/bin/tests/core/cross/ios_select_test_/ios_select_test.runfiles; 2306s local ... (20 actions, 19 running)
[8,100 / 9,484] Creating runfiles tree bazel-out/k8-fastbuild/bin/tests/core/cross/ios_select_test_/ios_select_test.runfiles; 2308s local ... (21 actions, 20 running)
[8,101 / 9,484] Creating runfiles tree bazel-out/k8-fastbuild/bin/tests/core/cross/ios_select_test_/ios_select_test.runfiles; 2310s local ... (20 actions, 19 running)
[8,101 / 9,484] Creating runfiles tree bazel-out/k8-fastbuild/bin/tests/core/cross/ios_select_test_/ios_select_test.runfiles; 2311s local ... (20 actions running)
[8,102 / 9,484] Creating runfiles tree bazel-out/k8-fastbuild/bin/tests/core/cross/ios_select_test_/ios_select_test.runfiles; 2314s local ... (20 actions, 19 running)
[8,104 / 9,484] Creating runfiles tree bazel-out/k8-fastbuild/bin/tests/core/cross/ios_select_test_/ios_select_test.runfiles; 2316s local ... (21 actions, 20 running)
INFO: From Compiling src/google/protobuf/compiler/java/full/enum.cc [for tool]:
external/protobuf~/src/google/protobuf/compiler/java/full/enum.cc: In member function 'virtual void google::protobuf::compiler::java::EnumNonLiteGenerator::Generate(google::protobuf::io::Printer*)':
external/protobuf~/src/google/protobuf/compiler/java/full/enum.cc:77:21: warning: comparison of integer expressions of different signedness: 'int' and 'std::vector<const google::protobuf::EnumValueDescriptor*>::size_type' {aka 'long unsigned int'} [-Wsign-compare]
   77 |   for (int i = 0; i < canonical_values_.size(); i++) {
      |                   ~~^~~~~~~~~~~~~~~~~~~~~~~~~~
external/protobuf~/src/google/protobuf/compiler/java/full/enum.cc:85:21: warning: comparison of integer expressions of different signedness: 'int' and 'std::vector<const google::protobuf::EnumValueDescriptor*>::size_type' {aka 'long unsigned int'} [-Wsign-compare]
   85 |   for (int i = 0; i < canonical_values_.size(); i++) {
      |                   ~~^~~~~~~~~~~~~~~~~~~~~~~~~~
external/protobuf~/src/google/protobuf/compiler/java/full/enum.cc:125:21: warning: comparison of integer expressions of different signedness: 'int' and 'std::vector<google::protobuf::compiler::java::EnumNonLiteGenerator::Alias>::size_type' {aka 'long unsigned int'} [-Wsign-compare]
  125 |   for (int i = 0; i < aliases_.size(); i++) {
      |                   ~~^~~~~~~~~~~~~~~~~
external/protobuf~/src/google/protobuf/compiler/java/full/enum.cc:209:21: warning: comparison of integer expressions of different signedness: 'int' and 'std::vector<const google::protobuf::EnumValueDescriptor*>::size_type' {aka 'long unsigned int'} [-Wsign-compare]
  209 |   for (int i = 0; i < canonical_values_.size(); i++) {
      |                   ~~^~~~~~~~~~~~~~~~~~~~~~~~~~
external/protobuf~/src/google/protobuf/compiler/java/full/enum.cc: In member function 'bool google::protobuf::compiler::java::EnumNonLiteGenerator::CanUseEnumValues()':
external/protobuf~/src/google/protobuf/compiler/java/full/enum.cc:383:32: warning: comparison of integer expressions of different signedness: 'std::vector<const google::protobuf::EnumValueDescriptor*>::size_type' {aka 'long unsigned int'} and 'int' [-Wsign-compare]
  383 |   if (canonical_values_.size() != descriptor_->value_count()) {
      |       ~~~~~~~~~~~~~~~~~~~~~~~~~^~~~~~~~~~~~~~~~~~~~~~~~~~~~~
[8,105 / 9,484] Creating runfiles tree bazel-out/k8-fastbuild/bin/tests/core/cross/ios_select_test_/ios_select_test.runfiles; 2317s local ... (20 actions, 19 running)
[8,105 / 9,484] Creating runfiles tree bazel-out/k8-fastbuild/bin/tests/core/cross/ios_select_test_/ios_select_test.runfiles; 2319s local ... (20 actions running)
[8,106 / 9,484] Creating runfiles tree bazel-out/k8-fastbuild/bin/tests/core/cross/ios_select_test_/ios_select_test.runfiles; 2322s local ... (20 actions, 19 running)
[8,108 / 9,484] Creating runfiles tree bazel-out/k8-fastbuild/bin/tests/core/cross/ios_select_test_/ios_select_test.runfiles; 2324s local ... (21 actions, 20 running)
[8,109 / 9,484] Creating runfiles tree bazel-out/k8-fastbuild/bin/tests/core/cross/ios_select_test_/ios_select_test.runfiles; 2325s local ... (20 actions, 19 running)
[8,109 / 9,484] Creating runfiles tree bazel-out/k8-fastbuild/bin/tests/core/cross/ios_select_test_/ios_select_test.runfiles; 2327s local ... (20 actions running)
[8,110 / 9,484] Creating runfiles tree bazel-out/k8-fastbuild/bin/tests/core/cross/ios_select_test_/ios_select_test.runfiles; 2328s local ... (20 actions, 19 running)
[8,112 / 9,484] Creating runfiles tree bazel-out/k8-fastbuild/bin/tests/core/cross/ios_select_test_/ios_select_test.runfiles; 2330s local ... (21 actions, 20 running)
[8,113 / 9,484] Creating runfiles tree bazel-out/k8-fastbuild/bin/tests/core/cross/ios_select_test_/ios_select_test.runfiles; 2332s local ... (21 actions, 20 running)
[8,114 / 9,484] Creating runfiles tree bazel-out/k8-fastbuild/bin/tests/core/cross/ios_select_test_/ios_select_test.runfiles; 2333s local ... (20 actions running)
[8,115 / 9,484] Creating runfiles tree bazel-out/k8-fastbuild/bin/tests/core/cross/ios_select_test_/ios_select_test.runfiles; 2335s local ... (20 actions, 19 running)
[8,116 / 9,484] Creating runfiles tree bazel-out/k8-fastbuild/bin/tests/core/cross/ios_select_test_/ios_select_test.runfiles; 2336s local ... (21 actions, 20 running)
[8,117 / 9,484] Creating runfiles tree bazel-out/k8-fastbuild/bin/tests/core/cross/ios_select_test_/ios_select_test.runfiles; 2337s local ... (20 actions, 19 running)
[8,118 / 9,484] Creating runfiles tree bazel-out/k8-fastbuild/bin/tests/core/cross/ios_select_test_/ios_select_test.runfiles; 2338s local ... (21 actions, 19 running)
[8,118 / 9,484] Creating runfiles tree bazel-out/k8-fastbuild/bin/tests/core/cross/ios_select_test_/ios_select_test.runfiles; 2340s local ... (21 actions, 20 running)
[8,119 / 9,484] Creating runfiles tree bazel-out/k8-fastbuild/bin/tests/core/cross/ios_select_test_/ios_select_test.runfiles; 2342s local ... (21 actions, 20 running)
[8,120 / 9,484] Creating runfiles tree bazel-out/k8-fastbuild/bin/tests/core/cross/ios_select_test_/ios_select_test.runfiles; 2344s local ... (21 actions, 20 running)
[8,121 / 9,484] Creating runfiles tree bazel-out/k8-fastbuild/bin/tests/core/cross/ios_select_test_/ios_select_test.runfiles; 2346s local ... (20 actions running)
[8,122 / 9,484] Creating runfiles tree bazel-out/k8-fastbuild/bin/tests/core/cross/ios_select_test_/ios_select_test.runfiles; 2347s local ... (21 actions, 20 running)
[8,123 / 9,484] Creating runfiles tree bazel-out/k8-fastbuild/bin/tests/core/cross/ios_select_test_/ios_select_test.runfiles; 2349s local ... (21 actions, 20 running)
[8,124 / 9,484] Creating runfiles tree bazel-out/k8-fastbuild/bin/tests/core/cross/ios_select_test_/ios_select_test.runfiles; 2351s local ... (21 actions, 20 running)
[8,125 / 9,484] Creating runfiles tree bazel-out/k8-fastbuild/bin/tests/core/cross/ios_select_test_/ios_select_test.runfiles; 2353s local ... (20 actions running)
[8,126 / 9,484] Creating runfiles tree bazel-out/k8-fastbuild/bin/tests/core/cross/ios_select_test_/ios_select_test.runfiles; 2355s local ... (20 actions, 19 running)
[8,127 / 9,484] Creating runfiles tree bazel-out/k8-fastbuild/bin/tests/core/cross/ios_select_test_/ios_select_test.runfiles; 2356s local ... (21 actions, 20 running)
[8,128 / 9,484] Creating runfiles tree bazel-out/k8-fastbuild/bin/tests/core/cross/ios_select_test_/ios_select_test.runfiles; 2357s local ... (20 actions, 19 running)
[8,128 / 9,484] Creating runfiles tree bazel-out/k8-fastbuild/bin/tests/core/cross/ios_select_test_/ios_select_test.runfiles; 2359s local ... (21 actions, 19 running)
[8,128 / 9,484] Creating runfiles tree bazel-out/k8-fastbuild/bin/tests/core/cross/ios_select_test_/ios_select_test.runfiles; 2361s local ... (21 actions, 20 running)
[8,129 / 9,484] Creating runfiles tree bazel-out/k8-fastbuild/bin/tests/core/cross/ios_select_test_/ios_select_test.runfiles; 2362s local ... (20 actions, 19 running)
[8,129 / 9,484] Creating runfiles tree bazel-out/k8-fastbuild/bin/tests/core/cross/ios_select_test_/ios_select_test.runfiles; 2364s local ... (21 actions, 20 running)
[8,131 / 9,484] Creating runfiles tree bazel-out/k8-fastbuild/bin/tests/core/cross/ios_select_test_/ios_select_test.runfiles; 2365s local ... (20 actions, 19 running)
[8,131 / 9,484] Creating runfiles tree bazel-out/k8-fastbuild/bin/tests/core/cross/ios_select_test_/ios_select_test.runfiles; 2367s local ... (21 actions, 20 running)
[8,132 / 9,484] Creating runfiles tree bazel-out/k8-fastbuild/bin/tests/core/cross/ios_select_test_/ios_select_test.runfiles; 2368s local ... (21 actions, 20 running)
[8,133 / 9,484] Creating runfiles tree bazel-out/k8-fastbuild/bin/tests/core/cross/ios_select_test_/ios_select_test.runfiles; 2370s local ... (20 actions, 19 running)
[8,133 / 9,484] Creating runfiles tree bazel-out/k8-fastbuild/bin/tests/core/cross/ios_select_test_/ios_select_test.runfiles; 2371s local ... (21 actions, 20 running)
[8,134 / 9,484] Creating runfiles tree bazel-out/k8-fastbuild/bin/tests/core/cross/ios_select_test_/ios_select_test.runfiles; 2373s local ... (21 actions, 20 running)
[8,135 / 9,490] Creating runfiles tree bazel-out/k8-fastbuild/bin/tests/core/cross/ios_select_test_/ios_select_test.runfiles; 2374s local ... (20 actions running)
[8,140 / 9,491] Creating runfiles tree bazel-out/k8-fastbuild/bin/tests/core/cross/ios_select_test_/ios_select_test.runfiles; 2375s local ... (20 actions, 19 running)
[8,143 / 9,498] Creating runfiles tree bazel-out/k8-fastbuild/bin/tests/core/cross/ios_select_test_/ios_select_test.runfiles; 2377s local ... (21 actions, 20 running)
[8,148 / 9,506] Creating runfiles tree bazel-out/k8-fastbuild/bin/tests/core/cross/ios_select_test_/ios_select_test.runfiles; 2379s local ... (20 actions running)
[8,149 / 9,506] Creating runfiles tree bazel-out/k8-fastbuild/bin/tests/core/cross/ios_select_test_/ios_select_test.runfiles; 2380s local ... (21 actions, 20 running)
[8,150 / 9,506] Creating runfiles tree bazel-out/k8-fastbuild/bin/tests/core/cross/ios_select_test_/ios_select_test.runfiles; 2382s local ... (21 actions, 20 running)
[8,151 / 9,506] Creating runfiles tree bazel-out/k8-fastbuild/bin/tests/core/cross/ios_select_test_/ios_select_test.runfiles; 2383s local ... (20 actions, 19 running)
[8,152 / 9,506] Creating runfiles tree bazel-out/k8-fastbuild/bin/tests/core/cross/ios_select_test_/ios_select_test.runfiles; 2384s local ... (20 actions, 19 running)
[8,154 / 9,506] Creating runfiles tree bazel-out/k8-fastbuild/bin/tests/core/cross/ios_select_test_/ios_select_test.runfiles; 2386s local ... (21 actions, 20 running)
[8,155 / 9,506] Creating runfiles tree bazel-out/k8-fastbuild/bin/tests/core/cross/ios_select_test_/ios_select_test.runfiles; 2387s local ... (21 actions, 20 running)
[8,156 / 9,506] Creating runfiles tree bazel-out/k8-fastbuild/bin/tests/core/cross/ios_select_test_/ios_select_test.runfiles; 2391s local ... (20 actions, 19 running)
[8,156 / 9,506] Creating runfiles tree bazel-out/k8-fastbuild/bin/tests/core/cross/ios_select_test_/ios_select_test.runfiles; 2393s local ... (20 actions running)
[8,158 / 9,506] Creating runfiles tree bazel-out/k8-fastbuild/bin/tests/core/cross/ios_select_test_/ios_select_test.runfiles; 2395s local ... (21 actions, 20 running)
INFO: From Compiling src/google/protobuf/compiler/java/full/message.cc [for tool]:
external/protobuf~/src/google/protobuf/compiler/java/full/message.cc: In member function 'void google::protobuf::compiler::java::ImmutableMessageGenerator::GenerateDescriptorMethods(google::protobuf::io::Printer*)':
external/protobuf~/src/google/protobuf/compiler/java/full/message.cc:807:23: warning: comparison of integer expressions of different signedness: 'int' and 'std::vector<const google::protobuf::FieldDescriptor*>::size_type' {aka 'long unsigned int'} [-Wsign-compare]
  807 |     for (int i = 0; i < map_fields.size(); ++i) {
      |                     ~~^~~~~~~~~~~~~~~~~~~
[8,159 / 9,506] Creating runfiles tree bazel-out/k8-fastbuild/bin/tests/core/cross/ios_select_test_/ios_select_test.runfiles; 2397s local ... (20 actions, 19 running)
[8,159 / 9,506] Creating runfiles tree bazel-out/k8-fastbuild/bin/tests/core/cross/ios_select_test_/ios_select_test.runfiles; 2399s local ... (21 actions, 20 running)
[8,160 / 9,506] Creating runfiles tree bazel-out/k8-fastbuild/bin/tests/core/cross/ios_select_test_/ios_select_test.runfiles; 2400s local ... (21 actions, 20 running)
INFO: From Compiling src/google/protobuf/compiler/java/full/message_builder.cc [for tool]:
external/protobuf~/src/google/protobuf/compiler/java/full/message_builder.cc: In member function 'void google::protobuf::compiler::java::MessageBuilderGenerator::GenerateDescriptorMethods(google::protobuf::io::Printer*)':
external/protobuf~/src/google/protobuf/compiler/java/full/message_builder.cc:214:23: warning: comparison of integer expressions of different signedness: 'int' and 'std::vector<const google::protobuf::FieldDescriptor*>::size_type' {aka 'long unsigned int'} [-Wsign-compare]
  214 |     for (int i = 0; i < map_fields.size(); ++i) {
      |                     ~~^~~~~~~~~~~~~~~~~~~
external/protobuf~/src/google/protobuf/compiler/java/full/message_builder.cc:240:23: warning: comparison of integer expressions of different signedness: 'int' and 'std::vector<const google::protobuf::FieldDescriptor*>::size_type' {aka 'long unsigned int'} [-Wsign-compare]
  240 |     for (int i = 0; i < map_fields.size(); ++i) {
      |                     ~~^~~~~~~~~~~~~~~~~~~
[8,161 / 9,506] Creating runfiles tree bazel-out/k8-fastbuild/bin/tests/core/cross/ios_select_test_/ios_select_test.runfiles; 2401s local ... (20 actions, 19 running)
[8,161 / 9,506] Creating runfiles tree bazel-out/k8-fastbuild/bin/tests/core/cross/ios_select_test_/ios_select_test.runfiles; 2403s local ... (20 actions running)
[8,162 / 9,506] Creating runfiles tree bazel-out/k8-fastbuild/bin/tests/core/cross/ios_select_test_/ios_select_test.runfiles; 2405s local ... (20 actions, 19 running)
[8,163 / 9,506] Creating runfiles tree bazel-out/k8-fastbuild/bin/tests/core/cross/ios_select_test_/ios_select_test.runfiles; 2406s local ... (21 actions, 20 running)
[8,164 / 9,506] Creating runfiles tree bazel-out/k8-fastbuild/bin/tests/core/cross/ios_select_test_/ios_select_test.runfiles; 2407s local ... (20 actions, 19 running)
[8,164 / 9,506] Creating runfiles tree bazel-out/k8-fastbuild/bin/tests/core/cross/ios_select_test_/ios_select_test.runfiles; 2409s local ... (20 actions running)
INFO: From Compiling src/google/protobuf/compiler/kotlin/generator.cc [for tool]:
In file included from bazel-out/k8-opt-exec-ST-d57f47055a04/bin/external/protobuf~/src/google/protobuf/compiler/java/_virtual_includes/helpers/google/protobuf/compiler/java/helpers.h:23,
                 from external/protobuf~/src/google/protobuf/compiler/kotlin/generator.cc:18:
bazel-out/k8-opt-exec-ST-d57f47055a04/bin/external/protobuf~/src/google/protobuf/io/_virtual_includes/printer/google/protobuf/io/printer.h: In instantiation of 'void google::protobuf::io::AnnotationProtoCollector<AnnotationProto>::AddAnnotation(size_t, size_t, const std::string&, const std::vector<int>&, std::optional<google::protobuf::io::AnnotationCollector::Semantic>) [with AnnotationProto = google::protobuf::GeneratedCodeInfo; size_t = long unsigned int; std::string = std::__cxx11::basic_string<char>]':
bazel-out/k8-opt-exec-ST-d57f47055a04/bin/external/protobuf~/src/google/protobuf/io/_virtual_includes/printer/google/protobuf/io/printer.h:123:8:   required from here
  123 |   void AddAnnotation(size_t begin_offset, size_t end_offset,
      |        ^~~~~~~~~~~~~
bazel-out/k8-opt-exec-ST-d57f47055a04/bin/external/protobuf~/src/google/protobuf/io/_virtual_includes/printer/google/protobuf/io/printer.h:127:23: warning: comparison of integer expressions of different signedness: 'int' and 'std::vector<int>::size_type' {aka 'long unsigned int'} [-Wsign-compare]
  127 |     for (int i = 0; i < path.size(); ++i) {
      |                     ~~^~~~~~~~~~~~~
[8,167 / 9,506] Creating runfiles tree bazel-out/k8-fastbuild/bin/tests/core/cross/ios_select_test_/ios_select_test.runfiles; 2410s local ... (20 actions, 19 running)
[8,167 / 9,506] Creating runfiles tree bazel-out/k8-fastbuild/bin/tests/core/cross/ios_select_test_/ios_select_test.runfiles; 2412s local ... (21 actions, 20 running)
[8,168 / 9,506] Creating runfiles tree bazel-out/k8-fastbuild/bin/tests/core/cross/ios_select_test_/ios_select_test.runfiles; 2414s local ... (20 actions running)
INFO: From Compiling src/google/protobuf/compiler/kotlin/file.cc [for tool]:
In file included from bazel-out/k8-opt-exec-ST-d57f47055a04/bin/external/protobuf~/src/google/protobuf/compiler/java/_virtual_includes/helpers/google/protobuf/compiler/java/helpers.h:23,
                 from bazel-out/k8-opt-exec-ST-d57f47055a04/bin/external/protobuf~/src/google/protobuf/compiler/java/_virtual_includes/helpers/google/protobuf/compiler/java/context.h:15,
                 from bazel-out/k8-opt-exec-ST-d57f47055a04/bin/external/protobuf~/src/google/protobuf/compiler/kotlin/_virtual_includes/kotlin_internal/google/protobuf/compiler/kotlin/message.h:12,
                 from bazel-out/k8-opt-exec-ST-d57f47055a04/bin/external/protobuf~/src/google/protobuf/compiler/kotlin/_virtual_includes/kotlin_internal/google/protobuf/compiler/kotlin/file.h:18,
                 from external/protobuf~/src/google/protobuf/compiler/kotlin/file.cc:8:
bazel-out/k8-opt-exec-ST-d57f47055a04/bin/external/protobuf~/src/google/protobuf/io/_virtual_includes/printer/google/protobuf/io/printer.h: In instantiation of 'void google::protobuf::io::AnnotationProtoCollector<AnnotationProto>::AddAnnotation(size_t, size_t, const std::string&, const std::vector<int>&, std::optional<google::protobuf::io::AnnotationCollector::Semantic>) [with AnnotationProto = google::protobuf::GeneratedCodeInfo; size_t = long unsigned int; std::string = std::__cxx11::basic_string<char>]':
bazel-out/k8-opt-exec-ST-d57f47055a04/bin/external/protobuf~/src/google/protobuf/io/_virtual_includes/printer/google/protobuf/io/printer.h:123:8:   required from here
  123 |   void AddAnnotation(size_t begin_offset, size_t end_offset,
      |        ^~~~~~~~~~~~~
bazel-out/k8-opt-exec-ST-d57f47055a04/bin/external/protobuf~/src/google/protobuf/io/_virtual_includes/printer/google/protobuf/io/printer.h:127:23: warning: comparison of integer expressions of different signedness: 'int' and 'std::vector<int>::size_type' {aka 'long unsigned int'} [-Wsign-compare]
  127 |     for (int i = 0; i < path.size(); ++i) {
      |                     ~~^~~~~~~~~~~~~
[8,170 / 9,506] Creating runfiles tree bazel-out/k8-fastbuild/bin/tests/core/cross/ios_select_test_/ios_select_test.runfiles; 2416s local ... (21 actions, 20 running)
[8,171 / 9,506] Creating runfiles tree bazel-out/k8-fastbuild/bin/tests/core/cross/ios_select_test_/ios_select_test.runfiles; 2417s local ... (20 actions running)
[8,172 / 9,506] Creating runfiles tree bazel-out/k8-fastbuild/bin/tests/core/cross/ios_select_test_/ios_select_test.runfiles; 2419s local ... (20 actions, 19 running)
[8,173 / 9,506] Creating runfiles tree bazel-out/k8-fastbuild/bin/tests/core/cross/ios_select_test_/ios_select_test.runfiles; 2421s local ... (21 actions, 20 running)
[8,174 / 9,506] Creating runfiles tree bazel-out/k8-fastbuild/bin/tests/core/cross/ios_select_test_/ios_select_test.runfiles; 2422s local ... (21 actions, 20 running)
[8,175 / 9,506] Creating runfiles tree bazel-out/k8-fastbuild/bin/tests/core/cross/ios_select_test_/ios_select_test.runfiles; 2423s local ... (20 actions, 19 running)
[8,175 / 9,506] Creating runfiles tree bazel-out/k8-fastbuild/bin/tests/core/cross/ios_select_test_/ios_select_test.runfiles; 2425s local ... (21 actions, 20 running)
[8,176 / 9,506] Creating runfiles tree bazel-out/k8-fastbuild/bin/tests/core/cross/ios_select_test_/ios_select_test.runfiles; 2431s local ... (20 actions, 19 running)
[8,176 / 9,506] Creating runfiles tree bazel-out/k8-fastbuild/bin/tests/core/cross/ios_select_test_/ios_select_test.runfiles; 2432s local ... (21 actions, 20 running)
[8,177 / 9,506] Creating runfiles tree bazel-out/k8-fastbuild/bin/tests/core/cross/ios_select_test_/ios_select_test.runfiles; 2435s local ... (20 actions, 19 running)
[8,177 / 9,506] Creating runfiles tree bazel-out/k8-fastbuild/bin/tests/core/cross/ios_select_test_/ios_select_test.runfiles; 2436s local ... (21 actions, 20 running)
[8,178 / 9,506] Creating runfiles tree bazel-out/k8-fastbuild/bin/tests/core/cross/ios_select_test_/ios_select_test.runfiles; 2438s local ... (20 actions, 19 running)
[8,178 / 9,506] Creating runfiles tree bazel-out/k8-fastbuild/bin/tests/core/cross/ios_select_test_/ios_select_test.runfiles; 2440s local ... (21 actions, 20 running)
[8,179 / 9,506] Creating runfiles tree bazel-out/k8-fastbuild/bin/tests/core/cross/ios_select_test_/ios_select_test.runfiles; 2442s local ... (21 actions, 20 running)
[8,180 / 9,506] Creating runfiles tree bazel-out/k8-fastbuild/bin/tests/core/cross/ios_select_test_/ios_select_test.runfiles; 2444s local ... (21 actions, 20 running)
[8,181 / 9,506] Creating runfiles tree bazel-out/k8-fastbuild/bin/tests/core/cross/ios_select_test_/ios_select_test.runfiles; 2445s local ... (20 actions, 19 running)
[8,181 / 9,506] Creating runfiles tree bazel-out/k8-fastbuild/bin/tests/core/cross/ios_select_test_/ios_select_test.runfiles; 2446s local ... (20 actions, 19 running)
[8,181 / 9,506] Creating runfiles tree bazel-out/k8-fastbuild/bin/tests/core/cross/ios_select_test_/ios_select_test.runfiles; 2448s local ... (20 actions running)
[8,182 / 9,506] Creating runfiles tree bazel-out/k8-fastbuild/bin/tests/core/cross/ios_select_test_/ios_select_test.runfiles; 2450s local ... (20 actions, 19 running)
[8,183 / 9,506] Creating runfiles tree bazel-out/k8-fastbuild/bin/tests/core/cross/ios_select_test_/ios_select_test.runfiles; 2452s local ... (21 actions, 20 running)
[8,184 / 9,506] Creating runfiles tree bazel-out/k8-fastbuild/bin/tests/core/cross/ios_select_test_/ios_select_test.runfiles; 2454s local ... (21 actions, 20 running)
INFO: From Compiling src/google/protobuf/compiler/java/lite/enum.cc [for tool]:
external/protobuf~/src/google/protobuf/compiler/java/lite/enum.cc: In member function 'virtual void google::protobuf::compiler::java::EnumLiteGenerator::Generate(google::protobuf::io::Printer*)':
external/protobuf~/src/google/protobuf/compiler/java/lite/enum.cc:70:21: warning: comparison of integer expressions of different signedness: 'int' and 'std::vector<const google::protobuf::EnumValueDescriptor*>::size_type' {aka 'long unsigned int'} [-Wsign-compare]
   70 |   for (int i = 0; i < canonical_values_.size(); i++) {
      |                   ~~^~~~~~~~~~~~~~~~~~~~~~~~~~
external/protobuf~/src/google/protobuf/compiler/java/lite/enum.cc:94:21: warning: comparison of integer expressions of different signedness: 'int' and 'std::vector<google::protobuf::compiler::java::EnumLiteGenerator::Alias>::size_type' {aka 'long unsigned int'} [-Wsign-compare]
   94 |   for (int i = 0; i < aliases_.size(); i++) {
      |                   ~~^~~~~~~~~~~~~~~~~
external/protobuf~/src/google/protobuf/compiler/java/lite/enum.cc:165:21: warning: comparison of integer expressions of different signedness: 'int' and 'std::vector<const google::protobuf::EnumValueDescriptor*>::size_type' {aka 'long unsigned int'} [-Wsign-compare]
  165 |   for (int i = 0; i < canonical_values_.size(); i++) {
      |                   ~~^~~~~~~~~~~~~~~~~~~~~~~~~~
[8,185 / 9,506] Creating runfiles tree bazel-out/k8-fastbuild/bin/tests/core/cross/ios_select_test_/ios_select_test.runfiles; 2456s local ... (21 actions, 20 running)
[8,186 / 9,506] Creating runfiles tree bazel-out/k8-fastbuild/bin/tests/core/cross/ios_select_test_/ios_select_test.runfiles; 2457s local ... (20 actions, 19 running)
[8,186 / 9,506] Creating runfiles tree bazel-out/k8-fastbuild/bin/tests/core/cross/ios_select_test_/ios_select_test.runfiles; 2459s local ... (21 actions, 20 running)
[8,187 / 9,506] Creating runfiles tree bazel-out/k8-fastbuild/bin/tests/core/cross/ios_select_test_/ios_select_test.runfiles; 2461s local ... (21 actions, 20 running)
[8,188 / 9,506] Creating runfiles tree bazel-out/k8-fastbuild/bin/tests/core/cross/ios_select_test_/ios_select_test.runfiles; 2462s local ... (21 actions, 20 running)
[8,189 / 9,506] Creating runfiles tree bazel-out/k8-fastbuild/bin/tests/core/cross/ios_select_test_/ios_select_test.runfiles; 2463s local ... (20 actions, 19 running)
[8,190 / 9,506] Creating runfiles tree bazel-out/k8-fastbuild/bin/tests/core/cross/ios_select_test_/ios_select_test.runfiles; 2465s local ... (20 actions running)
[8,191 / 9,506] Creating runfiles tree bazel-out/k8-fastbuild/bin/tests/core/cross/ios_select_test_/ios_select_test.runfiles; 2467s local ... (21 actions, 20 running)
[8,192 / 9,506] Creating runfiles tree bazel-out/k8-fastbuild/bin/tests/core/cross/ios_select_test_/ios_select_test.runfiles; 2468s local ... (21 actions, 20 running)
[8,193 / 9,506] Creating runfiles tree bazel-out/k8-fastbuild/bin/tests/core/cross/ios_select_test_/ios_select_test.runfiles; 2469s local ... (20 actions, 19 running)
[8,194 / 9,506] Creating runfiles tree bazel-out/k8-fastbuild/bin/tests/core/cross/ios_select_test_/ios_select_test.runfiles; 2470s local ... (20 actions, 19 running)
[8,195 / 9,506] Creating runfiles tree bazel-out/k8-fastbuild/bin/tests/core/cross/ios_select_test_/ios_select_test.runfiles; 2472s local ... (21 actions, 20 running)
[8,196 / 9,506] Creating runfiles tree bazel-out/k8-fastbuild/bin/tests/core/cross/ios_select_test_/ios_select_test.runfiles; 2474s local ... (21 actions, 20 running)
[8,197 / 9,506] Creating runfiles tree bazel-out/k8-fastbuild/bin/tests/core/cross/ios_select_test_/ios_select_test.runfiles; 2476s local ... (20 actions, 19 running)
[8,197 / 9,506] Creating runfiles tree bazel-out/k8-fastbuild/bin/tests/core/cross/ios_select_test_/ios_select_test.runfiles; 2478s local ... (20 actions running)
[8,199 / 9,506] Creating runfiles tree bazel-out/k8-fastbuild/bin/tests/core/cross/ios_select_test_/ios_select_test.runfiles; 2479s local ... (20 actions, 19 running)
[8,199 / 9,506] Creating runfiles tree bazel-out/k8-fastbuild/bin/tests/core/cross/ios_select_test_/ios_select_test.runfiles; 2481s local ... (21 actions, 20 running)
[8,200 / 9,506] Creating runfiles tree bazel-out/k8-fastbuild/bin/tests/core/cross/ios_select_test_/ios_select_test.runfiles; 2483s local ... (20 actions, 19 running)
[8,200 / 9,506] Creating runfiles tree bazel-out/k8-fastbuild/bin/tests/core/cross/ios_select_test_/ios_select_test.runfiles; 2485s local ... (21 actions, 20 running)
[8,201 / 9,506] Creating runfiles tree bazel-out/k8-fastbuild/bin/tests/core/cross/ios_select_test_/ios_select_test.runfiles; 2486s local ... (20 actions running)
[8,203 / 9,506] Creating runfiles tree bazel-out/k8-fastbuild/bin/tests/core/cross/ios_select_test_/ios_select_test.runfiles; 2487s local ... (21 actions, 19 running)
[8,204 / 9,506] Creating runfiles tree bazel-out/k8-fastbuild/bin/tests/core/cross/ios_select_test_/ios_select_test.runfiles; 2488s local ... (20 actions, 19 running)
[8,204 / 9,506] Creating runfiles tree bazel-out/k8-fastbuild/bin/tests/core/cross/ios_select_test_/ios_select_test.runfiles; 2490s local ... (21 actions, 20 running)
[8,206 / 9,506] Creating runfiles tree bazel-out/k8-fastbuild/bin/tests/core/cross/ios_select_test_/ios_select_test.runfiles; 2492s local ... (20 actions, 19 running)
[8,206 / 9,506] Creating runfiles tree bazel-out/k8-fastbuild/bin/tests/core/cross/ios_select_test_/ios_select_test.runfiles; 2493s local ... (21 actions, 20 running)
[8,207 / 9,506] Creating runfiles tree bazel-out/k8-fastbuild/bin/tests/core/cross/ios_select_test_/ios_select_test.runfiles; 2495s local ... (21 actions, 19 running)
[8,207 / 9,506] Creating runfiles tree bazel-out/k8-fastbuild/bin/tests/core/cross/ios_select_test_/ios_select_test.runfiles; 2496s local ... (21 actions, 19 running)
[8,207 / 9,506] Creating runfiles tree bazel-out/k8-fastbuild/bin/tests/core/cross/ios_select_test_/ios_select_test.runfiles; 2498s local ... (21 actions, 20 running)
[8,208 / 9,506] Creating runfiles tree bazel-out/k8-fastbuild/bin/tests/core/cross/ios_select_test_/ios_select_test.runfiles; 2499s local ... (21 actions, 20 running)
[8,209 / 9,506] Creating runfiles tree bazel-out/k8-fastbuild/bin/tests/core/cross/ios_select_test_/ios_select_test.runfiles; 2500s local ... (20 actions, 19 running)
[8,210 / 9,506] Creating runfiles tree bazel-out/k8-fastbuild/bin/tests/core/cross/ios_select_test_/ios_select_test.runfiles; 2502s local ... (20 actions, 19 running)
[8,210 / 9,506] Creating runfiles tree bazel-out/k8-fastbuild/bin/tests/core/cross/ios_select_test_/ios_select_test.runfiles; 2503s local ... (21 actions, 20 running)
[8,211 / 9,506] Creating runfiles tree bazel-out/k8-fastbuild/bin/tests/core/cross/ios_select_test_/ios_select_test.runfiles; 2505s local ... (20 actions running)
[8,212 / 9,506] Creating runfiles tree bazel-out/k8-fastbuild/bin/tests/core/cross/ios_select_test_/ios_select_test.runfiles; 2506s local ... (20 actions running)
[8,214 / 9,506] Creating runfiles tree bazel-out/k8-fastbuild/bin/tests/core/cross/ios_select_test_/ios_select_test.runfiles; 2507s local ... (21 actions, 19 running)
[8,214 / 9,506] Creating runfiles tree bazel-out/k8-fastbuild/bin/tests/core/cross/ios_select_test_/ios_select_test.runfiles; 2509s local ... (21 actions, 20 running)
[8,215 / 9,506] Creating runfiles tree bazel-out/k8-fastbuild/bin/tests/core/cross/ios_select_test_/ios_select_test.runfiles; 2511s local ... (20 actions, 19 running)
[8,216 / 9,506] Creating runfiles tree bazel-out/k8-fastbuild/bin/tests/core/cross/ios_select_test_/ios_select_test.runfiles; 2512s local ... (20 actions running)
[8,218 / 9,506] Creating runfiles tree bazel-out/k8-fastbuild/bin/tests/core/cross/ios_select_test_/ios_select_test.runfiles; 2514s local ... (21 actions, 20 running)
[8,219 / 9,506] Creating runfiles tree bazel-out/k8-fastbuild/bin/tests/core/cross/ios_select_test_/ios_select_test.runfiles; 2515s local ... (20 actions, 19 running)
[8,221 / 9,506] Creating runfiles tree bazel-out/k8-fastbuild/bin/tests/core/cross/ios_select_test_/ios_select_test.runfiles; 2516s local ... (20 actions, 19 running)
[8,222 / 9,506] Creating runfiles tree bazel-out/k8-fastbuild/bin/tests/core/cross/ios_select_test_/ios_select_test.runfiles; 2518s local ... (21 actions, 20 running)
[8,226 / 9,506] Creating runfiles tree bazel-out/k8-fastbuild/bin/tests/core/cross/ios_select_test_/ios_select_test.runfiles; 2519s local ... (20 actions, 19 running)
[8,226 / 9,506] Creating runfiles tree bazel-out/k8-fastbuild/bin/tests/core/cross/ios_select_test_/ios_select_test.runfiles; 2521s local ... (21 actions, 20 running)
[8,227 / 9,506] Creating runfiles tree bazel-out/k8-fastbuild/bin/tests/core/cross/ios_select_test_/ios_select_test.runfiles; 2523s local ... (20 actions, 19 running)
[8,229 / 9,506] Creating runfiles tree bazel-out/k8-fastbuild/bin/tests/core/cross/ios_select_test_/ios_select_test.runfiles; 2525s local ... (21 actions, 20 running)
[8,230 / 9,506] Creating runfiles tree bazel-out/k8-fastbuild/bin/tests/core/cross/ios_select_test_/ios_select_test.runfiles; 2527s local ... (21 actions, 20 running)
[8,231 / 9,506] Creating runfiles tree bazel-out/k8-fastbuild/bin/tests/core/cross/ios_select_test_/ios_select_test.runfiles; 2529s local ... (20 actions running)
[8,233 / 9,506] Creating runfiles tree bazel-out/k8-fastbuild/bin/tests/core/cross/ios_select_test_/ios_select_test.runfiles; 2530s local ... (20 actions, 19 running)
[8,234 / 9,506] Creating runfiles tree bazel-out/k8-fastbuild/bin/tests/core/cross/ios_select_test_/ios_select_test.runfiles; 2532s local ... (21 actions, 19 running)
[8,234 / 9,506] Creating runfiles tree bazel-out/k8-fastbuild/bin/tests/core/cross/ios_select_test_/ios_select_test.runfiles; 2533s local ... (21 actions, 20 running)
[8,237 / 9,506] Creating runfiles tree bazel-out/k8-fastbuild/bin/tests/core/cross/ios_select_test_/ios_select_test.runfiles; 2534s local ... (20 actions, 19 running)
[8,237 / 9,506] Creating runfiles tree bazel-out/k8-fastbuild/bin/tests/core/cross/ios_select_test_/ios_select_test.runfiles; 2536s local ... (21 actions, 20 running)
[8,238 / 9,506] Creating runfiles tree bazel-out/k8-fastbuild/bin/tests/core/cross/ios_select_test_/ios_select_test.runfiles; 2538s local ... (21 actions, 20 running)
[8,239 / 9,506] Creating runfiles tree bazel-out/k8-fastbuild/bin/tests/core/cross/ios_select_test_/ios_select_test.runfiles; 2543s local ... (20 actions, 19 running)
[8,240 / 9,506] Creating runfiles tree bazel-out/k8-fastbuild/bin/tests/core/cross/ios_select_test_/ios_select_test.runfiles; 2545s local ... (20 actions, 19 running)
[8,240 / 9,506] Creating runfiles tree bazel-out/k8-fastbuild/bin/tests/core/cross/ios_select_test_/ios_select_test.runfiles; 2546s local ... (21 actions, 20 running)
[8,241 / 9,506] Creating runfiles tree bazel-out/k8-fastbuild/bin/tests/core/cross/ios_select_test_/ios_select_test.runfiles; 2548s local ... (20 actions, 19 running)
[8,242 / 9,506] Creating runfiles tree bazel-out/k8-fastbuild/bin/tests/core/cross/ios_select_test_/ios_select_test.runfiles; 2550s local ... (21 actions, 20 running)
[8,243 / 9,506] Creating runfiles tree bazel-out/k8-fastbuild/bin/tests/core/cross/ios_select_test_/ios_select_test.runfiles; 2551s local ... (20 actions, 19 running)
[8,245 / 9,512] Creating runfiles tree bazel-out/k8-fastbuild/bin/tests/core/cross/ios_select_test_/ios_select_test.runfiles; 2553s local ... (20 actions running)
[8,251 / 9,520] Creating runfiles tree bazel-out/k8-fastbuild/bin/tests/core/cross/ios_select_test_/ios_select_test.runfiles; 2554s local ... (21 actions, 18 running)
[8,254 / 9,575] Creating runfiles tree bazel-out/k8-fastbuild/bin/tests/core/cross/ios_select_test_/ios_select_test.runfiles; 2556s local ... (20 actions, 19 running)
[8,260 / 9,578] Creating runfiles tree bazel-out/k8-fastbuild/bin/tests/core/cross/ios_select_test_/ios_select_test.runfiles; 2557s local ... (20 actions running)
[8,261 / 9,578] Creating runfiles tree bazel-out/k8-fastbuild/bin/tests/core/cross/ios_select_test_/ios_select_test.runfiles; 2559s local ... (20 actions, 19 running)
[8,264 / 9,578] Creating runfiles tree bazel-out/k8-fastbuild/bin/tests/core/cross/ios_select_test_/ios_select_test.runfiles; 2560s local ... (20 actions, 19 running)
[8,265 / 9,579] Creating runfiles tree bazel-out/k8-fastbuild/bin/tests/core/cross/ios_select_test_/ios_select_test.runfiles; 2561s local ... (21 actions, 20 running)
[8,266 / 9,579] Creating runfiles tree bazel-out/k8-fastbuild/bin/tests/core/cross/ios_select_test_/ios_select_test.runfiles; 2562s local ... (20 actions, 19 running)
[8,267 / 9,579] Creating runfiles tree bazel-out/k8-fastbuild/bin/tests/core/cross/ios_select_test_/ios_select_test.runfiles; 2564s local ... (20 actions running)
[8,270 / 9,580] Creating runfiles tree bazel-out/k8-fastbuild/bin/tests/core/cross/ios_select_test_/ios_select_test.runfiles; 2565s local ... (20 actions, 19 running)
[8,270 / 9,583] Creating runfiles tree bazel-out/k8-fastbuild/bin/tests/core/cross/ios_select_test_/ios_select_test.runfiles; 2567s local ... (20 actions running)
[8,274 / 9,583] Creating runfiles tree bazel-out/k8-fastbuild/bin/tests/core/cross/ios_select_test_/ios_select_test.runfiles; 2569s local ... (21 actions, 20 running)
[8,276 / 9,584] Creating runfiles tree bazel-out/k8-fastbuild/bin/tests/core/cross/ios_select_test_/ios_select_test.runfiles; 2570s local ... (20 actions, 19 running)
[8,279 / 9,584] Creating runfiles tree bazel-out/k8-fastbuild/bin/tests/core/cross/ios_select_test_/ios_select_test.runfiles; 2572s local ... (20 actions, 19 running)
[8,280 / 9,591] Creating runfiles tree bazel-out/k8-fastbuild/bin/tests/core/cross/ios_select_test_/ios_select_test.runfiles; 2573s local ... (21 actions, 20 running)
[8,281 / 9,591] Creating runfiles tree bazel-out/k8-fastbuild/bin/tests/core/cross/ios_select_test_/ios_select_test.runfiles; 2574s local ... (20 actions, 19 running)
[8,282 / 9,598] Creating runfiles tree bazel-out/k8-fastbuild/bin/tests/core/cross/ios_select_test_/ios_select_test.runfiles; 2576s local ... (20 actions, 19 running)
[8,285 / 9,598] Creating runfiles tree bazel-out/k8-fastbuild/bin/tests/core/cross/ios_select_test_/ios_select_test.runfiles; 2577s local ... (20 actions, 19 running)
[8,286 / 9,598] Creating runfiles tree bazel-out/k8-fastbuild/bin/tests/core/cross/ios_select_test_/ios_select_test.runfiles; 2578s local ... (21 actions, 20 running)
[8,288 / 9,598] Creating runfiles tree bazel-out/k8-fastbuild/bin/tests/core/cross/ios_select_test_/ios_select_test.runfiles; 2579s local ... (20 actions, 18 running)
[8,290 / 9,598] Creating runfiles tree bazel-out/k8-fastbuild/bin/tests/core/cross/ios_select_test_/ios_select_test.runfiles; 2581s local ... (20 actions, 19 running)
[8,292 / 9,598] Creating runfiles tree bazel-out/k8-fastbuild/bin/tests/core/cross/ios_select_test_/ios_select_test.runfiles; 2582s local ... (20 actions running)
[8,295 / 9,598] Creating runfiles tree bazel-out/k8-fastbuild/bin/tests/core/cross/ios_select_test_/ios_select_test.runfiles; 2583s local ... (20 actions, 19 running)
[8,298 / 9,598] Creating runfiles tree bazel-out/k8-fastbuild/bin/tests/core/cross/ios_select_test_/ios_select_test.runfiles; 2585s local ... (20 actions running)
[8,303 / 9,598] Creating runfiles tree bazel-out/k8-fastbuild/bin/tests/core/cross/ios_select_test_/ios_select_test.runfiles; 2586s local ... (20 actions, 19 running)
[8,306 / 9,599] Creating runfiles tree bazel-out/k8-fastbuild/bin/tests/core/cross/ios_select_test_/ios_select_test.runfiles; 2587s local ... (20 actions, 19 running)
[8,307 / 9,599] Creating runfiles tree bazel-out/k8-fastbuild/bin/tests/core/cross/ios_select_test_/ios_select_test.runfiles; 2588s local ... (20 actions, 19 running)
[8,308 / 9,599] Creating runfiles tree bazel-out/k8-fastbuild/bin/tests/core/cross/ios_select_test_/ios_select_test.runfiles; 2590s local ... (20 actions, 19 running)
[8,308 / 9,599] Creating runfiles tree bazel-out/k8-fastbuild/bin/tests/core/cross/ios_select_test_/ios_select_test.runfiles; 2591s local ... (20 actions running)
[8,310 / 9,599] Creating runfiles tree bazel-out/k8-fastbuild/bin/tests/core/cross/ios_select_test_/ios_select_test.runfiles; 2592s local ... (20 actions, 19 running)
[8,313 / 9,599] Creating runfiles tree bazel-out/k8-fastbuild/bin/tests/core/cross/ios_select_test_/ios_select_test.runfiles; 2594s local ... (20 actions running)
[8,315 / 9,599] Creating runfiles tree bazel-out/k8-fastbuild/bin/tests/core/cross/ios_select_test_/ios_select_test.runfiles; 2596s local ... (20 actions, 19 running)
[8,317 / 9,599] Creating runfiles tree bazel-out/k8-fastbuild/bin/tests/core/cross/ios_select_test_/ios_select_test.runfiles; 2597s local ... (20 actions running)
[8,318 / 9,599] Creating runfiles tree bazel-out/k8-fastbuild/bin/tests/core/cross/ios_select_test_/ios_select_test.runfiles; 2599s local ... (20 actions, 19 running)
[8,321 / 9,599] Creating runfiles tree bazel-out/k8-fastbuild/bin/tests/core/cross/ios_select_test_/ios_select_test.runfiles; 2600s local ... (20 actions running)
[8,324 / 9,599] Creating runfiles tree bazel-out/k8-fastbuild/bin/tests/core/cross/ios_select_test_/ios_select_test.runfiles; 2601s local ... (20 actions, 19 running)
[8,326 / 9,599] Creating runfiles tree bazel-out/k8-fastbuild/bin/tests/core/cross/ios_select_test_/ios_select_test.runfiles; 2602s local ... (20 actions, 19 running)
[8,328 / 9,599] Creating runfiles tree bazel-out/k8-fastbuild/bin/tests/core/cross/ios_select_test_/ios_select_test.runfiles; 2604s local ... (20 actions running)
[8,330 / 9,599] Creating runfiles tree bazel-out/k8-fastbuild/bin/tests/core/cross/ios_select_test_/ios_select_test.runfiles; 2605s local ... (20 actions running)
[8,332 / 9,599] Creating runfiles tree bazel-out/k8-fastbuild/bin/tests/core/cross/ios_select_test_/ios_select_test.runfiles; 2606s local ... (20 actions, 19 running)
[8,333 / 9,599] Creating runfiles tree bazel-out/k8-fastbuild/bin/tests/core/cross/ios_select_test_/ios_select_test.runfiles; 2607s local ... (20 actions, 19 running)
[8,337 / 9,600] Creating runfiles tree bazel-out/k8-fastbuild/bin/tests/core/cross/ios_select_test_/ios_select_test.runfiles; 2608s local ... (20 actions, 19 running)
[8,341 / 9,600] Creating runfiles tree bazel-out/k8-fastbuild/bin/tests/core/cross/ios_select_test_/ios_select_test.runfiles; 2610s local ... (20 actions running)
[8,348 / 9,600] Creating runfiles tree bazel-out/k8-fastbuild/bin/tests/core/cross/ios_select_test_/ios_select_test.runfiles; 2611s local ... (20 actions, 19 running)
[8,350 / 9,601] Creating runfiles tree bazel-out/k8-fastbuild/bin/tests/core/cross/ios_select_test_/ios_select_test.runfiles; 2612s local ... (20 actions, 19 running)
[8,358 / 9,602] Creating runfiles tree bazel-out/k8-fastbuild/bin/tests/core/cross/ios_select_test_/ios_select_test.runfiles; 2613s local ... (20 actions, 19 running)
[8,362 / 9,602] Creating runfiles tree bazel-out/k8-fastbuild/bin/tests/core/cross/ios_select_test_/ios_select_test.runfiles; 2614s local ... (20 actions, 19 running)
[8,364 / 9,603] Creating runfiles tree bazel-out/k8-fastbuild/bin/tests/core/cross/ios_select_test_/ios_select_test.runfiles; 2615s local ... (20 actions, 19 running)
[8,373 / 9,603] Creating runfiles tree bazel-out/k8-fastbuild/bin/tests/core/cross/ios_select_test_/ios_select_test.runfiles; 2616s local ... (20 actions, 19 running)
[8,377 / 9,603] Creating runfiles tree bazel-out/k8-fastbuild/bin/tests/core/cross/ios_select_test_/ios_select_test.runfiles; 2617s local ... (20 actions, 19 running)
[8,380 / 9,603] Creating runfiles tree bazel-out/k8-fastbuild/bin/tests/core/cross/ios_select_test_/ios_select_test.runfiles; 2618s local ... (20 actions, 19 running)
[8,384 / 9,603] Creating runfiles tree bazel-out/k8-fastbuild/bin/tests/core/cross/ios_select_test_/ios_select_test.runfiles; 2619s local ... (20 actions, 19 running)
[8,385 / 9,603] Creating runfiles tree bazel-out/k8-fastbuild/bin/tests/core/cross/ios_select_test_/ios_select_test.runfiles; 2621s local ... (20 actions running)
[8,389 / 9,603] Creating runfiles tree bazel-out/k8-fastbuild/bin/tests/core/cross/ios_select_test_/ios_select_test.runfiles; 2622s local ... (20 actions running)
[8,397 / 9,603] Creating runfiles tree bazel-out/k8-fastbuild/bin/tests/core/cross/ios_select_test_/ios_select_test.runfiles; 2624s local ... (20 actions, 19 running)
[8,400 / 9,603] Creating runfiles tree bazel-out/k8-fastbuild/bin/tests/core/cross/ios_select_test_/ios_select_test.runfiles; 2625s local ... (20 actions, 19 running)
[8,404 / 9,603] Creating runfiles tree bazel-out/k8-fastbuild/bin/tests/core/cross/ios_select_test_/ios_select_test.runfiles; 2626s local ... (21 actions, 19 running)
[8,409 / 9,603] Creating runfiles tree bazel-out/k8-fastbuild/bin/tests/core/cross/ios_select_test_/ios_select_test.runfiles; 2628s local ... (20 actions running)
[8,410 / 9,603] Creating runfiles tree bazel-out/k8-fastbuild/bin/tests/core/cross/ios_select_test_/ios_select_test.runfiles; 2629s local ... (21 actions, 19 running)
[8,414 / 9,603] Creating runfiles tree bazel-out/k8-fastbuild/bin/tests/core/cross/ios_select_test_/ios_select_test.runfiles; 2631s local ... (20 actions, 19 running)
[8,416 / 9,603] Creating runfiles tree bazel-out/k8-fastbuild/bin/tests/core/cross/ios_select_test_/ios_select_test.runfiles; 2632s local ... (21 actions, 20 running)
[8,419 / 9,603] Creating runfiles tree bazel-out/k8-fastbuild/bin/tests/core/cross/ios_select_test_/ios_select_test.runfiles; 2633s local ... (21 actions, 19 running)
[8,421 / 9,603] Creating runfiles tree bazel-out/k8-fastbuild/bin/tests/core/cross/ios_select_test_/ios_select_test.runfiles; 2635s local ... (20 actions, 19 running)
[8,425 / 9,603] Creating runfiles tree bazel-out/k8-fastbuild/bin/tests/core/cross/ios_select_test_/ios_select_test.runfiles; 2636s local ... (20 actions running)
[8,428 / 9,603] Creating runfiles tree bazel-out/k8-fastbuild/bin/tests/core/cross/ios_select_test_/ios_select_test.runfiles; 2637s local ... (20 actions, 19 running)
[8,430 / 9,603] Creating runfiles tree bazel-out/k8-fastbuild/bin/tests/core/cross/ios_select_test_/ios_select_test.runfiles; 2638s local ... (20 actions, 19 running)
[8,437 / 9,603] Creating runfiles tree bazel-out/k8-fastbuild/bin/tests/core/go_test/xml_panic_test_/xml_panic_test.runfiles; 2003s local ... (21 actions, 18 running)
[8,439 / 9,603] Creating runfiles tree bazel-out/k8-fastbuild/bin/tests/core/go_test/xml_panic_test_/xml_panic_test.runfiles; 2004s local ... (21 actions, 19 running)
[8,445 / 9,606] Creating runfiles tree bazel-out/k8-fastbuild/bin/tests/core/go_test/xml_panic_test_/xml_panic_test.runfiles; 2005s local ... (20 actions, 19 running)
[8,460 / 9,606] Creating runfiles tree bazel-out/k8-fastbuild/bin/tests/core/go_test/xml_panic_test_/xml_panic_test.runfiles; 2006s local ... (21 actions, 19 running)
[8,464 / 9,606] Creating runfiles tree bazel-out/k8-fastbuild/bin/tests/core/go_test/xml_panic_test_/xml_panic_test.runfiles; 2007s local ... (21 actions, 20 running)
[8,468 / 9,606] Creating runfiles tree bazel-out/k8-fastbuild/bin/tests/core/go_test/xml_panic_test_/xml_panic_test.runfiles; 2008s local ... (20 actions, 18 running)
[8,472 / 9,606] Creating runfiles tree bazel-out/k8-fastbuild/bin/tests/core/go_test/xml_panic_test_/xml_panic_test.runfiles; 2010s local ... (20 actions, 19 running)
[8,480 / 9,606] Creating runfiles tree bazel-out/k8-fastbuild/bin/tests/core/go_test/xml_panic_test_/xml_panic_test.runfiles; 2011s local ... (20 actions, 19 running)
[8,485 / 9,606] Creating runfiles tree bazel-out/k8-fastbuild/bin/tests/core/go_test/xml_panic_test_/xml_panic_test.runfiles; 2012s local ... (20 actions, 18 running)
[8,486 / 9,606] Creating runfiles tree bazel-out/k8-fastbuild/bin/tests/core/go_test/xml_panic_test_/xml_panic_test.runfiles; 2013s local ... (20 actions, 19 running)
[8,491 / 9,606] Creating runfiles tree bazel-out/k8-fastbuild/bin/tests/core/go_test/xml_panic_test_/xml_panic_test.runfiles; 2014s local ... (20 actions, 18 running)
[8,494 / 9,606] Creating runfiles tree bazel-out/k8-fastbuild/bin/tests/core/go_test/xml_panic_test_/xml_panic_test.runfiles; 2015s local ... (20 actions, 19 running)
[8,494 / 9,606] Creating runfiles tree bazel-out/k8-fastbuild/bin/tests/core/go_test/xml_panic_test_/xml_panic_test.runfiles; 2017s local ... (21 actions, 20 running)
[8,495 / 9,606] Creating runfiles tree bazel-out/k8-fastbuild/bin/tests/core/go_test/xml_panic_test_/xml_panic_test.runfiles; 2018s local ... (20 actions running)
[8,504 / 9,613] Creating runfiles tree bazel-out/k8-fastbuild/bin/tests/core/go_test/xml_panic_test_/xml_panic_test.runfiles; 2019s local ... (20 actions, 19 running)
[8,512 / 9,618] Creating runfiles tree bazel-out/k8-fastbuild/bin/tests/core/go_test/xml_panic_test_/xml_panic_test.runfiles; 2020s local ... (20 actions, 18 running)
[8,520 / 9,621] Creating runfiles tree bazel-out/k8-fastbuild/bin/tests/core/go_test/xml_panic_test_/xml_panic_test.runfiles; 2021s local ... (20 actions, 19 running)
[8,524 / 9,621] Creating runfiles tree bazel-out/k8-fastbuild/bin/tests/core/go_test/xml_panic_test_/xml_panic_test.runfiles; 2023s local ... (20 actions running)
[8,532 / 9,628] Creating runfiles tree bazel-out/k8-fastbuild/bin/tests/core/go_test/xml_panic_test_/xml_panic_test.runfiles; 2024s local ... (20 actions running)
[8,537 / 9,628] Creating runfiles tree bazel-out/k8-fastbuild/bin/tests/core/go_test/xml_panic_test_/xml_panic_test.runfiles; 2025s local ... (20 actions, 19 running)
[8,543 / 9,628] Creating runfiles tree bazel-out/k8-fastbuild/bin/tests/core/go_test/xml_panic_test_/xml_panic_test.runfiles; 2026s local ... (20 actions, 19 running)
[8,545 / 9,628] Creating runfiles tree bazel-out/k8-fastbuild/bin/tests/core/go_test/xml_panic_test_/xml_panic_test.runfiles; 2027s local ... (20 actions, 19 running)
[8,551 / 9,628] Creating runfiles tree bazel-out/k8-fastbuild/bin/tests/core/go_test/xml_panic_test_/xml_panic_test.runfiles; 2029s local ... (20 actions, 17 running)
[8,551 / 9,628] Creating runfiles tree bazel-out/k8-fastbuild/bin/tests/core/go_test/xml_panic_test_/xml_panic_test.runfiles; 2030s local ... (21 actions, 20 running)
[8,552 / 9,628] Creating runfiles tree bazel-out/k8-fastbuild/bin/tests/core/go_test/xml_panic_test_/xml_panic_test.runfiles; 2031s local ... (20 actions, 19 running)
[8,554 / 9,628] Creating runfiles tree bazel-out/k8-fastbuild/bin/tests/core/go_test/xml_panic_test_/xml_panic_test.runfiles; 2032s local ... (20 actions, 18 running)
[8,555 / 9,628] Creating runfiles tree bazel-out/k8-fastbuild/bin/tests/core/go_test/xml_panic_test_/xml_panic_test.runfiles; 2033s local ... (20 actions, 19 running)
[8,557 / 9,628] Creating runfiles tree bazel-out/k8-fastbuild/bin/tests/core/go_test/xml_panic_test_/xml_panic_test.runfiles; 2034s local ... (20 actions, 19 running)
[8,558 / 9,628] Creating runfiles tree bazel-out/k8-fastbuild/bin/tests/core/go_test/xml_panic_test_/xml_panic_test.runfiles; 2036s local ... (20 actions, 19 running)
INFO: From Compiling src/google/protobuf/compiler/java/full/enum.cc [for tool]:
external/protobuf~/src/google/protobuf/compiler/java/full/enum.cc: In member function 'virtual void google::protobuf::compiler::java::EnumNonLiteGenerator::Generate(google::protobuf::io::Printer*)':
external/protobuf~/src/google/protobuf/compiler/java/full/enum.cc:77:21: warning: comparison of integer expressions of different signedness: 'int' and 'std::vector<const google::protobuf::EnumValueDescriptor*>::size_type' {aka 'long unsigned int'} [-Wsign-compare]
   77 |   for (int i = 0; i < canonical_values_.size(); i++) {
      |                   ~~^~~~~~~~~~~~~~~~~~~~~~~~~~
external/protobuf~/src/google/protobuf/compiler/java/full/enum.cc:85:21: warning: comparison of integer expressions of different signedness: 'int' and 'std::vector<const google::protobuf::EnumValueDescriptor*>::size_type' {aka 'long unsigned int'} [-Wsign-compare]
   85 |   for (int i = 0; i < canonical_values_.size(); i++) {
      |                   ~~^~~~~~~~~~~~~~~~~~~~~~~~~~
external/protobuf~/src/google/protobuf/compiler/java/full/enum.cc:125:21: warning: comparison of integer expressions of different signedness: 'int' and 'std::vector<google::protobuf::compiler::java::EnumNonLiteGenerator::Alias>::size_type' {aka 'long unsigned int'} [-Wsign-compare]
  125 |   for (int i = 0; i < aliases_.size(); i++) {
      |                   ~~^~~~~~~~~~~~~~~~~
external/protobuf~/src/google/protobuf/compiler/java/full/enum.cc:209:21: warning: comparison of integer expressions of different signedness: 'int' and 'std::vector<const google::protobuf::EnumValueDescriptor*>::size_type' {aka 'long unsigned int'} [-Wsign-compare]
  209 |   for (int i = 0; i < canonical_values_.size(); i++) {
      |                   ~~^~~~~~~~~~~~~~~~~~~~~~~~~~
external/protobuf~/src/google/protobuf/compiler/java/full/enum.cc: In member function 'bool google::protobuf::compiler::java::EnumNonLiteGenerator::CanUseEnumValues()':
external/protobuf~/src/google/protobuf/compiler/java/full/enum.cc:383:32: warning: comparison of integer expressions of different signedness: 'std::vector<const google::protobuf::EnumValueDescriptor*>::size_type' {aka 'long unsigned int'} and 'int' [-Wsign-compare]
  383 |   if (canonical_values_.size() != descriptor_->value_count()) {
      |       ~~~~~~~~~~~~~~~~~~~~~~~~~^~~~~~~~~~~~~~~~~~~~~~~~~~~~~
[8,563 / 9,628] Creating runfiles tree bazel-out/k8-fastbuild/bin/tests/core/go_test/xml_panic_test_/xml_panic_test.runfiles; 2037s local ... (20 actions, 19 running)
[8,563 / 9,628] Creating runfiles tree bazel-out/k8-fastbuild/bin/tests/core/go_test/xml_panic_test_/xml_panic_test.runfiles; 2038s local ... (21 actions, 20 running)
[8,566 / 9,628] Creating runfiles tree bazel-out/k8-fastbuild/bin/tests/core/go_test/xml_panic_test_/xml_panic_test.runfiles; 2040s local ... (20 actions, 19 running)
[8,569 / 9,628] Creating runfiles tree bazel-out/k8-fastbuild/bin/tests/core/go_test/xml_panic_test_/xml_panic_test.runfiles; 2041s local ... (20 actions running)
[8,570 / 9,628] Creating runfiles tree bazel-out/k8-fastbuild/bin/tests/core/go_test/xml_panic_test_/xml_panic_test.runfiles; 2042s local ... (21 actions, 20 running)
[8,572 / 9,633] Creating runfiles tree bazel-out/k8-fastbuild/bin/tests/core/go_test/xml_panic_test_/xml_panic_test.runfiles; 2043s local ... (20 actions, 19 running)
[8,581 / 9,636] Creating runfiles tree bazel-out/k8-fastbuild/bin/tests/core/go_test/xml_panic_test_/xml_panic_test.runfiles; 2044s local ... (20 actions, 18 running)
[8,583 / 9,636] Creating runfiles tree bazel-out/k8-fastbuild/bin/tests/core/go_test/xml_panic_test_/xml_panic_test.runfiles; 2045s local ... (20 actions, 19 running)
[8,586 / 9,636] Creating runfiles tree bazel-out/k8-fastbuild/bin/tests/core/go_test/xml_panic_test_/xml_panic_test.runfiles; 2047s local ... (21 actions, 20 running)
[8,588 / 9,636] Creating runfiles tree bazel-out/k8-fastbuild/bin/tests/core/go_test/xml_panic_test_/xml_panic_test.runfiles; 2048s local ... (21 actions, 20 running)
[8,590 / 9,636] Creating runfiles tree bazel-out/k8-fastbuild/bin/tests/core/go_test/xml_panic_test_/xml_panic_test.runfiles; 2050s local ... (20 actions, 19 running)
[8,593 / 9,636] Creating runfiles tree bazel-out/k8-fastbuild/bin/tests/core/go_test/xml_panic_test_/xml_panic_test.runfiles; 2051s local ... (21 actions, 20 running)
[8,595 / 9,636] Creating runfiles tree bazel-out/k8-fastbuild/bin/tests/core/go_test/xml_panic_test_/xml_panic_test.runfiles; 2052s local ... (20 actions, 19 running)
[8,595 / 9,636] Creating runfiles tree bazel-out/k8-fastbuild/bin/tests/core/go_test/xml_panic_test_/xml_panic_test.runfiles; 2054s local ... (20 actions running)
[8,597 / 9,636] Creating runfiles tree bazel-out/k8-fastbuild/bin/tests/core/go_test/xml_panic_test_/xml_panic_test.runfiles; 2055s local ... (20 actions, 19 running)
[8,598 / 9,636] Creating runfiles tree bazel-out/k8-fastbuild/bin/tests/core/go_test/xml_panic_test_/xml_panic_test.runfiles; 2057s local ... (21 actions, 20 running)
[8,601 / 9,636] Creating runfiles tree bazel-out/k8-fastbuild/bin/tests/core/go_test/xml_panic_test_/xml_panic_test.runfiles; 2058s local ... (20 actions, 19 running)
[8,604 / 9,636] Creating runfiles tree bazel-out/k8-fastbuild/bin/tests/core/go_test/xml_panic_test_/xml_panic_test.runfiles; 2060s local ... (20 actions, 19 running)
[8,606 / 9,636] Creating runfiles tree bazel-out/k8-fastbuild/bin/tests/core/go_test/xml_panic_test_/xml_panic_test.runfiles; 2061s local ... (20 actions, 19 running)
[8,607 / 9,636] Creating runfiles tree bazel-out/k8-fastbuild/bin/tests/core/go_test/xml_panic_test_/xml_panic_test.runfiles; 2062s local ... (20 actions running)
[8,612 / 9,636] Creating runfiles tree bazel-out/k8-fastbuild/bin/tests/core/go_test/xml_panic_test_/xml_panic_test.runfiles; 2064s local ... (21 actions, 20 running)
[8,615 / 9,636] Creating runfiles tree bazel-out/k8-fastbuild/bin/tests/core/go_test/xml_panic_test_/xml_panic_test.runfiles; 2065s local ... (21 actions, 19 running)
[8,616 / 9,636] Creating runfiles tree bazel-out/k8-fastbuild/bin/tests/core/go_test/xml_panic_test_/xml_panic_test.runfiles; 2066s local ... (21 actions, 19 running)
[8,618 / 9,636] Creating runfiles tree bazel-out/k8-fastbuild/bin/tests/core/go_test/xml_panic_test_/xml_panic_test.runfiles; 2068s local ... (20 actions, 19 running)
[8,619 / 9,636] Creating runfiles tree bazel-out/k8-fastbuild/bin/tests/core/go_test/xml_panic_test_/xml_panic_test.runfiles; 2069s local ... (21 actions, 20 running)
INFO: From Compiling src/google/protobuf/compiler/java/full/message.cc [for tool]:
external/protobuf~/src/google/protobuf/compiler/java/full/message.cc: In member function 'void google::protobuf::compiler::java::ImmutableMessageGenerator::GenerateDescriptorMethods(google::protobuf::io::Printer*)':
external/protobuf~/src/google/protobuf/compiler/java/full/message.cc:807:23: warning: comparison of integer expressions of different signedness: 'int' and 'std::vector<const google::protobuf::FieldDescriptor*>::size_type' {aka 'long unsigned int'} [-Wsign-compare]
  807 |     for (int i = 0; i < map_fields.size(); ++i) {
      |                     ~~^~~~~~~~~~~~~~~~~~~
[8,623 / 9,636] Creating runfiles tree bazel-out/k8-fastbuild/bin/tests/core/go_test/xml_panic_test_/xml_panic_test.runfiles; 2071s local ... (20 actions, 19 running)
[8,625 / 9,636] Creating runfiles tree bazel-out/k8-fastbuild/bin/tests/core/go_test/xml_panic_test_/xml_panic_test.runfiles; 2072s local ... (20 actions, 19 running)
[8,625 / 9,636] Creating runfiles tree bazel-out/k8-fastbuild/bin/tests/core/go_test/xml_panic_test_/xml_panic_test.runfiles; 2073s local ... (21 actions, 20 running)
INFO: From Compiling src/google/protobuf/compiler/java/full/message_builder.cc [for tool]:
external/protobuf~/src/google/protobuf/compiler/java/full/message_builder.cc: In member function 'void google::protobuf::compiler::java::MessageBuilderGenerator::GenerateDescriptorMethods(google::protobuf::io::Printer*)':
external/protobuf~/src/google/protobuf/compiler/java/full/message_builder.cc:214:23: warning: comparison of integer expressions of different signedness: 'int' and 'std::vector<const google::protobuf::FieldDescriptor*>::size_type' {aka 'long unsigned int'} [-Wsign-compare]
  214 |     for (int i = 0; i < map_fields.size(); ++i) {
      |                     ~~^~~~~~~~~~~~~~~~~~~
external/protobuf~/src/google/protobuf/compiler/java/full/message_builder.cc:240:23: warning: comparison of integer expressions of different signedness: 'int' and 'std::vector<const google::protobuf::FieldDescriptor*>::size_type' {aka 'long unsigned int'} [-Wsign-compare]
  240 |     for (int i = 0; i < map_fields.size(); ++i) {
      |                     ~~^~~~~~~~~~~~~~~~~~~
[8,629 / 9,636] Creating runfiles tree bazel-out/k8-fastbuild/bin/tests/core/go_test/xml_panic_test_/xml_panic_test.runfiles; 2074s local ... (21 actions, 19 running)
[8,631 / 9,636] Creating runfiles tree bazel-out/k8-fastbuild/bin/tests/core/go_test/xml_panic_test_/xml_panic_test.runfiles; 2075s local ... (21 actions, 19 running)
[8,632 / 9,636] Creating runfiles tree bazel-out/k8-fastbuild/bin/tests/core/go_test/xml_panic_test_/xml_panic_test.runfiles; 2077s local ... (21 actions, 20 running)
[8,635 / 9,636] Creating runfiles tree bazel-out/k8-fastbuild/bin/tests/core/go_test/xml_panic_test_/xml_panic_test.runfiles; 2078s local ... (21 actions, 20 running)
[8,636 / 9,636] Creating runfiles tree bazel-out/k8-fastbuild/bin/tests/core/go_test/xml_panic_test_/xml_panic_test.runfiles; 2079s local ... (20 actions, 19 running)
[8,639 / 9,636] Creating runfiles tree bazel-out/k8-fastbuild/bin/tests/core/go_test/xml_panic_test_/xml_panic_test.runfiles; 2081s local ... (20 actions running)
[8,642 / 9,636] Creating runfiles tree bazel-out/k8-fastbuild/bin/tests/core/go_test/xml_panic_test_/xml_panic_test.runfiles; 2082s local ... (20 actions, 19 running)
[8,644 / 9,636] Creating runfiles tree bazel-out/k8-fastbuild/bin/tests/core/go_test/xml_panic_test_/xml_panic_test.runfiles; 2084s local ... (20 actions running)
[8,648 / 9,636] Creating runfiles tree bazel-out/k8-fastbuild/bin/tests/core/go_test/xml_panic_test_/xml_panic_test.runfiles; 2085s local ... (21 actions, 20 running)
[8,649 / 9,636] Creating runfiles tree bazel-out/k8-fastbuild/bin/tests/core/go_test/xml_panic_test_/xml_panic_test.runfiles; 2087s local ... (20 actions, 19 running)
[8,655 / 9,636] Creating runfiles tree bazel-out/k8-fastbuild/bin/tests/core/go_test/xml_panic_test_/xml_panic_test.runfiles; 2088s local ... (20 actions, 19 running)
[8,658 / 9,636] Creating runfiles tree bazel-out/k8-fastbuild/bin/tests/core/go_test/xml_panic_test_/xml_panic_test.runfiles; 2089s local ... (21 actions, 20 running)
[8,666 / 9,636] Creating runfiles tree bazel-out/k8-fastbuild/bin/tests/core/go_test/xml_panic_test_/xml_panic_test.runfiles; 2090s local ... (21 actions, 19 running)
[8,668 / 9,636] Creating runfiles tree bazel-out/k8-fastbuild/bin/tests/core/go_test/xml_panic_test_/xml_panic_test.runfiles; 2091s local ... (20 actions, 19 running)
INFO: From Compiling src/google/protobuf/compiler/kotlin/file.cc [for tool]:
In file included from bazel-out/k8-opt-exec-ST-56ace2bb367b/bin/external/protobuf~/src/google/protobuf/compiler/java/_virtual_includes/helpers/google/protobuf/compiler/java/helpers.h:23,
                 from bazel-out/k8-opt-exec-ST-56ace2bb367b/bin/external/protobuf~/src/google/protobuf/compiler/java/_virtual_includes/helpers/google/protobuf/compiler/java/context.h:15,
                 from bazel-out/k8-opt-exec-ST-56ace2bb367b/bin/external/protobuf~/src/google/protobuf/compiler/kotlin/_virtual_includes/kotlin_internal/google/protobuf/compiler/kotlin/message.h:12,
                 from bazel-out/k8-opt-exec-ST-56ace2bb367b/bin/external/protobuf~/src/google/protobuf/compiler/kotlin/_virtual_includes/kotlin_internal/google/protobuf/compiler/kotlin/file.h:18,
                 from external/protobuf~/src/google/protobuf/compiler/kotlin/file.cc:8:
bazel-out/k8-opt-exec-ST-56ace2bb367b/bin/external/protobuf~/src/google/protobuf/io/_virtual_includes/printer/google/protobuf/io/printer.h: In instantiation of 'void google::protobuf::io::AnnotationProtoCollector<AnnotationProto>::AddAnnotation(size_t, size_t, const std::string&, const std::vector<int>&, std::optional<google::protobuf::io::AnnotationCollector::Semantic>) [with AnnotationProto = google::protobuf::GeneratedCodeInfo; size_t = long unsigned int; std::string = std::__cxx11::basic_string<char>]':
bazel-out/k8-opt-exec-ST-56ace2bb367b/bin/external/protobuf~/src/google/protobuf/io/_virtual_includes/printer/google/protobuf/io/printer.h:123:8:   required from here
  123 |   void AddAnnotation(size_t begin_offset, size_t end_offset,
      |        ^~~~~~~~~~~~~
bazel-out/k8-opt-exec-ST-56ace2bb367b/bin/external/protobuf~/src/google/protobuf/io/_virtual_includes/printer/google/protobuf/io/printer.h:127:23: warning: comparison of integer expressions of different signedness: 'int' and 'std::vector<int>::size_type' {aka 'long unsigned int'} [-Wsign-compare]
  127 |     for (int i = 0; i < path.size(); ++i) {
      |                     ~~^~~~~~~~~~~~~
[8,684 / 9,636] Creating runfiles tree bazel-out/k8-fastbuild/bin/tests/core/go_test/xml_panic_test_/xml_panic_test.runfiles; 2092s local ... (20 actions, 19 running)
[8,689 / 9,636] Creating runfiles tree bazel-out/k8-fastbuild/bin/tests/core/go_test/xml_panic_test_/xml_panic_test.runfiles; 2093s local ... (20 actions, 19 running)
[8,698 / 9,636] Creating runfiles tree bazel-out/k8-fastbuild/bin/tests/core/go_test/xml_panic_test_/xml_panic_test.runfiles; 2095s local ... (20 actions, 18 running)
[8,699 / 9,636] Creating runfiles tree bazel-out/k8-fastbuild/bin/tests/core/go_test/xml_panic_test_/xml_panic_test.runfiles; 2096s local ... (20 actions running)
INFO: From Compiling src/google/protobuf/compiler/kotlin/generator.cc [for tool]:
In file included from bazel-out/k8-opt-exec-ST-56ace2bb367b/bin/external/protobuf~/src/google/protobuf/compiler/java/_virtual_includes/helpers/google/protobuf/compiler/java/helpers.h:23,
                 from external/protobuf~/src/google/protobuf/compiler/kotlin/generator.cc:18:
bazel-out/k8-opt-exec-ST-56ace2bb367b/bin/external/protobuf~/src/google/protobuf/io/_virtual_includes/printer/google/protobuf/io/printer.h: In instantiation of 'void google::protobuf::io::AnnotationProtoCollector<AnnotationProto>::AddAnnotation(size_t, size_t, const std::string&, const std::vector<int>&, std::optional<google::protobuf::io::AnnotationCollector::Semantic>) [with AnnotationProto = google::protobuf::GeneratedCodeInfo; size_t = long unsigned int; std::string = std::__cxx11::basic_string<char>]':
bazel-out/k8-opt-exec-ST-56ace2bb367b/bin/external/protobuf~/src/google/protobuf/io/_virtual_includes/printer/google/protobuf/io/printer.h:123:8:   required from here
  123 |   void AddAnnotation(size_t begin_offset, size_t end_offset,
      |        ^~~~~~~~~~~~~
bazel-out/k8-opt-exec-ST-56ace2bb367b/bin/external/protobuf~/src/google/protobuf/io/_virtual_includes/printer/google/protobuf/io/printer.h:127:23: warning: comparison of integer expressions of different signedness: 'int' and 'std::vector<int>::size_type' {aka 'long unsigned int'} [-Wsign-compare]
  127 |     for (int i = 0; i < path.size(); ++i) {
      |                     ~~^~~~~~~~~~~~~
[8,703 / 9,636] Creating runfiles tree bazel-out/k8-fastbuild/bin/tests/core/go_test/xml_panic_test_/xml_panic_test.runfiles; 2097s local ... (20 actions, 19 running)
[8,707 / 9,636] Creating runfiles tree bazel-out/k8-fastbuild/bin/tests/core/go_test/xml_panic_test_/xml_panic_test.runfiles; 2098s local ... (20 actions, 19 running)
INFO: From Compiling src/google/protobuf/compiler/java/lite/enum.cc [for tool]:
external/protobuf~/src/google/protobuf/compiler/java/lite/enum.cc: In member function 'virtual void google::protobuf::compiler::java::EnumLiteGenerator::Generate(google::protobuf::io::Printer*)':
external/protobuf~/src/google/protobuf/compiler/java/lite/enum.cc:70:21: warning: comparison of integer expressions of different signedness: 'int' and 'std::vector<const google::protobuf::EnumValueDescriptor*>::size_type' {aka 'long unsigned int'} [-Wsign-compare]
   70 |   for (int i = 0; i < canonical_values_.size(); i++) {
      |                   ~~^~~~~~~~~~~~~~~~~~~~~~~~~~
external/protobuf~/src/google/protobuf/compiler/java/lite/enum.cc:94:21: warning: comparison of integer expressions of different signedness: 'int' and 'std::vector<google::protobuf::compiler::java::EnumLiteGenerator::Alias>::size_type' {aka 'long unsigned int'} [-Wsign-compare]
   94 |   for (int i = 0; i < aliases_.size(); i++) {
      |                   ~~^~~~~~~~~~~~~~~~~
external/protobuf~/src/google/protobuf/compiler/java/lite/enum.cc:165:21: warning: comparison of integer expressions of different signedness: 'int' and 'std::vector<const google::protobuf::EnumValueDescriptor*>::size_type' {aka 'long unsigned int'} [-Wsign-compare]
  165 |   for (int i = 0; i < canonical_values_.size(); i++) {
      |                   ~~^~~~~~~~~~~~~~~~~~~~~~~~~~
[8,709 / 9,636] Creating runfiles tree bazel-out/k8-fastbuild/bin/tests/core/go_test/xml_panic_test_/xml_panic_test.runfiles; 2099s local ... (20 actions, 19 running)
[8,711 / 9,636] Creating runfiles tree bazel-out/k8-fastbuild/bin/tests/core/go_test/xml_panic_test_/xml_panic_test.runfiles; 2101s local ... (20 actions running)
[8,713 / 9,636] Creating runfiles tree bazel-out/k8-fastbuild/bin/tests/core/go_test/xml_panic_test_/xml_panic_test.runfiles; 2102s local ... (20 actions running)
[8,715 / 9,636] Creating runfiles tree bazel-out/k8-fastbuild/bin/tests/core/go_test/xml_panic_test_/xml_panic_test.runfiles; 2103s local ... (20 actions, 19 running)
[8,716 / 9,636] Creating runfiles tree bazel-out/k8-fastbuild/bin/tests/core/go_test/xml_panic_test_/xml_panic_test.runfiles; 2105s local ... (20 actions, 19 running)
[8,717 / 9,636] Creating runfiles tree bazel-out/k8-fastbuild/bin/tests/core/go_test/xml_panic_test_/xml_panic_test.runfiles; 2106s local ... (20 actions running)
[8,724 / 9,636] Creating runfiles tree bazel-out/k8-fastbuild/bin/tests/core/go_test/xml_panic_test_/xml_panic_test.runfiles; 2107s local ... (20 actions, 19 running)
[8,727 / 9,636] Creating runfiles tree bazel-out/k8-fastbuild/bin/tests/core/go_test/xml_panic_test_/xml_panic_test.runfiles; 2109s local ... (20 actions, 19 running)
[8,730 / 9,636] Creating runfiles tree bazel-out/k8-fastbuild/bin/tests/core/go_test/xml_panic_test_/xml_panic_test.runfiles; 2110s local ... (20 actions running)
[8,731 / 9,636] Creating runfiles tree bazel-out/k8-fastbuild/bin/tests/core/go_test/xml_panic_test_/xml_panic_test.runfiles; 2111s local ... (20 actions, 19 running)
[8,734 / 9,636] Creating runfiles tree bazel-out/k8-fastbuild/bin/tests/core/go_test/xml_panic_test_/xml_panic_test.runfiles; 2112s local ... (20 actions, 19 running)
[8,735 / 9,636] Creating runfiles tree bazel-out/k8-fastbuild/bin/tests/core/go_test/xml_panic_test_/xml_panic_test.runfiles; 2113s local ... (21 actions, 19 running)
[8,740 / 9,636] Creating runfiles tree bazel-out/k8-fastbuild/bin/tests/core/go_test/xml_panic_test_/xml_panic_test.runfiles; 2115s local ... (20 actions, 19 running)
[8,740 / 9,636] Creating runfiles tree bazel-out/k8-fastbuild/bin/tests/core/go_test/xml_panic_test_/xml_panic_test.runfiles; 2116s local ... (20 actions running)
[8,744 / 9,636] Creating runfiles tree bazel-out/k8-fastbuild/bin/tests/core/go_test/xml_panic_test_/xml_panic_test.runfiles; 2117s local ... (20 actions running)
[8,746 / 9,636] Creating runfiles tree bazel-out/k8-fastbuild/bin/tests/core/go_test/xml_panic_test_/xml_panic_test.runfiles; 2119s local ... (20 actions, 19 running)
[8,748 / 9,636] Creating runfiles tree bazel-out/k8-fastbuild/bin/tests/core/go_test/xml_panic_test_/xml_panic_test.runfiles; 2120s local ... (20 actions running)
[8,750 / 9,636] Creating runfiles tree bazel-out/k8-fastbuild/bin/tests/core/go_test/xml_panic_test_/xml_panic_test.runfiles; 2121s local ... (20 actions, 19 running)
[8,753 / 9,636] Creating runfiles tree bazel-out/k8-fastbuild/bin/tests/core/go_test/xml_panic_test_/xml_panic_test.runfiles; 2123s local ... (20 actions running)
[8,754 / 9,636] Creating runfiles tree bazel-out/k8-fastbuild/bin/tests/core/go_test/xml_panic_test_/xml_panic_test.runfiles; 2124s local ... (20 actions running)
[8,760 / 9,636] Creating runfiles tree bazel-out/k8-fastbuild/bin/tests/core/go_test/xml_panic_test_/xml_panic_test.runfiles; 2125s local ... (20 actions, 18 running)
[8,760 / 9,636] Creating runfiles tree bazel-out/k8-fastbuild/bin/tests/core/go_test/xml_panic_test_/xml_panic_test.runfiles; 2127s local ... (20 actions running)
[8,766 / 9,636] Creating runfiles tree bazel-out/k8-fastbuild/bin/tests/core/go_test/xml_panic_test_/xml_panic_test.runfiles; 2128s local ... (20 actions, 19 running)
[8,768 / 9,636] Creating runfiles tree bazel-out/k8-fastbuild/bin/tests/core/go_test/xml_panic_test_/xml_panic_test.runfiles; 2130s local ... (20 actions, 19 running)
[8,773 / 9,636] Creating runfiles tree bazel-out/k8-fastbuild/bin/tests/core/go_test/xml_panic_test_/xml_panic_test.runfiles; 2131s local ... (21 actions, 18 running)
[8,787 / 9,642] Creating runfiles tree bazel-out/k8-fastbuild/bin/tests/core/go_test/xml_panic_test_/xml_panic_test.runfiles; 2132s local ... (20 actions, 19 running)
[8,793 / 9,643] Creating runfiles tree bazel-out/k8-fastbuild/bin/tests/core/go_test/xml_panic_test_/xml_panic_test.runfiles; 2133s local ... (20 actions, 19 running)
[8,795 / 9,643] Creating runfiles tree bazel-out/k8-fastbuild/bin/tests/core/go_test/xml_panic_test_/xml_panic_test.runfiles; 2134s local ... (20 actions running)
[8,796 / 9,643] Creating runfiles tree bazel-out/k8-fastbuild/bin/tests/core/go_test/xml_panic_test_/xml_panic_test.runfiles; 2135s local ... (20 actions, 19 running)
[8,802 / 9,643] Creating runfiles tree bazel-out/k8-fastbuild/bin/tests/core/go_test/xml_panic_test_/xml_panic_test.runfiles; 2136s local ... (20 actions, 19 running)
[8,809 / 9,643] Creating runfiles tree bazel-out/k8-fastbuild/bin/tests/core/go_test/xml_panic_test_/xml_panic_test.runfiles; 2138s local ... (20 actions running)
[8,814 / 9,643] Creating runfiles tree bazel-out/k8-fastbuild/bin/tests/core/go_test/xml_panic_test_/xml_panic_test.runfiles; 2139s local ... (20 actions, 19 running)
[8,819 / 9,643] Creating runfiles tree bazel-out/k8-fastbuild/bin/tests/core/go_test/xml_panic_test_/xml_panic_test.runfiles; 2140s local ... (20 actions, 18 running)
[8,823 / 9,643] Creating runfiles tree bazel-out/k8-fastbuild/bin/tests/core/go_test/xml_panic_test_/xml_panic_test.runfiles; 2141s local ... (20 actions, 19 running)
[8,826 / 9,643] Creating runfiles tree bazel-out/k8-fastbuild/bin/tests/core/go_test/xml_panic_test_/xml_panic_test.runfiles; 2143s local ... (20 actions, 18 running)
[8,827 / 9,643] Creating runfiles tree bazel-out/k8-fastbuild/bin/tests/core/go_test/xml_panic_test_/xml_panic_test.runfiles; 2144s local ... (20 actions running)
[8,832 / 9,643] Creating runfiles tree bazel-out/k8-fastbuild/bin/tests/core/go_test/xml_panic_test_/xml_panic_test.runfiles; 2145s local ... (20 actions, 19 running)
[8,837 / 9,643] Creating runfiles tree bazel-out/k8-fastbuild/bin/tests/core/go_test/xml_panic_test_/xml_panic_test.runfiles; 2146s local ... (20 actions, 19 running)
[8,839 / 9,643] Creating runfiles tree bazel-out/k8-fastbuild/bin/tests/core/go_test/xml_panic_test_/xml_panic_test.runfiles; 2147s local ... (20 actions, 18 running)
[8,840 / 9,643] Creating runfiles tree bazel-out/k8-fastbuild/bin/tests/core/go_test/xml_panic_test_/xml_panic_test.runfiles; 2149s local ... (20 actions, 19 running)
[8,843 / 9,643] Creating runfiles tree bazel-out/k8-fastbuild/bin/tests/core/go_test/xml_panic_test_/xml_panic_test.runfiles; 2150s local ... (20 actions, 19 running)
[8,843 / 9,643] Creating runfiles tree bazel-out/k8-fastbuild/bin/tests/core/go_test/xml_panic_test_/xml_panic_test.runfiles; 2151s local ... (20 actions running)
INFO: From Compiling src/google/protobuf/compiler/java/full/enum.cc [for tool]:
external/protobuf~/src/google/protobuf/compiler/java/full/enum.cc: In member function 'virtual void google::protobuf::compiler::java::EnumNonLiteGenerator::Generate(google::protobuf::io::Printer*)':
external/protobuf~/src/google/protobuf/compiler/java/full/enum.cc:77:21: warning: comparison of integer expressions of different signedness: 'int' and 'std::vector<const google::protobuf::EnumValueDescriptor*>::size_type' {aka 'long unsigned int'} [-Wsign-compare]
   77 |   for (int i = 0; i < canonical_values_.size(); i++) {
      |                   ~~^~~~~~~~~~~~~~~~~~~~~~~~~~
external/protobuf~/src/google/protobuf/compiler/java/full/enum.cc:85:21: warning: comparison of integer expressions of different signedness: 'int' and 'std::vector<const google::protobuf::EnumValueDescriptor*>::size_type' {aka 'long unsigned int'} [-Wsign-compare]
   85 |   for (int i = 0; i < canonical_values_.size(); i++) {
      |                   ~~^~~~~~~~~~~~~~~~~~~~~~~~~~
external/protobuf~/src/google/protobuf/compiler/java/full/enum.cc:125:21: warning: comparison of integer expressions of different signedness: 'int' and 'std::vector<google::protobuf::compiler::java::EnumNonLiteGenerator::Alias>::size_type' {aka 'long unsigned int'} [-Wsign-compare]
  125 |   for (int i = 0; i < aliases_.size(); i++) {
      |                   ~~^~~~~~~~~~~~~~~~~
external/protobuf~/src/google/protobuf/compiler/java/full/enum.cc:209:21: warning: comparison of integer expressions of different signedness: 'int' and 'std::vector<const google::protobuf::EnumValueDescriptor*>::size_type' {aka 'long unsigned int'} [-Wsign-compare]
  209 |   for (int i = 0; i < canonical_values_.size(); i++) {
      |                   ~~^~~~~~~~~~~~~~~~~~~~~~~~~~
external/protobuf~/src/google/protobuf/compiler/java/full/enum.cc: In member function 'bool google::protobuf::compiler::java::EnumNonLiteGenerator::CanUseEnumValues()':
external/protobuf~/src/google/protobuf/compiler/java/full/enum.cc:383:32: warning: comparison of integer expressions of different signedness: 'std::vector<const google::protobuf::EnumValueDescriptor*>::size_type' {aka 'long unsigned int'} and 'int' [-Wsign-compare]
  383 |   if (canonical_values_.size() != descriptor_->value_count()) {
      |       ~~~~~~~~~~~~~~~~~~~~~~~~~^~~~~~~~~~~~~~~~~~~~~~~~~~~~~
[8,844 / 9,643] Creating runfiles tree bazel-out/k8-fastbuild/bin/tests/core/go_test/xml_panic_test_/xml_panic_test.runfiles; 2152s local ... (20 actions running)
[8,850 / 9,643] Creating runfiles tree bazel-out/k8-fastbuild/bin/tests/core/go_test/xml_panic_test_/xml_panic_test.runfiles; 2153s local ... (20 actions, 19 running)
[8,851 / 9,643] Creating runfiles tree bazel-out/k8-fastbuild/bin/tests/core/go_test/xml_panic_test_/xml_panic_test.runfiles; 2155s local ... (20 actions, 19 running)
[8,857 / 9,643] Creating runfiles tree bazel-out/k8-fastbuild/bin/tests/core/go_test/xml_panic_test_/xml_panic_test.runfiles; 2156s local ... (20 actions, 19 running)
[8,861 / 9,643] Creating runfiles tree bazel-out/k8-fastbuild/bin/tests/core/go_test/xml_panic_test_/xml_panic_test.runfiles; 2157s local ... (20 actions running)
[8,864 / 9,643] Creating runfiles tree bazel-out/k8-fastbuild/bin/tests/core/go_test/xml_panic_test_/xml_panic_test.runfiles; 2158s local ... (20 actions, 19 running)
[8,873 / 9,643] Creating runfiles tree bazel-out/k8-fastbuild/bin/tests/core/go_test/xml_panic_test_/xml_panic_test.runfiles; 2159s local ... (20 actions, 18 running)
[8,875 / 9,643] Creating runfiles tree bazel-out/k8-fastbuild/bin/tests/core/go_test/xml_panic_test_/xml_panic_test.runfiles; 2161s local ... (20 actions running)
[8,881 / 9,643] Creating runfiles tree bazel-out/k8-fastbuild/bin/tests/core/go_test/xml_panic_test_/xml_panic_test.runfiles; 2162s local ... (20 actions, 18 running)
[8,882 / 9,643] Creating runfiles tree bazel-out/k8-fastbuild/bin/tests/core/go_test/xml_panic_test_/xml_panic_test.runfiles; 2164s local ... (20 actions, 19 running)
[8,885 / 9,643] Creating runfiles tree bazel-out/k8-fastbuild/bin/tests/core/go_test/xml_panic_test_/xml_panic_test.runfiles; 2165s local ... (20 actions running)
[8,887 / 9,643] Creating runfiles tree bazel-out/k8-fastbuild/bin/tests/core/go_test/xml_panic_test_/xml_panic_test.runfiles; 2166s local ... (20 actions, 19 running)
[8,893 / 9,643] Creating runfiles tree bazel-out/k8-fastbuild/bin/tests/core/go_test/xml_panic_test_/xml_panic_test.runfiles; 2167s local ... (20 actions, 19 running)
[8,904 / 9,643] Creating runfiles tree bazel-out/k8-fastbuild/bin/tests/core/go_test/xml_panic_test_/xml_panic_test.runfiles; 2168s local ... (20 actions, 18 running)
[8,913 / 9,643] Creating runfiles tree bazel-out/k8-fastbuild/bin/tests/core/go_test/xml_panic_test_/xml_panic_test.runfiles; 2170s local ... (20 actions running)
[8,916 / 9,643] Creating runfiles tree bazel-out/k8-fastbuild/bin/tests/core/go_test/xml_panic_test_/xml_panic_test.runfiles; 2171s local ... (20 actions, 19 running)
INFO: From Building external/protobuf~/java/core/libcore.jar (43 source files, 1 source jar) [for tool]:
external/protobuf~/java/core/src/main/java/com/google/protobuf/RepeatedFieldBuilderV3.java:28: warning: [dep-ann] deprecated item is not annotated with @Deprecated
public class RepeatedFieldBuilderV3<
       ^
[8,919 / 9,643] Creating runfiles tree bazel-out/k8-fastbuild/bin/tests/core/go_test/xml_panic_test_/xml_panic_test.runfiles; 2173s local ... (20 actions, 19 running)
[8,927 / 9,643] Creating runfiles tree bazel-out/k8-fastbuild/bin/tests/core/go_test/xml_panic_test_/xml_panic_test.runfiles; 2174s local ... (20 actions, 19 running)
[8,928 / 9,643] Creating runfiles tree bazel-out/k8-fastbuild/bin/tests/core/go_test/xml_panic_test_/xml_panic_test.runfiles; 2175s local ... (20 actions, 19 running)
[8,928 / 9,643] Creating runfiles tree bazel-out/k8-fastbuild/bin/tests/core/go_test/xml_panic_test_/xml_panic_test.runfiles; 2176s local ... (20 actions running)
[8,931 / 9,643] Creating runfiles tree bazel-out/k8-fastbuild/bin/tests/core/go_test/xml_panic_test_/xml_panic_test.runfiles; 2177s local ... (20 actions, 19 running)
[8,935 / 9,643] Creating runfiles tree bazel-out/k8-fastbuild/bin/tests/core/go_test/xml_panic_test_/xml_panic_test.runfiles; 2179s local ... (20 actions running)
[8,938 / 9,643] Creating runfiles tree bazel-out/k8-fastbuild/bin/tests/core/go_test/xml_panic_test_/xml_panic_test.runfiles; 2180s local ... (20 actions running)
[8,939 / 9,643] Creating runfiles tree bazel-out/k8-fastbuild/bin/tests/core/go_test/xml_panic_test_/xml_panic_test.runfiles; 2181s local ... (20 actions, 19 running)
[8,943 / 9,643] Creating runfiles tree bazel-out/k8-fastbuild/bin/tests/core/go_test/xml_panic_test_/xml_panic_test.runfiles; 2182s local ... (20 actions, 19 running)
[8,945 / 9,643] Creating runfiles tree bazel-out/k8-fastbuild/bin/tests/core/go_test/xml_panic_test_/xml_panic_test.runfiles; 2183s local ... (21 actions, 19 running)
[8,949 / 9,643] Creating runfiles tree bazel-out/k8-fastbuild/bin/tests/core/go_test/xml_panic_test_/xml_panic_test.runfiles; 2185s local ... (21 actions, 19 running)
[8,952 / 9,643] Creating runfiles tree bazel-out/k8-fastbuild/bin/tests/core/go_test/xml_panic_test_/xml_panic_test.runfiles; 2186s local ... (20 actions, 18 running)
[8,958 / 9,643] Creating runfiles tree bazel-out/k8-fastbuild/bin/tests/core/go_test/xml_panic_test_/xml_panic_test.runfiles; 2187s local ... (19 actions, 18 running)
[8,959 / 9,643] Creating runfiles tree bazel-out/k8-fastbuild/bin/tests/core/go_test/xml_panic_test_/xml_panic_test.runfiles; 2188s local ... (19 actions, 17 running)
[8,960 / 9,643] Creating runfiles tree bazel-out/k8-fastbuild/bin/tests/core/go_test/xml_panic_test_/xml_panic_test.runfiles; 2189s local ... (20 actions, 19 running)
[8,969 / 9,643] Creating runfiles tree bazel-out/k8-fastbuild/bin/tests/core/go_test/xml_panic_test_/xml_panic_test.runfiles; 2190s local ... (20 actions, 18 running)
[8,970 / 9,643] Creating runfiles tree bazel-out/k8-fastbuild/bin/tests/core/go_test/xml_panic_test_/xml_panic_test.runfiles; 2191s local ... (20 actions, 19 running)
[8,977 / 9,643] Creating runfiles tree bazel-out/k8-fastbuild/bin/tests/core/go_test/xml_panic_test_/xml_panic_test.runfiles; 2192s local ... (21 actions, 19 running)
[8,984 / 9,643] Creating runfiles tree bazel-out/k8-fastbuild/bin/tests/core/go_test/xml_panic_test_/xml_panic_test.runfiles; 2194s local ... (20 actions, 19 running)
[8,988 / 9,643] Creating runfiles tree bazel-out/k8-fastbuild/bin/tests/core/go_test/xml_panic_test_/xml_panic_test.runfiles; 2195s local ... (20 actions, 18 running)
[8,989 / 9,643] Creating runfiles tree bazel-out/k8-fastbuild/bin/tests/core/go_test/xml_panic_test_/xml_panic_test.runfiles; 2196s local ... (20 actions, 19 running)
[8,993 / 9,643] Creating runfiles tree bazel-out/k8-fastbuild/bin/tests/core/go_test/xml_panic_test_/xml_panic_test.runfiles; 2198s local ... (21 actions, 20 running)
[8,996 / 9,643] Creating runfiles tree bazel-out/k8-fastbuild/bin/tests/core/go_test/xml_panic_test_/xml_panic_test.runfiles; 2199s local ... (20 actions, 19 running)
[8,998 / 9,643] Creating runfiles tree bazel-out/k8-fastbuild/bin/tests/core/go_test/xml_panic_test_/xml_panic_test.runfiles; 2200s local ... (20 actions, 19 running)
[8,999 / 9,643] Creating runfiles tree bazel-out/k8-fastbuild/bin/tests/core/go_test/xml_panic_test_/xml_panic_test.runfiles; 2202s local ... (20 actions, 19 running)
[9,001 / 9,643] Creating runfiles tree bazel-out/k8-fastbuild/bin/tests/core/go_test/xml_panic_test_/xml_panic_test.runfiles; 2203s local ... (21 actions, 20 running)
[9,003 / 9,643] Creating runfiles tree bazel-out/k8-fastbuild/bin/tests/core/go_test/xml_panic_test_/xml_panic_test.runfiles; 2205s local ... (20 actions, 19 running)
INFO: From Compiling src/google/protobuf/compiler/java/full/message.cc [for tool]:
external/protobuf~/src/google/protobuf/compiler/java/full/message.cc: In member function 'void google::protobuf::compiler::java::ImmutableMessageGenerator::GenerateDescriptorMethods(google::protobuf::io::Printer*)':
external/protobuf~/src/google/protobuf/compiler/java/full/message.cc:807:23: warning: comparison of integer expressions of different signedness: 'int' and 'std::vector<const google::protobuf::FieldDescriptor*>::size_type' {aka 'long unsigned int'} [-Wsign-compare]
  807 |     for (int i = 0; i < map_fields.size(); ++i) {
      |                     ~~^~~~~~~~~~~~~~~~~~~
[9,006 / 9,643] Creating runfiles tree bazel-out/k8-fastbuild/bin/tests/core/go_test/xml_panic_test_/xml_panic_test.runfiles; 2206s local ... (20 actions, 19 running)
[9,008 / 9,643] Creating runfiles tree bazel-out/k8-fastbuild/bin/tests/core/go_test/xml_panic_test_/xml_panic_test.runfiles; 2207s local ... (20 actions, 19 running)
[9,011 / 9,643] Creating runfiles tree bazel-out/k8-fastbuild/bin/tests/core/go_test/xml_panic_test_/xml_panic_test.runfiles; 2208s local ... (21 actions, 19 running)
INFO: From Compiling src/google/protobuf/compiler/java/full/message_builder.cc [for tool]:
external/protobuf~/src/google/protobuf/compiler/java/full/message_builder.cc: In member function 'void google::protobuf::compiler::java::MessageBuilderGenerator::GenerateDescriptorMethods(google::protobuf::io::Printer*)':
external/protobuf~/src/google/protobuf/compiler/java/full/message_builder.cc:214:23: warning: comparison of integer expressions of different signedness: 'int' and 'std::vector<const google::protobuf::FieldDescriptor*>::size_type' {aka 'long unsigned int'} [-Wsign-compare]
  214 |     for (int i = 0; i < map_fields.size(); ++i) {
      |                     ~~^~~~~~~~~~~~~~~~~~~
external/protobuf~/src/google/protobuf/compiler/java/full/message_builder.cc:240:23: warning: comparison of integer expressions of different signedness: 'int' and 'std::vector<const google::protobuf::FieldDescriptor*>::size_type' {aka 'long unsigned int'} [-Wsign-compare]
  240 |     for (int i = 0; i < map_fields.size(); ++i) {
      |                     ~~^~~~~~~~~~~~~~~~~~~
[9,012 / 9,643] Creating runfiles tree bazel-out/k8-fastbuild/bin/tests/core/go_test/xml_panic_test_/xml_panic_test.runfiles; 2209s local ... (20 actions, 18 running)
[9,014 / 9,643] Creating runfiles tree bazel-out/k8-fastbuild/bin/tests/core/go_test/xml_panic_test_/xml_panic_test.runfiles; 2210s local ... (21 actions, 19 running)
[9,016 / 9,643] Creating runfiles tree bazel-out/k8-fastbuild/bin/tests/core/go_test/xml_panic_test_/xml_panic_test.runfiles; 2211s local ... (20 actions, 19 running)
[9,017 / 9,643] Creating runfiles tree bazel-out/k8-fastbuild/bin/tests/core/go_test/xml_panic_test_/xml_panic_test.runfiles; 2212s local ... (20 actions, 19 running)
[9,021 / 9,643] Creating runfiles tree bazel-out/k8-fastbuild/bin/tests/core/go_test/xml_panic_test_/xml_panic_test.runfiles; 2214s local ... (20 actions running)
[9,025 / 9,643] Creating runfiles tree bazel-out/k8-fastbuild/bin/tests/core/go_test/xml_panic_test_/xml_panic_test.runfiles; 2216s local ... (20 actions, 19 running)
[9,029 / 9,643] Creating runfiles tree bazel-out/k8-fastbuild/bin/tests/core/go_test/xml_panic_test_/xml_panic_test.runfiles; 2217s local ... (20 actions, 19 running)
[9,032 / 9,643] Creating runfiles tree bazel-out/k8-fastbuild/bin/tests/core/go_test/xml_panic_test_/xml_panic_test.runfiles; 2218s local ... (20 actions running)
INFO: From Compiling src/google/protobuf/compiler/kotlin/generator.cc [for tool]:
In file included from bazel-out/k8-opt-exec-ST-ff33fa86d2cc/bin/external/protobuf~/src/google/protobuf/compiler/java/_virtual_includes/helpers/google/protobuf/compiler/java/helpers.h:23,
                 from external/protobuf~/src/google/protobuf/compiler/kotlin/generator.cc:18:
bazel-out/k8-opt-exec-ST-ff33fa86d2cc/bin/external/protobuf~/src/google/protobuf/io/_virtual_includes/printer/google/protobuf/io/printer.h: In instantiation of 'void google::protobuf::io::AnnotationProtoCollector<AnnotationProto>::AddAnnotation(size_t, size_t, const std::string&, const std::vector<int>&, std::optional<google::protobuf::io::AnnotationCollector::Semantic>) [with AnnotationProto = google::protobuf::GeneratedCodeInfo; size_t = long unsigned int; std::string = std::__cxx11::basic_string<char>]':
bazel-out/k8-opt-exec-ST-ff33fa86d2cc/bin/external/protobuf~/src/google/protobuf/io/_virtual_includes/printer/google/protobuf/io/printer.h:123:8:   required from here
  123 |   void AddAnnotation(size_t begin_offset, size_t end_offset,
      |        ^~~~~~~~~~~~~
bazel-out/k8-opt-exec-ST-ff33fa86d2cc/bin/external/protobuf~/src/google/protobuf/io/_virtual_includes/printer/google/protobuf/io/printer.h:127:23: warning: comparison of integer expressions of different signedness: 'int' and 'std::vector<int>::size_type' {aka 'long unsigned int'} [-Wsign-compare]
  127 |     for (int i = 0; i < path.size(); ++i) {
      |                     ~~^~~~~~~~~~~~~
[9,035 / 9,643] Creating runfiles tree bazel-out/k8-fastbuild/bin/tests/core/go_test/xml_panic_test_/xml_panic_test.runfiles; 2219s local ... (20 actions, 19 running)
[9,038 / 9,643] Creating runfiles tree bazel-out/k8-fastbuild/bin/tests/core/go_test/xml_panic_test_/xml_panic_test.runfiles; 2220s local ... (20 actions, 19 running)
[9,041 / 9,643] Creating runfiles tree bazel-out/k8-fastbuild/bin/tests/core/go_test/xml_panic_test_/xml_panic_test.runfiles; 2222s local ... (21 actions, 20 running)
INFO: From Compiling src/google/protobuf/compiler/kotlin/file.cc [for tool]:
In file included from bazel-out/k8-opt-exec-ST-ff33fa86d2cc/bin/external/protobuf~/src/google/protobuf/compiler/java/_virtual_includes/helpers/google/protobuf/compiler/java/helpers.h:23,
                 from bazel-out/k8-opt-exec-ST-ff33fa86d2cc/bin/external/protobuf~/src/google/protobuf/compiler/java/_virtual_includes/helpers/google/protobuf/compiler/java/context.h:15,
                 from bazel-out/k8-opt-exec-ST-ff33fa86d2cc/bin/external/protobuf~/src/google/protobuf/compiler/kotlin/_virtual_includes/kotlin_internal/google/protobuf/compiler/kotlin/message.h:12,
                 from bazel-out/k8-opt-exec-ST-ff33fa86d2cc/bin/external/protobuf~/src/google/protobuf/compiler/kotlin/_virtual_includes/kotlin_internal/google/protobuf/compiler/kotlin/file.h:18,
                 from external/protobuf~/src/google/protobuf/compiler/kotlin/file.cc:8:
bazel-out/k8-opt-exec-ST-ff33fa86d2cc/bin/external/protobuf~/src/google/protobuf/io/_virtual_includes/printer/google/protobuf/io/printer.h: In instantiation of 'void google::protobuf::io::AnnotationProtoCollector<AnnotationProto>::AddAnnotation(size_t, size_t, const std::string&, const std::vector<int>&, std::optional<google::protobuf::io::AnnotationCollector::Semantic>) [with AnnotationProto = google::protobuf::GeneratedCodeInfo; size_t = long unsigned int; std::string = std::__cxx11::basic_string<char>]':
bazel-out/k8-opt-exec-ST-ff33fa86d2cc/bin/external/protobuf~/src/google/protobuf/io/_virtual_includes/printer/google/protobuf/io/printer.h:123:8:   required from here
  123 |   void AddAnnotation(size_t begin_offset, size_t end_offset,
      |        ^~~~~~~~~~~~~
bazel-out/k8-opt-exec-ST-ff33fa86d2cc/bin/external/protobuf~/src/google/protobuf/io/_virtual_includes/printer/google/protobuf/io/printer.h:127:23: warning: comparison of integer expressions of different signedness: 'int' and 'std::vector<int>::size_type' {aka 'long unsigned int'} [-Wsign-compare]
  127 |     for (int i = 0; i < path.size(); ++i) {
      |                     ~~^~~~~~~~~~~~~
[9,045 / 9,643] Creating runfiles tree bazel-out/k8-fastbuild/bin/tests/core/go_test/xml_panic_test_/xml_panic_test.runfiles; 2224s local ... (20 actions, 18 running)
[9,046 / 9,643] Creating runfiles tree bazel-out/k8-fastbuild/bin/tests/core/go_test/xml_panic_test_/xml_panic_test.runfiles; 2225s local ... (20 actions running)
INFO: From Compiling src/google/protobuf/compiler/java/lite/enum.cc [for tool]:
external/protobuf~/src/google/protobuf/compiler/java/lite/enum.cc: In member function 'virtual void google::protobuf::compiler::java::EnumLiteGenerator::Generate(google::protobuf::io::Printer*)':
external/protobuf~/src/google/protobuf/compiler/java/lite/enum.cc:70:21: warning: comparison of integer expressions of different signedness: 'int' and 'std::vector<const google::protobuf::EnumValueDescriptor*>::size_type' {aka 'long unsigned int'} [-Wsign-compare]
   70 |   for (int i = 0; i < canonical_values_.size(); i++) {
      |                   ~~^~~~~~~~~~~~~~~~~~~~~~~~~~
external/protobuf~/src/google/protobuf/compiler/java/lite/enum.cc:94:21: warning: comparison of integer expressions of different signedness: 'int' and 'std::vector<google::protobuf::compiler::java::EnumLiteGenerator::Alias>::size_type' {aka 'long unsigned int'} [-Wsign-compare]
   94 |   for (int i = 0; i < aliases_.size(); i++) {
      |                   ~~^~~~~~~~~~~~~~~~~
external/protobuf~/src/google/protobuf/compiler/java/lite/enum.cc:165:21: warning: comparison of integer expressions of different signedness: 'int' and 'std::vector<const google::protobuf::EnumValueDescriptor*>::size_type' {aka 'long unsigned int'} [-Wsign-compare]
  165 |   for (int i = 0; i < canonical_values_.size(); i++) {
      |                   ~~^~~~~~~~~~~~~~~~~~~~~~~~~~
[9,050 / 9,643] Creating runfiles tree bazel-out/k8-fastbuild/bin/tests/core/go_test/xml_panic_test_/xml_panic_test.runfiles; 2226s local ... (20 actions, 19 running)
[9,051 / 9,643] Creating runfiles tree bazel-out/k8-fastbuild/bin/tests/core/go_test/xml_panic_test_/xml_panic_test.runfiles; 2227s local ... (20 actions, 19 running)
[9,055 / 9,643] Creating runfiles tree bazel-out/k8-fastbuild/bin/tests/core/go_test/xml_panic_test_/xml_panic_test.runfiles; 2229s local ... (21 actions, 19 running)
[9,058 / 9,643] Creating runfiles tree bazel-out/k8-fastbuild/bin/tests/core/go_test/xml_panic_test_/xml_panic_test.runfiles; 2230s local ... (21 actions, 20 running)
[9,059 / 9,643] Creating runfiles tree bazel-out/k8-fastbuild/bin/tests/core/go_test/xml_panic_test_/xml_panic_test.runfiles; 2232s local ... (20 actions, 19 running)
[9,065 / 9,650] Creating runfiles tree bazel-out/k8-fastbuild/bin/tests/core/go_test/xml_panic_test_/xml_panic_test.runfiles; 2233s local ... (20 actions, 19 running)
[9,070 / 9,651] Creating runfiles tree bazel-out/k8-fastbuild/bin/tests/core/go_test/xml_panic_test_/xml_panic_test.runfiles; 2234s local ... (20 actions running)
[9,074 / 9,651] Creating runfiles tree bazel-out/k8-fastbuild/bin/tests/core/go_test/xml_panic_test_/xml_panic_test.runfiles; 2235s local ... (21 actions, 19 running)
[9,075 / 9,651] Creating runfiles tree bazel-out/k8-fastbuild/bin/tests/core/go_test/xml_panic_test_/xml_panic_test.runfiles; 2236s local ... (21 actions, 20 running)
[9,076 / 9,651] Creating runfiles tree bazel-out/k8-fastbuild/bin/tests/core/go_test/xml_panic_test_/xml_panic_test.runfiles; 2238s local ... (20 actions, 19 running)
[9,078 / 9,651] Creating runfiles tree bazel-out/k8-fastbuild/bin/tests/core/go_test/xml_panic_test_/xml_panic_test.runfiles; 2240s local ... (20 actions, 19 running)
[9,079 / 9,651] Creating runfiles tree bazel-out/k8-fastbuild/bin/tests/core/go_test/xml_panic_test_/xml_panic_test.runfiles; 2241s local ... (20 actions, 19 running)
[9,080 / 9,651] Creating runfiles tree bazel-out/k8-fastbuild/bin/tests/core/go_test/xml_panic_test_/xml_panic_test.runfiles; 2242s local ... (21 actions, 20 running)
[9,083 / 9,651] Creating runfiles tree bazel-out/k8-fastbuild/bin/tests/core/go_test/xml_panic_test_/xml_panic_test.runfiles; 2243s local ... (20 actions, 19 running)
[9,089 / 9,658] Creating runfiles tree bazel-out/k8-fastbuild/bin/tests/core/go_test/xml_panic_test_/xml_panic_test.runfiles; 2244s local ... (20 actions, 19 running)
[9,095 / 9,662] Creating runfiles tree bazel-out/k8-fastbuild/bin/tests/core/go_test/xml_panic_test_/xml_panic_test.runfiles; 2246s local ... (20 actions running)
[9,096 / 9,662] Creating runfiles tree bazel-out/k8-fastbuild/bin/tests/core/go_test/xml_panic_test_/xml_panic_test.runfiles; 2247s local ... (20 actions running)
[9,097 / 9,662] Creating runfiles tree bazel-out/k8-fastbuild/bin/tests/core/go_test/xml_panic_test_/xml_panic_test.runfiles; 2249s local ... (20 actions, 19 running)
[9,098 / 9,662] Creating runfiles tree bazel-out/k8-fastbuild/bin/tests/core/go_test/xml_panic_test_/xml_panic_test.runfiles; 2250s local ... (20 actions running)
[9,100 / 9,662] Creating runfiles tree bazel-out/k8-fastbuild/bin/tests/core/go_test/xml_panic_test_/xml_panic_test.runfiles; 2251s local ... (20 actions running)
[9,101 / 9,662] Creating runfiles tree bazel-out/k8-fastbuild/bin/tests/core/go_test/xml_panic_test_/xml_panic_test.runfiles; 2253s local ... (20 actions running)
[9,102 / 9,662] Creating runfiles tree bazel-out/k8-fastbuild/bin/tests/core/go_test/xml_panic_test_/xml_panic_test.runfiles; 2255s local ... (20 actions, 19 running)
[9,103 / 9,662] Creating runfiles tree bazel-out/k8-fastbuild/bin/tests/core/go_test/xml_panic_test_/xml_panic_test.runfiles; 2256s local ... (20 actions, 19 running)
[9,104 / 9,662] Creating runfiles tree bazel-out/k8-fastbuild/bin/tests/core/go_test/xml_panic_test_/xml_panic_test.runfiles; 2258s local ... (20 actions, 19 running)
[9,104 / 9,664] Creating runfiles tree bazel-out/k8-fastbuild/bin/tests/core/go_test/xml_panic_test_/xml_panic_test.runfiles; 2259s local ... (20 actions running)
[9,105 / 9,668] Creating runfiles tree bazel-out/k8-fastbuild/bin/tests/core/go_test/xml_panic_test_/xml_panic_test.runfiles; 2261s local ... (20 actions running)
[9,108 / 9,671] Creating runfiles tree bazel-out/k8-fastbuild/bin/tests/core/go_test/xml_panic_test_/xml_panic_test.runfiles; 2262s local ... (20 actions running)
[9,109 / 9,672] Creating runfiles tree bazel-out/k8-fastbuild/bin/tests/core/go_test/xml_panic_test_/xml_panic_test.runfiles; 2263s local ... (20 actions running)
[9,112 / 9,679] Creating runfiles tree bazel-out/k8-fastbuild/bin/tests/core/go_test/xml_panic_test_/xml_panic_test.runfiles; 2264s local ... (20 actions running)
[9,116 / 9,691] Creating runfiles tree bazel-out/k8-fastbuild/bin/tests/core/go_test/xml_panic_test_/xml_panic_test.runfiles; 2266s local ... (20 actions, 19 running)
[9,118 / 9,698] Creating runfiles tree bazel-out/k8-fastbuild/bin/tests/core/go_test/xml_panic_test_/xml_panic_test.runfiles; 2267s local ... (20 actions running)
[9,120 / 9,701] Creating runfiles tree bazel-out/k8-fastbuild/bin/tests/core/go_test/xml_panic_test_/xml_panic_test.runfiles; 2268s local ... (20 actions, 19 running)
[9,130 / 9,710] Creating runfiles tree bazel-out/k8-fastbuild/bin/tests/core/go_test/xml_panic_test_/xml_panic_test.runfiles; 2269s local ... (20 actions, 19 running)
[9,136 / 9,712] Creating runfiles tree bazel-out/k8-fastbuild/bin/tests/core/go_test/xml_panic_test_/xml_panic_test.runfiles; 2271s local ... (20 actions running)
[9,136 / 9,712] Creating runfiles tree bazel-out/k8-fastbuild/bin/tests/core/go_test/xml_panic_test_/xml_panic_test.runfiles; 2281s local ... (20 actions running)
[9,137 / 9,712] Creating runfiles tree bazel-out/k8-fastbuild/bin/tests/core/go_test/xml_panic_test_/xml_panic_test.runfiles; 2282s local ... (20 actions, 19 running)
[9,141 / 9,712] Creating runfiles tree bazel-out/k8-fastbuild/bin/tests/core/go_test/xml_panic_test_/xml_panic_test.runfiles; 2284s local ... (20 actions, 19 running)
[9,146 / 9,712] Creating runfiles tree bazel-out/k8-fastbuild/bin/tests/core/go_test/xml_panic_test_/xml_panic_test.runfiles; 2285s local ... (20 actions, 19 running)
[9,150 / 9,712] Creating runfiles tree bazel-out/k8-fastbuild/bin/tests/core/go_test/xml_panic_test_/xml_panic_test.runfiles; 2286s local ... (20 actions running)
[9,156 / 9,712] Creating runfiles tree bazel-out/k8-fastbuild/bin/tests/core/go_test/xml_panic_test_/xml_panic_test.runfiles; 2287s local ... (20 actions, 19 running)
[9,158 / 9,712] Creating runfiles tree bazel-out/k8-fastbuild/bin/tests/core/go_test/xml_panic_test_/xml_panic_test.runfiles; 2288s local ... (20 actions, 19 running)
[9,159 / 9,712] Creating runfiles tree bazel-out/k8-fastbuild/bin/tests/core/go_test/xml_panic_test_/xml_panic_test.runfiles; 2290s local ... (20 actions running)
[9,160 / 9,712] Creating runfiles tree bazel-out/k8-fastbuild/bin/tests/core/go_test/xml_panic_test_/xml_panic_test.runfiles; 2294s local ... (20 actions, 19 running)
[9,161 / 9,712] Creating runfiles tree bazel-out/k8-fastbuild/bin/tests/core/go_test/xml_panic_test_/xml_panic_test.runfiles; 2295s local ... (20 actions, 19 running)
[9,161 / 9,712] Creating runfiles tree bazel-out/k8-fastbuild/bin/tests/core/go_test/xml_panic_test_/xml_panic_test.runfiles; 2296s local ... (20 actions, 19 running)
[9,162 / 9,712] Creating runfiles tree bazel-out/k8-fastbuild/bin/tests/core/go_test/xml_panic_test_/xml_panic_test.runfiles; 2298s local ... (20 actions, 19 running)
[9,166 / 9,712] Creating runfiles tree bazel-out/k8-fastbuild/bin/tests/core/go_test/xml_panic_test_/xml_panic_test.runfiles; 2299s local ... (20 actions running)
[9,166 / 9,712] Creating runfiles tree bazel-out/k8-fastbuild/bin/tests/core/go_test/xml_panic_test_/xml_panic_test.runfiles; 2309s local ... (20 actions running)
[9,167 / 9,712] Creating runfiles tree bazel-out/k8-fastbuild/bin/tests/core/go_test/xml_panic_test_/xml_panic_test.runfiles; 2310s local ... (20 actions, 19 running)
[9,168 / 9,712] Creating runfiles tree bazel-out/k8-fastbuild/bin/tests/core/go_test/xml_panic_test_/xml_panic_test.runfiles; 2312s local ... (20 actions, 19 running)
[9,170 / 9,712] Creating runfiles tree bazel-out/k8-fastbuild/bin/tests/core/go_test/xml_panic_test_/xml_panic_test.runfiles; 2313s local ... (20 actions running)
[9,174 / 9,712] Creating runfiles tree bazel-out/k8-fastbuild/bin/tests/core/go_test/xml_panic_test_/xml_panic_test.runfiles; 2314s local ... (20 actions, 18 running)
[9,177 / 9,712] Creating runfiles tree bazel-out/k8-fastbuild/bin/tests/core/go_test/xml_panic_test_/xml_panic_test.runfiles; 2315s local ... (20 actions, 18 running)
[9,181 / 9,712] Creating runfiles tree bazel-out/k8-fastbuild/bin/tests/core/go_test/xml_panic_test_/xml_panic_test.runfiles; 2317s local ... (20 actions running)
[9,185 / 9,712] Creating runfiles tree bazel-out/k8-fastbuild/bin/tests/core/go_test/xml_panic_test_/xml_panic_test.runfiles; 2318s local ... (19 actions, 18 running)
[9,187 / 9,712] Creating runfiles tree bazel-out/k8-fastbuild/bin/tests/core/go_test/xml_panic_test_/xml_panic_test.runfiles; 2320s local ... (20 actions, 18 running)
[9,208 / 9,712] Creating runfiles tree bazel-out/k8-fastbuild/bin/tests/core/go_test/xml_panic_test_/xml_panic_test.runfiles; 2321s local ... (19 actions, 18 running)
[9,211 / 9,712] Creating runfiles tree bazel-out/k8-fastbuild/bin/tests/core/go_test/xml_panic_test_/xml_panic_test.runfiles; 2322s local ... (19 actions, 18 running)
[9,223 / 9,712] Creating runfiles tree bazel-out/k8-fastbuild/bin/tests/core/go_test/xml_panic_test_/xml_panic_test.runfiles; 2323s local ... (20 actions running)
[9,227 / 9,712] Creating runfiles tree bazel-out/k8-fastbuild/bin/tests/core/go_test/xml_panic_test_/xml_panic_test.runfiles; 2324s local ... (20 actions, 19 running)
[9,234 / 9,712] Creating runfiles tree bazel-out/k8-fastbuild/bin/tests/core/go_test/xml_panic_test_/xml_panic_test.runfiles; 2326s local ... (20 actions, 19 running)
[9,237 / 9,712] Creating runfiles tree bazel-out/k8-fastbuild/bin/tests/core/go_test/xml_panic_test_/xml_panic_test.runfiles; 2327s local ... (20 actions, 19 running)
[9,243 / 9,712] Creating runfiles tree bazel-out/k8-fastbuild/bin/tests/core/go_test/xml_panic_test_/xml_panic_test.runfiles; 2328s local ... (20 actions, 19 running)
[9,243 / 9,712] Creating runfiles tree bazel-out/k8-fastbuild/bin/tests/core/go_test/xml_panic_test_/xml_panic_test.runfiles; 2330s local ... (20 actions, 19 running)
[9,247 / 9,712] Creating runfiles tree bazel-out/k8-fastbuild/bin/tests/core/go_test/xml_panic_test_/xml_panic_test.runfiles; 2331s local ... (20 actions running)
[9,249 / 9,712] Creating runfiles tree bazel-out/k8-fastbuild/bin/tests/core/go_test/xml_panic_test_/xml_panic_test.runfiles; 2332s local ... (20 actions running)
[9,253 / 9,712] Creating runfiles tree bazel-out/k8-fastbuild/bin/tests/core/go_test/xml_panic_test_/xml_panic_test.runfiles; 2334s local ... (20 actions running)
[9,255 / 9,712] Creating runfiles tree bazel-out/k8-fastbuild/bin/tests/core/go_test/xml_panic_test_/xml_panic_test.runfiles; 2335s local ... (20 actions, 19 running)
[9,256 / 9,712] Creating runfiles tree bazel-out/k8-fastbuild/bin/tests/core/go_test/xml_panic_test_/xml_panic_test.runfiles; 2336s local ... (20 actions, 19 running)
[9,260 / 9,712] Creating runfiles tree bazel-out/k8-fastbuild/bin/tests/core/go_test/xml_panic_test_/xml_panic_test.runfiles; 2338s local ... (20 actions, 19 running)
[9,267 / 9,712] Creating runfiles tree bazel-out/k8-fastbuild/bin/tests/core/go_test/xml_panic_test_/xml_panic_test.runfiles; 2339s local ... (20 actions, 19 running)
[9,267 / 9,712] Creating runfiles tree bazel-out/k8-fastbuild/bin/tests/core/go_test/xml_panic_test_/xml_panic_test.runfiles; 2341s local ... (20 actions, 19 running)
[9,272 / 9,712] Creating runfiles tree bazel-out/k8-fastbuild/bin/tests/core/go_test/xml_panic_test_/xml_panic_test.runfiles; 2342s local ... (20 actions, 19 running)
[9,274 / 9,712] Creating runfiles tree bazel-out/k8-fastbuild/bin/tests/core/go_test/xml_panic_test_/xml_panic_test.runfiles; 2343s local ... (20 actions, 19 running)
[9,276 / 9,712] Creating runfiles tree bazel-out/k8-fastbuild/bin/tests/core/go_test/xml_panic_test_/xml_panic_test.runfiles; 2344s local ... (20 actions, 19 running)
[9,276 / 9,712] Creating runfiles tree bazel-out/k8-fastbuild/bin/tests/core/go_test/xml_panic_test_/xml_panic_test.runfiles; 2346s local ... (20 actions, 19 running)
[9,280 / 9,712] Creating runfiles tree bazel-out/k8-fastbuild/bin/tests/core/go_test/xml_panic_test_/xml_panic_test.runfiles; 2347s local ... (20 actions running)
[9,283 / 9,712] Creating runfiles tree bazel-out/k8-fastbuild/bin/tests/core/go_test/xml_panic_test_/xml_panic_test.runfiles; 2348s local ... (19 actions, 18 running)
[9,283 / 9,712] Creating runfiles tree bazel-out/k8-fastbuild/bin/tests/core/go_test/xml_panic_test_/xml_panic_test.runfiles; 2350s local ... (19 actions running)
[9,286 / 9,712] Creating runfiles tree bazel-out/k8-fastbuild/bin/tests/core/go_test/xml_panic_test_/xml_panic_test.runfiles; 2352s local ... (19 actions running)
[9,287 / 9,712] Creating runfiles tree bazel-out/k8-fastbuild/bin/tests/core/go_test/xml_panic_test_/xml_panic_test.runfiles; 2355s local ... (18 actions running)
[9,288 / 9,712] Creating runfiles tree bazel-out/k8-fastbuild/bin/tests/core/go_test/xml_panic_test_/xml_panic_test.runfiles; 2358s local ... (18 actions, 17 running)
[9,290 / 9,712] Creating runfiles tree bazel-out/k8-fastbuild/bin/tests/core/go_test/xml_panic_test_/xml_panic_test.runfiles; 2359s local ... (18 actions, 17 running)
[9,294 / 9,712] Creating runfiles tree bazel-out/k8-fastbuild/bin/tests/core/go_test/xml_panic_test_/xml_panic_test.runfiles; 2360s local ... (18 actions, 17 running)
[9,296 / 9,712] Creating runfiles tree bazel-out/k8-fastbuild/bin/tests/core/go_test/xml_panic_test_/xml_panic_test.runfiles; 2362s local ... (18 actions, 17 running)
[9,299 / 9,712] Creating runfiles tree bazel-out/k8-fastbuild/bin/tests/core/go_test/xml_panic_test_/xml_panic_test.runfiles; 2364s local ... (18 actions running)
[9,299 / 9,712] Creating runfiles tree bazel-out/k8-fastbuild/bin/tests/core/go_test/xml_panic_test_/xml_panic_test.runfiles; 2371s local ... (19 actions, 18 running)
[9,299 / 9,712] Creating runfiles tree bazel-out/k8-fastbuild/bin/tests/core/go_test/xml_panic_test_/xml_panic_test.runfiles; 2373s local ... (19 actions running)
[9,303 / 9,712] Creating runfiles tree bazel-out/k8-fastbuild/bin/tests/core/go_test/xml_panic_test_/xml_panic_test.runfiles; 2374s local ... (19 actions, 18 running)
[9,303 / 9,712] Creating runfiles tree bazel-out/k8-fastbuild/bin/tests/core/go_test/xml_panic_test_/xml_panic_test.runfiles; 2376s local ... (19 actions running)
[9,304 / 9,712] Creating runfiles tree bazel-out/k8-fastbuild/bin/tests/core/go_test/xml_panic_test_/xml_panic_test.runfiles; 2378s local ... (18 actions running)
[9,304 / 9,712] Creating runfiles tree bazel-out/k8-fastbuild/bin/tests/core/go_test/xml_panic_test_/xml_panic_test.runfiles; 2388s local ... (18 actions running)
[9,304 / 9,712] Creating runfiles tree bazel-out/k8-fastbuild/bin/tests/core/go_test/xml_panic_test_/xml_panic_test.runfiles; 2392s local ... (19 actions, 18 running)
[9,305 / 9,712] Creating runfiles tree bazel-out/k8-fastbuild/bin/tests/core/nogo/generics/generics_test_/generics_test.runfiles; 1554s local ... (20 actions, 19 running)
[9,308 / 9,712] Creating runfiles tree bazel-out/k8-fastbuild/bin/tests/core/nogo/generics/generics_test_/generics_test.runfiles; 1556s local ... (20 actions, 19 running)
[9,309 / 9,712] Creating runfiles tree bazel-out/k8-fastbuild/bin/tests/core/nogo/generics/generics_test_/generics_test.runfiles; 1557s local ... (20 actions, 19 running)
[9,313 / 9,712] Creating runfiles tree bazel-out/k8-fastbuild/bin/tests/core/nogo/generics/generics_test_/generics_test.runfiles; 1559s local ... (20 actions, 19 running)
[9,324 / 9,712] Creating runfiles tree bazel-out/k8-fastbuild/bin/tests/core/nogo/generics/generics_test_/generics_test.runfiles; 1560s local ... (20 actions, 19 running)
[9,329 / 9,712] Creating runfiles tree bazel-out/k8-fastbuild/bin/tests/core/nogo/generics/generics_test_/generics_test.runfiles; 1561s local ... (20 actions, 19 running)
[9,337 / 9,712] Creating runfiles tree bazel-out/k8-fastbuild/bin/tests/core/nogo/generics/generics_test_/generics_test.runfiles; 1562s local ... (20 actions running)
[9,338 / 9,712] Creating runfiles tree bazel-out/k8-fastbuild/bin/tests/core/nogo/generics/generics_test_/generics_test.runfiles; 1566s local ... (20 actions, 19 running)
[9,345 / 9,712] Creating runfiles tree bazel-out/k8-fastbuild/bin/tests/core/nogo/generics/generics_test_/generics_test.runfiles; 1567s local ... (20 actions running)
[9,351 / 9,715] Creating runfiles tree bazel-out/k8-fastbuild/bin/tests/core/nogo/generics/generics_test_/generics_test.runfiles; 1568s local ... (20 actions running)
[9,352 / 9,715] Creating runfiles tree bazel-out/k8-fastbuild/bin/tests/core/nogo/generics/generics_test_/generics_test.runfiles; 1569s local ... (20 actions, 19 running)
[9,363 / 9,715] Creating runfiles tree bazel-out/k8-fastbuild/bin/tests/core/nogo/generics/generics_test_/generics_test.runfiles; 1570s local ... (20 actions, 18 running)
[9,371 / 9,715] Creating runfiles tree bazel-out/k8-fastbuild/bin/tests/core/nogo/generics/generics_test_/generics_test.runfiles; 1571s local ... (20 actions, 18 running)
[9,383 / 9,715] Creating runfiles tree bazel-out/k8-fastbuild/bin/tests/core/nogo/generics/generics_test_/generics_test.runfiles; 1573s local ... (20 actions, 19 running)
[9,384 / 9,715] Creating runfiles tree bazel-out/k8-fastbuild/bin/tests/core/nogo/generics/generics_test_/generics_test.runfiles; 1574s local ... (20 actions, 19 running)
[9,385 / 9,715] Creating runfiles tree bazel-out/k8-fastbuild/bin/tests/core/nogo/generics/generics_test_/generics_test.runfiles; 1575s local ... (20 actions, 19 running)
[9,386 / 9,715] Creating runfiles tree bazel-out/k8-fastbuild/bin/tests/core/nogo/generics/generics_test_/generics_test.runfiles; 1576s local ... (20 actions, 18 running)
[9,390 / 9,715] Creating runfiles tree bazel-out/k8-fastbuild/bin/tests/core/nogo/generics/generics_test_/generics_test.runfiles; 1577s local ... (20 actions, 19 running)
[9,394 / 9,715] Creating runfiles tree bazel-out/k8-fastbuild/bin/tests/core/nogo/generics/generics_test_/generics_test.runfiles; 1579s local ... (20 actions, 18 running)
[9,398 / 9,715] Creating runfiles tree bazel-out/k8-fastbuild/bin/tests/core/nogo/generics/generics_test_/generics_test.runfiles; 1580s local ... (20 actions, 18 running)
[9,401 / 9,715] Creating runfiles tree bazel-out/k8-fastbuild/bin/tests/core/nogo/generics/generics_test_/generics_test.runfiles; 1581s local ... (20 actions, 18 running)
[9,410 / 9,715] Creating runfiles tree bazel-out/k8-fastbuild/bin/tests/core/nogo/generics/generics_test_/generics_test.runfiles; 1582s local ... (20 actions running)
[9,420 / 9,715] Creating runfiles tree bazel-out/k8-fastbuild/bin/tests/core/nogo/generics/generics_test_/generics_test.runfiles; 1583s local ... (20 actions, 19 running)
[9,426 / 9,715] Creating runfiles tree bazel-out/k8-fastbuild/bin/tests/core/nogo/generics/generics_test_/generics_test.runfiles; 1584s local ... (20 actions, 19 running)
[9,453 / 9,715] Creating runfiles tree bazel-out/k8-fastbuild/bin/tests/core/nogo/generics/generics_test_/generics_test.runfiles; 1585s local ... (20 actions, 19 running)
[9,461 / 9,715] Creating runfiles tree bazel-out/k8-fastbuild/bin/tests/core/nogo/generics/generics_test_/generics_test.runfiles; 1586s local ... (20 actions, 19 running)
[9,471 / 9,715] Creating runfiles tree bazel-out/k8-fastbuild/bin/tests/core/nogo/generics/generics_test_/generics_test.runfiles; 1588s local ... (20 actions, 19 running)
[9,474 / 9,715] Creating runfiles tree bazel-out/k8-fastbuild/bin/tests/core/nogo/generics/generics_test_/generics_test.runfiles; 1589s local ... (20 actions running)
[9,477 / 9,715] Creating runfiles tree bazel-out/k8-fastbuild/bin/tests/core/nogo/generics/generics_test_/generics_test.runfiles; 1590s local ... (20 actions, 19 running)
[9,483 / 9,715] Creating runfiles tree bazel-out/k8-fastbuild/bin/tests/core/nogo/generics/generics_test_/generics_test.runfiles; 1591s local ... (20 actions, 18 running)
[9,500 / 9,715] Creating runfiles tree bazel-out/k8-fastbuild/bin/tests/core/nogo/generics/generics_test_/generics_test.runfiles; 1593s local ... (19 actions running)
[9,504 / 9,715] Creating runfiles tree bazel-out/k8-fastbuild/bin/tests/core/nogo/generics/generics_test_/generics_test.runfiles; 1594s local ... (20 actions, 19 running)
[9,514 / 9,715] Creating runfiles tree bazel-out/k8-fastbuild/bin/tests/core/nogo/generics/generics_test_/generics_test.runfiles; 1595s local ... (20 actions, 18 running)
[9,516 / 9,715] Creating runfiles tree bazel-out/k8-fastbuild/bin/tests/core/nogo/generics/generics_test_/generics_test.runfiles; 1596s local ... (20 actions, 19 running)
[9,521 / 9,715] Creating runfiles tree bazel-out/k8-fastbuild/bin/tests/core/nogo/generics/generics_test_/generics_test.runfiles; 1598s local ... (20 actions, 18 running)
[9,532 / 9,715] Creating runfiles tree bazel-out/k8-fastbuild/bin/tests/core/nogo/generics/generics_test_/generics_test.runfiles; 1599s local ... (20 actions, 18 running)
[9,536 / 9,715] Creating runfiles tree bazel-out/k8-fastbuild/bin/tests/core/nogo/generics/generics_test_/generics_test.runfiles; 1600s local ... (20 actions, 19 running)
[9,543 / 9,715] Creating runfiles tree bazel-out/k8-fastbuild/bin/tests/core/nogo/generics/generics_test_/generics_test.runfiles; 1601s local ... (20 actions, 19 running)
[9,544 / 9,715] Creating runfiles tree bazel-out/k8-fastbuild/bin/tests/core/nogo/generics/generics_test_/generics_test.runfiles; 1603s local ... (20 actions running)
[9,547 / 9,715] Creating runfiles tree bazel-out/k8-fastbuild/bin/tests/core/nogo/generics/generics_test_/generics_test.runfiles; 1604s local ... (20 actions, 19 running)
[9,553 / 9,715] Creating runfiles tree bazel-out/k8-fastbuild/bin/tests/core/nogo/generics/generics_test_/generics_test.runfiles; 1605s local ... (20 actions, 19 running)
[9,554 / 9,715] Creating runfiles tree bazel-out/k8-fastbuild/bin/tests/core/nogo/generics/generics_test_/generics_test.runfiles; 1606s local ... (20 actions, 19 running)
[9,555 / 9,715] Creating runfiles tree bazel-out/k8-fastbuild/bin/tests/core/nogo/generics/generics_test_/generics_test.runfiles; 1608s local ... (20 actions running)
[9,559 / 9,715] Creating runfiles tree bazel-out/k8-fastbuild/bin/tests/core/nogo/generics/generics_test_/generics_test.runfiles; 1610s local ... (20 actions, 19 running)
[9,566 / 9,715] Creating runfiles tree bazel-out/k8-fastbuild/bin/tests/core/nogo/generics/generics_test_/generics_test.runfiles; 1611s local ... (20 actions, 19 running)
[9,566 / 9,715] Creating runfiles tree bazel-out/k8-fastbuild/bin/tests/core/nogo/generics/generics_test_/generics_test.runfiles; 1612s local ... (20 actions running)
[9,570 / 9,715] Creating runfiles tree bazel-out/k8-fastbuild/bin/tests/core/nogo/generics/generics_test_/generics_test.runfiles; 1613s local ... (20 actions, 19 running)
[9,573 / 9,715] Creating runfiles tree bazel-out/k8-fastbuild/bin/tests/core/nogo/generics/generics_test_/generics_test.runfiles; 1615s local ... (20 actions running)
[9,576 / 9,715] Creating runfiles tree bazel-out/k8-fastbuild/bin/tests/core/nogo/generics/generics_test_/generics_test.runfiles; 1616s local ... (20 actions, 19 running)
[9,580 / 9,715] Creating runfiles tree bazel-out/k8-fastbuild/bin/tests/core/nogo/generics/generics_test_/generics_test.runfiles; 1618s local ... (20 actions running)
[9,582 / 9,715] Creating runfiles tree bazel-out/k8-fastbuild/bin/tests/core/nogo/generics/generics_test_/generics_test.runfiles; 1620s local ... (20 actions, 19 running)
[9,590 / 9,715] Creating runfiles tree bazel-out/k8-fastbuild/bin/tests/core/nogo/generics/generics_test_/generics_test.runfiles; 1621s local ... (20 actions, 19 running)
[9,593 / 9,715] Creating runfiles tree bazel-out/k8-fastbuild/bin/tests/core/nogo/generics/generics_test_/generics_test.runfiles; 1622s local ... (20 actions, 19 running)
[9,598 / 9,715] Creating runfiles tree bazel-out/k8-fastbuild/bin/tests/core/nogo/generics/generics_test_/generics_test.runfiles; 1623s local ... (20 actions, 19 running)
[9,602 / 9,715] Creating runfiles tree bazel-out/k8-fastbuild/bin/tests/core/nogo/generics/generics_test_/generics_test.runfiles; 1625s local ... (20 actions running)
[9,606 / 9,715] Creating runfiles tree bazel-out/k8-fastbuild/bin/tests/core/nogo/generics/generics_test_/generics_test.runfiles; 1627s local ... (20 actions running)
[9,607 / 9,715] Creating runfiles tree bazel-out/k8-fastbuild/bin/tests/core/nogo/generics/generics_test_/generics_test.runfiles; 1628s local ... (20 actions running)
[9,608 / 9,715] Creating runfiles tree bazel-out/k8-fastbuild/bin/tests/core/nogo/generics/generics_test_/generics_test.runfiles; 1629s local ... (20 actions, 19 running)
[9,611 / 9,715] Creating runfiles tree bazel-out/k8-fastbuild/bin/tests/core/nogo/generics/generics_test_/generics_test.runfiles; 1631s local ... (20 actions, 19 running)
[9,612 / 9,715] Creating runfiles tree bazel-out/k8-fastbuild/bin/tests/core/nogo/generics/generics_test_/generics_test.runfiles; 1632s local ... (20 actions, 19 running)
[9,613 / 9,715] Creating runfiles tree bazel-out/k8-fastbuild/bin/tests/core/nogo/generics/generics_test_/generics_test.runfiles; 1633s local ... (20 actions, 19 running)
[9,618 / 9,715] Creating runfiles tree bazel-out/k8-fastbuild/bin/tests/core/nogo/generics/generics_test_/generics_test.runfiles; 1634s local ... (20 actions, 19 running)
[9,623 / 9,715] Creating runfiles tree bazel-out/k8-fastbuild/bin/tests/core/nogo/generics/generics_test_/generics_test.runfiles; 1635s local ... (19 actions, 18 running)
[9,625 / 9,715] Creating runfiles tree bazel-out/k8-fastbuild/bin/tests/core/nogo/generics/generics_test_/generics_test.runfiles; 1636s local ... (20 actions, 19 running)
[9,633 / 9,715] Creating runfiles tree bazel-out/k8-fastbuild/bin/tests/core/nogo/generics/generics_test_/generics_test.runfiles; 1638s local ... (20 actions, 19 running)
[9,651 / 9,715] Creating runfiles tree bazel-out/k8-fastbuild/bin/tests/core/nogo/generics/generics_test_/generics_test.runfiles; 1639s local ... (20 actions, 19 running)
[9,660 / 9,715] Creating runfiles tree bazel-out/k8-fastbuild/bin/tests/core/nogo/generics/generics_test_/generics_test.runfiles; 1640s local ... (20 actions, 19 running)
[9,664 / 9,715] Creating runfiles tree bazel-out/k8-fastbuild/bin/tests/core/nogo/generics/generics_test_/generics_test.runfiles; 1641s local ... (20 actions, 19 running)
[9,666 / 9,715] Creating runfiles tree bazel-out/k8-fastbuild/bin/tests/core/nogo/generics/generics_test_/generics_test.runfiles; 1642s local ... (20 actions, 18 running)
[9,669 / 9,715] Creating runfiles tree bazel-out/k8-fastbuild/bin/tests/core/nogo/generics/generics_test_/generics_test.runfiles; 1644s local ... (20 actions, 19 running)
[9,679 / 9,715] Creating runfiles tree bazel-out/k8-fastbuild/bin/tests/core/nogo/generics/generics_test_/generics_test.runfiles; 1645s local ... (19 actions, 18 running)
[9,682 / 9,715] Creating runfiles tree bazel-out/k8-fastbuild/bin/tests/core/nogo/generics/generics_test_/generics_test.runfiles; 1646s local ... (19 actions running)
[9,683 / 9,715] Creating runfiles tree bazel-out/k8-fastbuild/bin/tests/core/nogo/generics/generics_test_/generics_test.runfiles; 1647s local ... (19 actions, 18 running)
[9,685 / 9,715] Creating runfiles tree bazel-out/k8-fastbuild/bin/tests/core/nogo/generics/generics_test_/generics_test.runfiles; 1649s local ... (17 actions running)
[9,686 / 9,715] Creating runfiles tree bazel-out/k8-fastbuild/bin/tests/core/nogo/generics/generics_test_/generics_test.runfiles; 1655s local ... (18 actions, 16 running)
[9,686 / 9,715] Creating runfiles tree bazel-out/k8-fastbuild/bin/tests/core/nogo/generics/generics_test_/generics_test.runfiles; 1656s local ... (19 actions running)
[9,687 / 9,715] Creating runfiles tree bazel-out/k8-fastbuild/bin/tests/core/nogo/generics/generics_test_/generics_test.runfiles; 1659s local ... (19 actions, 18 running)
[9,691 / 9,715] Creating runfiles tree bazel-out/k8-fastbuild/bin/tests/core/nogo/generics/generics_test_/generics_test.runfiles; 1661s local ... (18 actions running)
[9,691 / 9,715] Creating runfiles tree bazel-out/k8-fastbuild/bin/tests/core/nogo/generics/generics_test_/generics_test.runfiles; 1671s local ... (18 actions running)
[9,693 / 9,715] Creating runfiles tree bazel-out/k8-fastbuild/bin/tests/core/nogo/generics/generics_test_/generics_test.runfiles; 1673s local ... (16 actions running)
[9,693 / 9,715] Creating runfiles tree bazel-out/k8-fastbuild/bin/tests/core/nogo/generics/generics_test_/generics_test.runfiles; 1684s local ... (16 actions running)
[9,693 / 9,715] Creating runfiles tree bazel-out/k8-fastbuild/bin/tests/core/nogo/generics/generics_test_/generics_test.runfiles; 1714s local ... (16 actions running)
[9,693 / 9,715] Creating runfiles tree bazel-out/k8-fastbuild/bin/tests/core/nogo/generics/generics_test_/generics_test.runfiles; 1774s local ... (16 actions running)
[9,693 / 9,715] Creating runfiles tree bazel-out/k8-fastbuild/bin/tests/core/nogo/generics/generics_test_/generics_test.runfiles; 1834s local ... (16 actions running)
[9,694 / 9,715] Creating runfiles tree bazel-out/k8-fastbuild/bin/tests/core/nogo/generics/generics_test_/generics_test.runfiles; 1859s local ... (15 actions running)
[9,694 / 9,715] Creating runfiles tree bazel-out/k8-fastbuild/bin/tests/core/nogo/generics/generics_test_/generics_test.runfiles; 1871s local ... (15 actions running)
[9,695 / 9,715] Creating runfiles tree bazel-out/k8-fastbuild/bin/tests/core/nogo/generics/generics_test_/generics_test.runfiles; 1896s local ... (16 actions, 14 running)
[9,697 / 9,715] Creating runfiles tree bazel-out/k8-fastbuild/bin/tests/core/nogo/generics/generics_test_/generics_test.runfiles; 1897s local ... (15 actions, 14 running)
[9,697 / 9,715] Creating runfiles tree bazel-out/k8-fastbuild/bin/tests/core/nogo/generics/generics_test_/generics_test.runfiles; 1907s local ... (15 actions, 14 running)
[9,697 / 9,715] Creating runfiles tree bazel-out/k8-fastbuild/bin/tests/core/nogo/generics/generics_test_/generics_test.runfiles; 1913s local ... (15 actions, 14 running)
[9,697 / 9,715] Creating runfiles tree bazel-out/k8-fastbuild/bin/tests/core/nogo/generics/generics_test_/generics_test.runfiles; 1914s local ... (15 actions running)
[9,697 / 9,715] Creating runfiles tree bazel-out/k8-fastbuild/bin/tests/core/nogo/generics/generics_test_/generics_test.runfiles; 1937s local ... (15 actions running)
[9,698 / 9,715] Creating runfiles tree bazel-out/k8-fastbuild/bin/tests/core/nogo/generics/generics_test_/generics_test.runfiles; 1965s local ... (14 actions running)
[9,698 / 9,715] Creating runfiles tree bazel-out/k8-fastbuild/bin/tests/core/nogo/generics/generics_test_/generics_test.runfiles; 1976s local ... (14 actions running)
[9,698 / 9,715] Creating runfiles tree bazel-out/k8-fastbuild/bin/tests/core/nogo/generics/generics_test_/generics_test.runfiles; 2006s local ... (14 actions running)
[9,699 / 9,715] Creating runfiles tree bazel-out/k8-fastbuild/bin/tests/core/transition/hermeticity_test_/hermeticity_test.runfiles; 1907s local ... (13 actions running)
[9,699 / 9,715] Creating runfiles tree bazel-out/k8-fastbuild/bin/tests/core/transition/hermeticity_test_/hermeticity_test.runfiles; 1918s local ... (13 actions running)
[9,700 / 9,715] Creating runfiles tree bazel-out/k8-fastbuild/bin/tests/core/transition/hermeticity_test_/hermeticity_test.runfiles; 1945s local ... (12 actions running)
[9,701 / 9,715] Creating runfiles tree bazel-out/k8-fastbuild/bin/tests/core/nogo/config/config_test_/config_test.runfiles; 1479s local ... (11 actions running)
[9,701 / 9,715] Creating runfiles tree bazel-out/k8-fastbuild/bin/tests/core/nogo/config/config_test_/config_test.runfiles; 1490s local ... (11 actions running)
[9,701 / 9,715] Creating runfiles tree bazel-out/k8-fastbuild/bin/tests/core/nogo/config/config_test_/config_test.runfiles; 1520s local ... (11 actions running)
[9,701 / 9,715] Creating runfiles tree bazel-out/k8-fastbuild/bin/tests/core/nogo/config/config_test_/config_test.runfiles; 1580s local ... (11 actions running)
[9,702 / 9,715] Creating runfiles tree bazel-out/k8-fastbuild/bin/tests/core/nogo/config/config_test_/config_test.runfiles; 1582s local ... (10 actions running)
[9,703 / 9,715] Creating runfiles tree bazel-out/k8-fastbuild/bin/tests/core/nogo/config/config_test_/config_test.runfiles; 1585s local ... (9 actions running)
[9,703 / 9,715] Creating runfiles tree bazel-out/k8-fastbuild/bin/tests/core/nogo/config/config_test_/config_test.runfiles; 1596s local ... (9 actions running)
[9,704 / 9,715] Creating runfiles tree bazel-out/k8-fastbuild/bin/tests/core/nogo/config/config_test_/config_test.runfiles; 1614s local ... (8 actions running)
[9,704 / 9,715] Creating runfiles tree bazel-out/k8-fastbuild/bin/tests/core/nogo/config/config_test_/config_test.runfiles; 1625s local ... (8 actions running)
[9,704 / 9,715] Creating runfiles tree bazel-out/k8-fastbuild/bin/tests/core/nogo/config/config_test_/config_test.runfiles; 1655s local ... (8 actions running)
[9,704 / 9,715] Creating runfiles tree bazel-out/k8-fastbuild/bin/tests/core/nogo/config/config_test_/config_test.runfiles; 1715s local ... (8 actions running)
[9,705 / 9,715] Creating runfiles tree bazel-out/k8-fastbuild/bin/tests/core/nogo/config/config_test_/config_test.runfiles; 1717s local ... (8 actions, 7 running)
[9,706 / 9,715] Creating runfiles tree bazel-out/k8-fastbuild/bin/tests/core/nogo/config/config_test_/config_test.runfiles; 1718s local ... (7 actions running)
[9,707 / 9,715] Creating runfiles tree bazel-out/k8-fastbuild/bin/tests/core/nogo/config/config_test_/config_test.runfiles; 1720s local ... (7 actions, 6 running)
[9,709 / 9,715] Creating runfiles tree bazel-out/k8-fastbuild/bin/tests/core/nogo/config/config_test_/config_test.runfiles; 1721s local ... (6 actions running)
[9,709 / 9,715] Creating runfiles tree bazel-out/k8-fastbuild/bin/tests/core/nogo/config/config_test_/config_test.runfiles; 1731s local ... (6 actions running)
[9,710 / 9,715] Creating runfiles tree bazel-out/k8-fastbuild/bin/tests/core/nogo/config/config_test_/config_test.runfiles; 1741s local ... (5 actions running)
[9,710 / 9,715] Creating runfiles tree bazel-out/k8-fastbuild/bin/tests/core/nogo/config/config_test_/config_test.runfiles; 1752s local ... (5 actions running)
[9,711 / 9,715] Creating runfiles tree bazel-out/k8-fastbuild/bin/tests/core/nogo/config/config_test_/config_test.runfiles; 1768s local ... (4 actions running)
[9,712 / 9,715] Creating runfiles tree bazel-out/k8-fastbuild/bin/tests/core/coverage/issue3017_test_/issue3017_test.runfiles; 1466s local ... (3 actions running)
[9,712 / 9,715] Creating runfiles tree bazel-out/k8-fastbuild/bin/tests/core/coverage/issue3017_test_/issue3017_test.runfiles; 1477s local ... (3 actions running)
[9,713 / 9,715] Creating runfiles tree bazel-out/k8-fastbuild/bin/tests/core/coverage/issue3017_test_/issue3017_test.runfiles; 1481s local ... (2 actions running)
[9,713 / 9,715] Creating runfiles tree bazel-out/k8-fastbuild/bin/tests/core/coverage/issue3017_test_/issue3017_test.runfiles; 1492s local ... (2 actions running)
[9,714 / 9,715] Creating runfiles tree bazel-out/k8-fastbuild/bin/tests/core/boringcrypto/boringcrypto_test_/boringcrypto_test.runfiles; 1019s local
INFO: Found 1239 targets...
INFO: Elapsed time: 7468.503s, Critical Path: 3166.24s
INFO: 9657 processes: 3721 internal, 5602 linux-sandbox, 325 local, 9 worker.
INFO: Build completed successfully, 9657 total actions
